x_0,y_0,z_0,x_1,y_1,z_1,x_2,y_2,z_2,x_3,y_3,z_3,x_4,y_4,z_4,x_5,y_5,z_5,x_6,y_6,z_6,x_7,y_7,z_7,x_8,y_8,z_8,x_9,y_9,z_9,x_10,y_10,z_10,x_11,y_11,z_11,x_12,y_12,z_12,x_13,y_13,z_13,x_14,y_14,z_14,x_15,y_15,z_15,x_16,y_16,z_16,x_17,y_17,z_17,x_18,y_18,z_18,x_19,y_19,z_19,x_20,y_20,z_20,label
0,0,0,-0.223694176,-0.175945214,-0.061732722,-0.370490702,-0.449965333,-0.10071107,-0.440466102,-0.6625873,-0.145722635,-0.50221207,-0.846584203,-0.176290169,-0.207887802,-0.752429652,-0.000878191,-0.330361932,-0.821967143,-0.111292744,-0.321184942,-0.60443829,-0.173987297,-0.274514131,-0.490597037,-0.20038971,-0.088354141,-0.747805524,-0.015835445,-0.22010027,-0.783139582,-0.124085764,-0.211840922,-0.542000147,-0.143628322,-0.163477056,-0.459421587,-0.134829821,0.033944486,-0.707888992,-0.05168262,-0.097000925,-0.731404734,-0.148567517,-0.101428384,-0.503066484,-0.11776925,-0.056450018,-0.429687471,-0.075497448,0.158006078,-0.632434067,-0.096928382,0.041957507,-0.674858789,-0.142081072,0.017331898,-0.521187704,-0.110872083,0.051307794,-0.464127123,-0.07394695,fist
0,0,0,-0.241489107,-0.193636528,-0.028785434,-0.36868125,-0.460847005,-0.047195469,-0.421967863,-0.68884764,-0.080191192,-0.47077723,-0.876412536,-0.101340352,-0.238961393,-0.682771051,0.042651555,-0.325338342,-0.787697636,-0.062578762,-0.296599999,-0.576291061,-0.12140871,-0.244704634,-0.461842771,-0.145377101,-0.114157315,-0.694528612,0.015148987,-0.213841088,-0.796936311,-0.100597135,-0.190641964,-0.538445032,-0.123395404,-0.140600113,-0.44146298,-0.111948052,0.01921073,-0.684078775,-0.030974957,-0.095309608,-0.780321608,-0.141226286,-0.0823472,-0.52398918,-0.109574128,-0.034603814,-0.426951581,-0.060854129,0.152289701,-0.641108735,-0.082564989,0.027346281,-0.695765035,-0.145581276,0.021645684,-0.524542066,-0.120537916,0.072320346,-0.456526995,-0.084369144,fist
       ,0,0,-0.24129726,-0.193079553,-0.004047535,-0.363858294,-0.478901623,-0.00803822,-0.400050353,-0.708351566,-0.032672883,-0.440417601,-0.896463679,-0.048838601,-0.239515205,-0.707372761,0.06962222,-0.329642683,-0.830248613,-0.035481974,-0.306784779,-0.604485808,-0.096987496,-0.262067067,-0.469109408,-0.118362559,-0.117021132,-0.711959115,0.031131749,-0.217028776,-0.818269318,-0.076088026,-0.192554415,-0.557264184,-0.098960059,-0.13944858,-0.439296721,-0.085779913,0.017779476,-0.692761044,-0.025063755,-0.097140549,-0.790241809,-0.128360297,-0.082223658,-0.523806478,-0.092385651,-0.032267055,-0.401317332,-0.038803454,0.160981113,-0.63922902,-0.084163585,0.03108265,-0.711528207,-0.138581415,0.018042114,-0.519894449,-0.101329452,0.062307547,-0.42834973,-0.055356106,fist
0,0,0,-0.231679483,-0.185596515,-0.017315542,-0.361255773,-0.454851256,-0.03652774,-0.399366106,-0.694236928,-0.074801033,-0.429246643,-0.897239507,-0.103482302,-0.246559973,-0.675905663,0.042963064,-0.322778873,-0.833707654,-0.069164653,-0.313078789,-0.617846367,-0.132941516,-0.268950291,-0.464226865,-0.155911071,-0.118794762,-0.683865029,0.007732723,-0.201880741,-0.82981659,-0.111743088,-0.192763991,-0.574231084,-0.141101584,-0.145121285,-0.439326493,-0.131251189,0.021614952,-0.668977576,-0.044605601,-0.071224808,-0.798038711,-0.154351853,-0.069606107,-0.538260046,-0.121746384,-0.026863434,-0.411910558,-0.071114918,0.167569631,-0.616013567,-0.100799608,0.060465452,-0.709689285,-0.1574481,0.042521437,-0.523242332,-0.122568059,0.084923907,-0.432651306,-0.079647516,fist
0,0,0,-0.222064554,-0.190462003,-0.045326395,-0.361160496,-0.45535145,-0.076723707,-0.405752614,-0.702218091,-0.122025961,-0.398463249,-0.904341794,-0.152947569,-0.220632987,-0.688684024,0.035098731,-0.292795466,-0.837274932,-0.083640904,-0.279566017,-0.616201768,-0.154611716,-0.237935362,-0.47523477,-0.185055556,-0.097719347,-0.695970803,0.012400384,-0.173119222,-0.856811428,-0.117679575,-0.166917972,-0.585973972,-0.150722206,-0.128836534,-0.458508231,-0.14120738,0.032912409,-0.682889978,-0.031753596,-0.050800376,-0.829495095,-0.149023842,-0.060229069,-0.559044804,-0.119968272,-0.026284701,-0.443420987,-0.069749519,0.164557459,-0.626547684,-0.083541305,0.06405625,-0.709403232,-0.14710868,0.039581112,-0.526284982,-0.123153778,0.077757311,-0.442751438,-0.087488501,fist
0,0,0,-0.221270426,-0.18909605,-0.050938719,-0.35929894,-0.450808118,-0.083518879,-0.41008452,-0.697511314,-0.127614802,-0.419150569,-0.894662517,-0.154569665,-0.223773945,-0.69041254,0.021731917,-0.307256393,-0.829326739,-0.100531151,-0.283190182,-0.598005562,-0.1677044,-0.23005059,-0.485087784,-0.19598039,-0.102128066,-0.694894239,0.00123554,-0.18520256,-0.853327692,-0.137588148,-0.170862119,-0.572709071,-0.166786577,-0.125622146,-0.470085265,-0.15233317,0.027074999,-0.682521696,-0.040773643,-0.064318299,-0.831533797,-0.166321567,-0.067841131,-0.550893762,-0.133014267,-0.026740686,-0.451254873,-0.077339549,0.155902756,-0.633520452,-0.090453247,0.047999024,-0.708002927,-0.158688088,0.034385952,-0.525264594,-0.134204624,0.083676913,-0.456888365,-0.096127971,fist
0,0,0,-0.226846752,-0.196047277,-0.060776253,-0.369577324,-0.44565049,-0.105121993,-0.421896495,-0.683990307,-0.160684282,-0.416776917,-0.88718476,-0.197990411,-0.213922995,-0.73500368,0.017053438,-0.293443233,-0.85406663,-0.114004346,-0.281729965,-0.620192897,-0.186281644,-0.23636765,-0.493858008,-0.215063119,-0.091270803,-0.729510709,-0.001414204,-0.183023511,-0.852577495,-0.148925477,-0.176295892,-0.568668364,-0.183411125,-0.126808455,-0.462416389,-0.170037231,0.039659697,-0.70688543,-0.043137488,-0.06072972,-0.819276822,-0.178161109,-0.065579091,-0.538785178,-0.149327711,-0.016482156,-0.441449352,-0.093171628,0.170740838,-0.646064769,-0.092977394,0.061299721,-0.716811854,-0.16282314,0.041355865,-0.522350743,-0.135858508,0.091967286,-0.446100825,-0.093763122,fist
0,0,0,-0.242549508,-0.134442381,-0.071175374,-0.416378005,-0.382010923,-0.113197219,-0.491150088,-0.641287788,-0.160679847,-0.49093555,-0.850554759,-0.188517604,-0.289756807,-0.659295268,-0.015541575,-0.380373224,-0.794259852,-0.13602707,-0.338566721,-0.55923278,-0.184706612,-0.276296649,-0.449478696,-0.199244773,-0.152194466,-0.672356412,-0.027322471,-0.248977457,-0.81532054,-0.166901132,-0.205243013,-0.525224093,-0.179933546,-0.144549798,-0.429209613,-0.154399428,-0.010527474,-0.668468692,-0.060572833,-0.108120245,-0.798776702,-0.199579118,-0.089371788,-0.495637491,-0.153525184,-0.043576478,-0.392591075,-0.085938092,0.134180084,-0.626346633,-0.101132747,0.022718372,-0.717699961,-0.182834937,0.014685485,-0.505662576,-0.150903633,0.057170825,-0.426619166,-0.104608941,fist
0,0,0,-0.252335032,-0.103372961,-0.063691488,-0.444614251,-0.34806251,-0.097725432,-0.520418506,-0.613650097,-0.137325705,-0.526612898,-0.835253682,-0.158209175,-0.322285889,-0.637160849,-0.004429194,-0.404863512,-0.777925019,-0.120813889,-0.358303291,-0.548904065,-0.170978581,-0.298900517,-0.431797183,-0.187794376,-0.184802812,-0.666190654,-0.019581553,-0.280265681,-0.815876679,-0.153274171,-0.229391102,-0.531966994,-0.169890902,-0.165818049,-0.430473237,-0.148891878,-0.043820431,-0.670318656,-0.05524065,-0.141856263,-0.818389463,-0.189691914,-0.11395934,-0.517902191,-0.144478708,-0.063612596,-0.410755448,-0.079680279,0.105462689,-0.633240325,-0.09726459,-0.003828974,-0.727708398,-0.180989638,-0.006407132,-0.512002256,-0.1495154,0.035557988,-0.433715722,-0.10417311,fist
0,0,0,-0.250976364,-0.114248377,-0.067354043,-0.443810497,-0.351947784,-0.10782827,-0.527220555,-0.612223668,-0.153819189,-0.524783518,-0.831793739,-0.180890671,-0.320421765,-0.641191449,-0.011285037,-0.404275714,-0.779763372,-0.127158937,-0.360607006,-0.554626688,-0.17494039,-0.303072532,-0.430464444,-0.18964765,-0.184867553,-0.672763463,-0.024874601,-0.274343344,-0.818415936,-0.156987021,-0.226528904,-0.536375155,-0.172291655,-0.165017851,-0.434650165,-0.151528153,-0.043171579,-0.677857284,-0.058789035,-0.137572725,-0.818026142,-0.192113657,-0.112513731,-0.51833726,-0.147184383,-0.063319017,-0.409086046,-0.08343615,0.105601649,-0.639466689,-0.099400922,-0.004220458,-0.737738521,-0.181612387,-0.011794188,-0.521131447,-0.149302335,0.027639955,-0.436134238,-0.103967049,fist
0,0,0,-0.253512451,-0.112283173,-0.074383094,-0.455431044,-0.346691004,-0.118941216,-0.536910407,-0.61350856,-0.165597427,-0.521040307,-0.832078387,-0.19016455,-0.327484424,-0.656870685,-0.025210474,-0.414141646,-0.784351876,-0.145023491,-0.365337907,-0.547253846,-0.193317202,-0.301598349,-0.437290036,-0.20973216,-0.190270902,-0.685583955,-0.035653026,-0.286020954,-0.829126854,-0.175660698,-0.231483968,-0.533780236,-0.189483129,-0.164134871,-0.43775128,-0.166604202,-0.047756809,-0.692409232,-0.066683867,-0.148450223,-0.837444257,-0.204286101,-0.119707555,-0.526830171,-0.15651205,-0.064852098,-0.419239541,-0.090881915,0.101194225,-0.656150112,-0.105223435,-0.016789683,-0.746222809,-0.191908534,-0.020069026,-0.522825621,-0.162395782,0.027511255,-0.440766244,-0.118447288,fist
0,0,0,-0.252496879,-0.122573264,-0.075475248,-0.450521867,-0.355789002,-0.121364043,-0.535653801,-0.619076331,-0.168885736,-0.515410926,-0.834521751,-0.194743482,-0.320628665,-0.670229913,-0.024440532,-0.407596908,-0.795777891,-0.136829358,-0.356465548,-0.566695317,-0.179842056,-0.295128044,-0.443118017,-0.192470767,-0.181825559,-0.699758636,-0.032547198,-0.276130364,-0.837055826,-0.162876018,-0.222894958,-0.549049692,-0.176139077,-0.159662946,-0.446330297,-0.154947928,-0.037953543,-0.704418356,-0.060479607,-0.135204654,-0.845026528,-0.190046662,-0.110621323,-0.541663952,-0.144772361,-0.062514271,-0.426658628,-0.082722852,0.11214604,-0.662479911,-0.095993627,0.000422461,-0.762925814,-0.178787735,-0.009201383,-0.541071179,-0.149398168,0.03051458,-0.450719135,-0.10618434,fist
0,0,0,-0.260942146,-0.119146145,-0.08541256,-0.466851035,-0.346685551,-0.137803485,-0.557139333,-0.61130571,-0.190204292,-0.521906823,-0.824340314,-0.219263117,-0.327186339,-0.675189274,-0.03309189,-0.41315868,-0.803277187,-0.153354943,-0.365223847,-0.562726554,-0.200407911,-0.305826647,-0.446020194,-0.216207919,-0.186392506,-0.708560493,-0.039200969,-0.281909722,-0.859644929,-0.181818806,-0.231025257,-0.557673648,-0.197900393,-0.170244562,-0.454294085,-0.175477711,-0.041797782,-0.715327693,-0.066097607,-0.144273444,-0.857577902,-0.205654618,-0.118769155,-0.543787925,-0.158356141,-0.069299214,-0.43385737,-0.092366995,0.107687374,-0.674612365,-0.101239091,-0.009643564,-0.759460612,-0.187923877,-0.014810356,-0.532845347,-0.157596819,0.028677251,-0.451370122,-0.112846462,fist
0,0,0,-0.257263021,-0.119933859,-0.082656895,-0.460988922,-0.350824278,-0.1336096,-0.550338848,-0.610959846,-0.185071941,-0.520905466,-0.826258699,-0.214368977,-0.330299555,-0.668041094,-0.03619403,-0.419160977,-0.794204136,-0.154011421,-0.367780792,-0.558003845,-0.197107002,-0.305943003,-0.433334878,-0.209016133,-0.185575264,-0.700319446,-0.0427703,-0.281205854,-0.845378786,-0.179419728,-0.229525152,-0.54880551,-0.191615199,-0.166180895,-0.441408403,-0.168211044,-0.037444092,-0.706781176,-0.069664861,-0.136670715,-0.845072514,-0.206349122,-0.111950655,-0.533367045,-0.159207668,-0.063243202,-0.416137448,-0.094033025,0.115078629,-0.666358256,-0.104489861,0.000144273,-0.758662152,-0.191337316,-0.008321537,-0.533012823,-0.161699652,0.03237171,-0.444814331,-0.117667123,fist
0,0,0,-0.264540412,-0.113760669,-0.075396334,-0.467004904,-0.346451822,-0.118713845,-0.553718937,-0.606423441,-0.163343817,-0.534124577,-0.824777487,-0.185615284,-0.329070739,-0.659520763,-0.021795605,-0.427299704,-0.786148198,-0.139456264,-0.375800285,-0.545580274,-0.189295913,-0.312308753,-0.430394076,-0.20747201,-0.184256612,-0.691852715,-0.031392655,-0.28993535,-0.841809381,-0.165424126,-0.235794043,-0.544636794,-0.180611868,-0.169735249,-0.443983914,-0.161038428,-0.036806468,-0.699399841,-0.061400103,-0.14328387,-0.848860644,-0.194025949,-0.117530868,-0.538367303,-0.14604238,-0.06567181,-0.424676643,-0.082029222,0.116894055,-0.662917793,-0.099214236,-0.000618917,-0.758599505,-0.182564775,-0.008281223,-0.537570857,-0.150820029,0.032664317,-0.453839489,-0.106224596,fist
0,0,0,-0.259637074,-0.119153512,-0.066188566,-0.457649865,-0.359907457,-0.105666823,-0.541232084,-0.617947726,-0.148884069,-0.527153583,-0.832245752,-0.171686077,-0.326843107,-0.659614057,-0.018546049,-0.422158635,-0.792370499,-0.131589202,-0.372474412,-0.55329579,-0.179120376,-0.309910405,-0.432761024,-0.195741009,-0.186403164,-0.689768427,-0.032485774,-0.284605554,-0.839370544,-0.157571946,-0.231973529,-0.549362135,-0.168906496,-0.167769875,-0.445481035,-0.14887723,-0.04084223,-0.695636601,-0.06586212,-0.13881394,-0.84363852,-0.190767649,-0.114218875,-0.536722576,-0.14249454,-0.064315565,-0.420946344,-0.08043288,0.113424113,-0.656537234,-0.106580575,0.001402958,-0.76199174,-0.184678885,-0.008334256,-0.544113679,-0.151699953,0.030242669,-0.456234712,-0.107943881,fist
0,0,0,-0.262698882,-0.134772531,-0.065814424,-0.453637703,-0.363365172,-0.10588616,-0.539830582,-0.615850325,-0.150626474,-0.530002735,-0.829843061,-0.174521044,-0.313395361,-0.671975248,-0.007947884,-0.4229001,-0.79785435,-0.121609202,-0.37026278,-0.563197845,-0.17385342,-0.301587417,-0.443360095,-0.192973346,-0.178240606,-0.698966844,-0.020803271,-0.284609362,-0.848154395,-0.152124852,-0.231833414,-0.556608379,-0.173667637,-0.167605398,-0.446152232,-0.158531455,-0.037039293,-0.703979788,-0.052659465,-0.140379529,-0.851359921,-0.178244275,-0.115429624,-0.545027286,-0.135017051,-0.064923377,-0.41787699,-0.074896159,0.112458722,-0.662529484,-0.092090354,-0.002859253,-0.770472018,-0.168505107,-0.009441754,-0.558587245,-0.137423236,0.032888093,-0.467530709,-0.093904411,fist
0,0,0,-0.257824387,-0.122691125,-0.062558718,-0.454611145,-0.362745456,-0.102322877,-0.544673988,-0.618477031,-0.148346338,-0.526245508,-0.832120108,-0.175047967,-0.323191722,-0.661995841,-0.008105495,-0.422133428,-0.799763226,-0.126621554,-0.372960941,-0.562716294,-0.180074686,-0.308917684,-0.434526592,-0.199257125,-0.184027333,-0.690764822,-0.024164584,-0.287321352,-0.850614889,-0.155852328,-0.234310754,-0.560181248,-0.173063923,-0.168387297,-0.447877788,-0.154440105,-0.037926259,-0.697134896,-0.060211139,-0.14479521,-0.851881065,-0.190095719,-0.117963055,-0.542883546,-0.145262487,-0.064503704,-0.42089234,-0.083010142,0.116540396,-0.65935945,-0.103177188,-0.005580149,-0.766768436,-0.184606338,-0.011865532,-0.548379287,-0.153815982,0.033529084,-0.457246615,-0.110019314,fist
0,0,0,-0.257771173,-0.131419167,-0.064064439,-0.447235583,-0.364504294,-0.104440064,-0.536101939,-0.616178227,-0.150551899,-0.525895226,-0.831921946,-0.177031315,-0.31456058,-0.66770861,-0.007730119,-0.418110684,-0.800088017,-0.122286647,-0.366820804,-0.569103678,-0.173978689,-0.300903049,-0.441304823,-0.191875019,-0.177477533,-0.693538961,-0.022062747,-0.280977756,-0.853312417,-0.153793624,-0.227492858,-0.564078776,-0.174957382,-0.164013602,-0.445090764,-0.158302015,-0.03332339,-0.699512901,-0.055511674,-0.137140196,-0.850043784,-0.181698263,-0.110471982,-0.543446543,-0.140040019,-0.060541386,-0.41408002,-0.080035786,0.119070259,-0.659952662,-0.096180784,0.001728759,-0.768323148,-0.172229651,-0.003797499,-0.55601284,-0.141620937,0.038905804,-0.463283364,-0.098371459,fist
0,0,0,-0.256792349,-0.123867273,-0.06539914,-0.454438851,-0.359769056,-0.105320994,-0.548316767,-0.613804908,-0.150184213,-0.533616094,-0.827553142,-0.174383661,-0.32458231,-0.66834911,-0.012751541,-0.423126918,-0.800837794,-0.129797936,-0.37454871,-0.559644635,-0.181267489,-0.313569048,-0.442779163,-0.199617812,-0.185976906,-0.695164325,-0.026139645,-0.286865747,-0.850371259,-0.159247719,-0.234422385,-0.556392154,-0.177044176,-0.17139613,-0.450603706,-0.158156579,-0.039983955,-0.702632598,-0.058859798,-0.143962752,-0.847112149,-0.187743438,-0.11773683,-0.535501375,-0.142920227,-0.066630159,-0.417915949,-0.080525045,0.114727209,-0.667311307,-0.098676364,-0.005931778,-0.757963046,-0.176920857,-0.010761456,-0.538830271,-0.146066336,0.034272511,-0.455797924,-0.102284616,fist
0,0,0,-0.256112322,-0.120860503,-0.066174058,-0.454168613,-0.358800534,-0.105611799,-0.544215864,-0.615090515,-0.149866021,-0.53033317,-0.829694212,-0.174224695,-0.325312702,-0.671190058,-0.008821108,-0.425629569,-0.798335662,-0.128259075,-0.37704653,-0.560087248,-0.183270651,-0.31172774,-0.443938477,-0.203934643,-0.186453663,-0.69719753,-0.022394284,-0.287641714,-0.851816614,-0.157423459,-0.236351892,-0.557910177,-0.176758664,-0.171864592,-0.449675832,-0.157978307,-0.040939009,-0.703232545,-0.056044733,-0.143872763,-0.846796144,-0.188256273,-0.119725884,-0.534363874,-0.145163351,-0.068946034,-0.417492822,-0.08258216,0.113787296,-0.666537333,-0.096772376,-0.006226379,-0.758119291,-0.178065315,-0.012886255,-0.535818947,-0.148102299,0.032089707,-0.450799728,-0.103959301,fist
0,0,0,-0.256518847,-0.126476483,-0.060072668,-0.448749332,-0.36804886,-0.096786262,-0.537996402,-0.621551147,-0.139590858,-0.52722881,-0.834017848,-0.162616149,-0.318082172,-0.671337866,-0.006922453,-0.423060191,-0.804268016,-0.123373202,-0.374317246,-0.562561303,-0.175475675,-0.310843597,-0.441941251,-0.19404423,-0.179513565,-0.694265891,-0.022899958,-0.285749233,-0.851719692,-0.153968228,-0.233415273,-0.555331569,-0.171223856,-0.169025482,-0.44513336,-0.152332689,-0.033848919,-0.69953963,-0.05812441,-0.141710304,-0.854932123,-0.186887815,-0.117077915,-0.538915396,-0.141846192,-0.065476525,-0.415478433,-0.079361137,0.120383681,-0.662826383,-0.100086619,-0.00136439,-0.762632199,-0.180563527,-0.009114923,-0.53956882,-0.149822686,0.03506892,-0.449410278,-0.105711162,fist
0,0,0,-0.283266268,-0.068523357,-0.038793716,-0.488395286,-0.253932048,-0.070455231,-0.549767271,-0.469191335,-0.112319882,-0.488916928,-0.591949425,-0.135925495,-0.367645321,-0.657177772,0.010836446,-0.466437821,-0.850264002,-0.116609466,-0.422512126,-0.593554335,-0.188934,-0.359729058,-0.452272538,-0.220796545,-0.21846029,-0.700722056,-0.016006578,-0.323764796,-0.934390055,-0.14863237,-0.274075096,-0.612805601,-0.172337812,-0.216354685,-0.472406458,-0.155487259,-0.070160565,-0.719156903,-0.061285756,-0.175269099,-0.908557505,-0.178857152,-0.146784142,-0.585505447,-0.129109438,-0.09028091,-0.438819291,-0.06467906,0.105893982,-0.692450438,-0.112777367,-0.0243974,-0.806132037,-0.178438937,-0.028126013,-0.578759554,-0.139119701,0.018323833,-0.479822338,-0.090907415,fist
0,0,0,-0.267887377,-0.082755726,-0.015078103,-0.447216184,-0.294367714,-0.029391991,-0.44100728,-0.507279332,-0.058536574,-0.333727727,-0.58036349,-0.075385774,-0.346490664,-0.646785324,0.037998851,-0.429179891,-0.859212646,-0.077598384,-0.383665587,-0.628155623,-0.151446637,-0.324422333,-0.446621205,-0.184765209,-0.197791157,-0.689460051,0.003859727,-0.295303263,-0.947417489,-0.123272403,-0.252727368,-0.647282105,-0.159071909,-0.200045026,-0.462011326,-0.149412582,-0.056660404,-0.699767679,-0.04513804,-0.154750479,-0.890403918,-0.154860988,-0.131664252,-0.592719396,-0.119948531,-0.079365205,-0.42125599,-0.064725526,0.114606233,-0.666927124,-0.098171961,-0.015023572,-0.780669802,-0.160370081,-0.013538312,-0.575228516,-0.127952388,0.031517824,-0.471106793,-0.085441236,fist
0,0,0,-0.260189083,-0.074458346,-0.043037944,-0.439474327,-0.280911693,-0.077936613,-0.435149877,-0.492600939,-0.12749235,-0.335082983,-0.608557239,-0.166305722,-0.344773409,-0.661390328,0.022792224,-0.39843547,-0.895305081,-0.098328,-0.381129418,-0.66602275,-0.177753971,-0.335809935,-0.465325533,-0.212907226,-0.193131978,-0.698239577,-0.002972127,-0.259848839,-0.957179974,-0.127613001,-0.246709583,-0.665504867,-0.166186794,-0.207658759,-0.45654168,-0.159175708,-0.045134803,-0.704402474,-0.048192541,-0.123860977,-0.914377152,-0.161810398,-0.124066708,-0.615581785,-0.135974521,-0.088936134,-0.417301774,-0.08586563,0.123163107,-0.665977423,-0.099836994,0.008652861,-0.809262964,-0.17066943,-0.014361757,-0.589596945,-0.145000328,0.012087279,-0.442661134,-0.10580221,fist
0,0,0,-0.265246956,-0.108995564,-0.090305137,-0.481650281,-0.263126796,-0.161764891,-0.57217274,-0.463953932,-0.237012871,-0.544975694,-0.651777134,-0.291415102,-0.317946548,-0.678352359,-0.044110936,-0.405044086,-0.883143143,-0.177178715,-0.370735461,-0.652197911,-0.255152752,-0.319725133,-0.468305799,-0.289716726,-0.182778629,-0.716682989,-0.046831428,-0.272223703,-0.943175141,-0.190564709,-0.243238199,-0.629603393,-0.240342577,-0.200141508,-0.462757073,-0.248310253,-0.047497183,-0.732419951,-0.069370946,-0.138724026,-0.941148621,-0.188932405,-0.12410267,-0.64824955,-0.167689432,-0.080901227,-0.472601468,-0.129083483,0.104949034,-0.689504381,-0.102291713,-0.001612539,-0.847671385,-0.170463653,-0.00938915,-0.640272708,-0.151122012,0.030493363,-0.512237248,-0.121811069,fist
0,0,0,-0.242898058,-0.116655487,-0.094256708,-0.443437348,-0.402229824,-0.16185457,-0.478823574,-0.683009893,-0.23102164,-0.37618287,-0.788737454,-0.275267726,-0.280132767,-0.75347296,-0.052139305,-0.396826288,-0.900364748,-0.178527918,-0.372851176,-0.625393313,-0.22389801,-0.309671676,-0.547852336,-0.242089437,-0.136728509,-0.766971938,-0.05906792,-0.257262319,-0.914923185,-0.200542086,-0.224136045,-0.579195247,-0.200800847,-0.157193621,-0.526458539,-0.169014002,0.009616611,-0.765290584,-0.090375744,-0.107848386,-0.907642097,-0.230929168,-0.099971648,-0.573151466,-0.185853239,-0.032434719,-0.497224932,-0.123637463,0.162578655,-0.727337998,-0.131097152,0.041739734,-0.842523626,-0.212087864,0.033697051,-0.607838774,-0.185426434,0.097676028,-0.525113577,-0.146148133,fist
0,0,0,-0.223761378,-0.108836645,-0.066068876,-0.407875642,-0.376454884,-0.112826684,-0.405062949,-0.666300084,-0.168709365,-0.262196938,-0.782730082,-0.205218357,-0.332557261,-0.696954634,-0.002185929,-0.424283428,-0.895529503,-0.134203135,-0.383978743,-0.643539924,-0.195731853,-0.314253546,-0.559536688,-0.222666451,-0.190858803,-0.732592156,-0.018465133,-0.284522626,-0.908417586,-0.154040152,-0.246826741,-0.603631802,-0.156737381,-0.185178578,-0.54523898,-0.125223673,-0.04640091,-0.738686799,-0.059932746,-0.13585815,-0.884445332,-0.194015445,-0.122047671,-0.567217275,-0.140629128,-0.06084717,-0.490978156,-0.070697672,0.112323916,-0.706768014,-0.109956964,-0.001436311,-0.79711109,-0.183787183,-0.004245842,-0.572750259,-0.149957864,0.05084351,-0.504635224,-0.105505937,fist
0,0,0,-0.21220656,-0.121785846,-0.067433389,-0.388472311,-0.378697056,-0.115822263,-0.358287543,-0.662968281,-0.170938065,-0.193584779,-0.773940099,-0.204809082,-0.342110167,-0.691870643,-0.002292632,-0.440159928,-0.887307015,-0.137642646,-0.394434414,-0.64364197,-0.202875338,-0.322760308,-0.553868708,-0.230733898,-0.200300033,-0.736507164,-0.016882482,-0.302260872,-0.92494548,-0.149722467,-0.263827268,-0.64402346,-0.154001308,-0.198238338,-0.58312627,-0.124219502,-0.057977943,-0.743874518,-0.057038711,-0.150283018,-0.877757408,-0.185123589,-0.134720553,-0.581851485,-0.133972924,-0.068041945,-0.513184416,-0.066916579,0.102064861,-0.708965852,-0.106496484,-0.01464486,-0.782031035,-0.176760348,-0.015272651,-0.574239965,-0.147428675,0.042993658,-0.516733055,-0.107059727,fist
0,0,0,-0.210690245,-0.125149493,-0.054061938,-0.383703061,-0.403385258,-0.092332899,-0.333899831,-0.696766567,-0.139209747,-0.15283337,-0.792034394,-0.166147012,-0.354185035,-0.674354365,-0.00068754,-0.442892558,-0.887219139,-0.129183522,-0.391470858,-0.63973888,-0.195342025,-0.322131719,-0.54444297,-0.227283767,-0.207308068,-0.723906754,-0.01919179,-0.302383048,-0.927723113,-0.142616759,-0.256504713,-0.647963863,-0.144992537,-0.192844141,-0.576101335,-0.118564733,-0.058712669,-0.737341799,-0.060804539,-0.141057946,-0.9115525,-0.174109135,-0.12912398,-0.619621941,-0.116534791,-0.074019087,-0.529441498,-0.051313156,0.104733286,-0.709527231,-0.111790743,0.001869038,-0.794424096,-0.17778842,-0.005412012,-0.591005722,-0.14905421,0.045281435,-0.521489411,-0.112495396,fist
0,0,0,-0.207361527,-0.139308501,-0.057615602,-0.36813717,-0.416225971,-0.102046082,-0.302539788,-0.688783152,-0.154312952,-0.12227411,-0.763925226,-0.188152111,-0.326284189,-0.689243843,-0.013597443,-0.418576577,-0.897762288,-0.137173331,-0.373636955,-0.642113499,-0.203032876,-0.307986457,-0.531902416,-0.236036893,-0.180526331,-0.734861039,-0.029979813,-0.282063911,-0.934480213,-0.146368956,-0.240620159,-0.651202077,-0.147535586,-0.179836949,-0.56303198,-0.123171725,-0.034141936,-0.744129231,-0.068315909,-0.121582728,-0.926245632,-0.171599352,-0.11691067,-0.649936851,-0.118494399,-0.066195803,-0.551863257,-0.060045054,0.123662873,-0.71344182,-0.116410503,0.010193189,-0.812984254,-0.175498336,0.000578305,-0.622923425,-0.149035157,0.051224173,-0.542787448,-0.116307052,fist
0,0,0,-0.205311923,-0.129128149,-0.04393134,-0.351379406,-0.414880392,-0.068693579,-0.277679949,-0.665213889,-0.104478027,-0.110266938,-0.727593291,-0.12604279,-0.354597067,-0.632331011,0.001090207,-0.443387487,-0.876664864,-0.086177162,-0.400764855,-0.660766657,-0.135875783,-0.350036416,-0.549421463,-0.164844583,-0.215668964,-0.691123675,-0.016108319,-0.312035412,-0.93575504,-0.091791757,-0.270987457,-0.694257358,-0.09152647,-0.219474317,-0.597153144,-0.079505591,-0.070789005,-0.712657446,-0.051033609,-0.140763054,-0.982524755,-0.121782055,-0.146884107,-0.760480359,-0.081774808,-0.121773994,-0.642327547,-0.043605431,0.084309674,-0.703490993,-0.094932771,0.000904403,-0.899312421,-0.143280809,-0.040857967,-0.752280139,-0.122958593,-0.037049434,-0.625769702,-0.101090083,fist
0,0,0,-0.217606634,-0.126292698,-0.052303062,-0.368813216,-0.405599357,-0.078716073,-0.289186306,-0.651624724,-0.115479318,-0.116432562,-0.707432578,-0.136823148,-0.368970542,-0.637853522,0.013115921,-0.448192051,-0.866116481,-0.077317612,-0.398766613,-0.653436845,-0.130227052,-0.341381888,-0.548340203,-0.159906587,-0.233966169,-0.69680579,-0.001238792,-0.318189258,-0.940962137,-0.08587284,-0.273869131,-0.695051967,-0.091039907,-0.22151599,-0.592125081,-0.077250376,-0.090239318,-0.721592275,-0.03572015,-0.154602842,-0.980370425,-0.122359274,-0.154224763,-0.74780534,-0.088461708,-0.125939803,-0.616657467,-0.045999999,0.064985209,-0.714154596,-0.079215838,-0.003955916,-0.931884898,-0.141198447,-0.045173448,-0.770858444,-0.122605921,-0.04316195,-0.624667627,-0.096083403,fist
0,0,0,-0.218230724,-0.103993626,-0.057607262,-0.37707001,-0.384985463,-0.087565431,-0.299344458,-0.6398149,-0.125889009,-0.117527615,-0.697276209,-0.150768865,-0.369691871,-0.63082661,-0.004374344,-0.457491225,-0.862629502,-0.095861153,-0.414419134,-0.65936765,-0.147230337,-0.354362587,-0.545102714,-0.176117549,-0.231984615,-0.698609616,-0.017692865,-0.324495605,-0.926559485,-0.103776198,-0.280185634,-0.689760126,-0.10939417,-0.224852115,-0.585181909,-0.097935009,-0.087781237,-0.728438808,-0.050481858,-0.161068474,-0.976845138,-0.140820886,-0.15619961,-0.738235789,-0.107960027,-0.121466874,-0.607953716,-0.068366557,0.068110915,-0.722050537,-0.092383218,-0.01658983,-0.926649996,-0.161457496,-0.049204107,-0.740246553,-0.145669038,-0.032614588,-0.58776941,-0.122100748,fist
0,0,0,-0.215488445,-0.102952702,-0.054778172,-0.373169234,-0.385225484,-0.085976794,-0.300755498,-0.635396861,-0.126375767,-0.125816558,-0.693904268,-0.15246879,-0.377537104,-0.633898503,-0.007570361,-0.456335303,-0.859101462,-0.099382754,-0.403135537,-0.644708109,-0.151587023,-0.344343567,-0.534496871,-0.182721693,-0.236945412,-0.70151368,-0.023950381,-0.327305435,-0.930925225,-0.116246363,-0.269645946,-0.680843548,-0.12402578,-0.216391983,-0.570394059,-0.112348841,-0.089656347,-0.732887178,-0.058645431,-0.167456077,-0.975196736,-0.144740415,-0.144845089,-0.725038361,-0.106875215,-0.108550637,-0.592632092,-0.064625422,0.068606107,-0.729796455,-0.10284899,-0.024831483,-0.907355771,-0.16164995,-0.039357404,-0.730011243,-0.142923858,-0.013953564,-0.602846956,-0.119621773,fist
0,0,0,-0.220493856,-0.097863959,-0.054498043,-0.383211991,-0.375128858,-0.085546207,-0.306533756,-0.621762626,-0.12488598,-0.12878765,-0.679646411,-0.150203959,-0.38919564,-0.627849105,-0.012779861,-0.471495962,-0.850149193,-0.104678638,-0.413458431,-0.634319506,-0.158182385,-0.353266653,-0.521770704,-0.190791851,-0.247026156,-0.698660145,-0.028651453,-0.340011279,-0.929417974,-0.120889623,-0.277783824,-0.675278572,-0.128816124,-0.223587856,-0.558679045,-0.117700354,-0.098103563,-0.73321662,-0.062409896,-0.178516489,-0.97295127,-0.146620906,-0.151558781,-0.723517215,-0.109731202,-0.114051006,-0.587543814,-0.068961451,0.061580838,-0.73123105,-0.105655558,-0.036136957,-0.903708627,-0.164146157,-0.046749061,-0.728199317,-0.147635041,-0.018252819,-0.603183458,-0.12655869,fist
0,0,0,-0.222173553,-0.102643899,-0.055923481,-0.382944519,-0.387362581,-0.09172101,-0.299720193,-0.630478553,-0.136893514,-0.114298525,-0.679909594,-0.167917937,-0.38193045,-0.635826378,-0.016515918,-0.463459754,-0.86407094,-0.113692753,-0.412057916,-0.642688682,-0.169334201,-0.353140638,-0.530087427,-0.203039694,-0.23672905,-0.701396822,-0.033581249,-0.330026885,-0.934060763,-0.132479317,-0.2706622,-0.673394043,-0.140097136,-0.213160218,-0.558722653,-0.127268915,-0.087751876,-0.732669619,-0.069007679,-0.169890613,-0.9732837,-0.154453937,-0.145980529,-0.717432704,-0.113216607,-0.106733106,-0.584721934,-0.069099075,0.071508176,-0.730075673,-0.114431618,-0.025760158,-0.905193155,-0.167683946,-0.039037046,-0.730382288,-0.146889207,-0.010201362,-0.611247971,-0.123781304,fist
0,0,0,-0.222772046,-0.10515039,-0.05654829,-0.382322971,-0.377859744,-0.094581955,-0.290233397,-0.606869261,-0.14356335,-0.102389705,-0.642435427,-0.177887588,-0.377320599,-0.655848856,-0.006492678,-0.451217446,-0.880288129,-0.109650201,-0.401476016,-0.656070856,-0.170179036,-0.341733827,-0.526641792,-0.2035598,-0.235698268,-0.71771522,-0.024721166,-0.31927762,-0.93893464,-0.128310342,-0.256777618,-0.668725514,-0.137652942,-0.199616475,-0.546012702,-0.122637065,-0.090065904,-0.743928243,-0.063043982,-0.166266564,-0.972146126,-0.151727547,-0.140961998,-0.710726026,-0.110416661,-0.103511583,-0.576087757,-0.062796893,0.066658686,-0.73243231,-0.111694669,-0.02435865,-0.914232724,-0.159943137,-0.03893854,-0.741958963,-0.133265736,-0.015440929,-0.622734044,-0.104368997,fist
0,0,0,-0.222400809,-0.108810463,-0.044099659,-0.379222039,-0.373332016,-0.075603363,-0.293328576,-0.595273362,-0.120963797,-0.117806092,-0.640286574,-0.151988106,-0.374343903,-0.654601219,0.003803062,-0.456935968,-0.867715958,-0.097372778,-0.401862039,-0.640681312,-0.157098499,-0.33938739,-0.520854148,-0.190584768,-0.237853715,-0.716141622,-0.020390015,-0.325956532,-0.937797858,-0.119530403,-0.262709677,-0.664516827,-0.126353105,-0.207521052,-0.549696538,-0.110667295,-0.095052522,-0.742729266,-0.063530675,-0.178303296,-0.969382465,-0.148588389,-0.15199115,-0.700915783,-0.102823554,-0.113612798,-0.570863422,-0.053023621,0.060675013,-0.73203627,-0.116032687,-0.035322417,-0.906804795,-0.159506443,-0.049364267,-0.738742463,-0.127810217,-0.02571039,-0.629826126,-0.095943833,fist
0,0,0,-0.214716201,-0.107898932,-0.056179968,-0.3694709,-0.381354064,-0.087828773,-0.270782305,-0.611885084,-0.129682766,-0.082983387,-0.622135465,-0.155235176,-0.351885931,-0.64601538,-0.001204813,-0.428397938,-0.86868681,-0.101819657,-0.382938369,-0.637426924,-0.161212705,-0.318936258,-0.516288681,-0.195131293,-0.212478827,-0.703520322,-0.019095474,-0.291872049,-0.9486561,-0.121911076,-0.241031628,-0.680199952,-0.128152619,-0.181247145,-0.560895365,-0.109976645,-0.072461404,-0.723823823,-0.057521739,-0.136714872,-0.972017323,-0.145365651,-0.122777262,-0.71868871,-0.101298795,-0.085399349,-0.587047306,-0.050675963,0.075552101,-0.705060564,-0.107052279,0.000482579,-0.906025767,-0.155208858,-0.026096789,-0.74799861,-0.129680541,-0.008895585,-0.627086154,-0.101758441,fist
0,0,0,-0.214664533,-0.106112021,-0.054429165,-0.35910376,-0.378112079,-0.080462164,-0.257493419,-0.606311627,-0.117703605,-0.076885795,-0.622376841,-0.139711731,-0.343674852,-0.64058359,0.016864368,-0.408024763,-0.866273479,-0.077182362,-0.37190064,-0.642270341,-0.134249705,-0.31516114,-0.521610601,-0.166898351,-0.208183534,-0.695688524,-0.000189739,-0.276525797,-0.955666054,-0.101172511,-0.238310401,-0.693379766,-0.112337892,-0.187273266,-0.567170005,-0.096037429,-0.069396447,-0.717882073,-0.037808767,-0.124939762,-0.975279687,-0.128677956,-0.119234711,-0.721400952,-0.089478778,-0.087404836,-0.583277751,-0.039768875,0.079348495,-0.700030093,-0.085875925,0.008948199,-0.90844385,-0.138699962,-0.01875654,-0.74255233,-0.114346778,-0.001133912,-0.614645657,-0.085414336,fist
0,0,0,-0.214028066,-0.112527583,-0.054438378,-0.357201447,-0.382316134,-0.087078637,-0.246087828,-0.591741344,-0.129580503,-0.060397144,-0.592019374,-0.155423839,-0.346047258,-0.652292282,-0.007309504,-0.400750534,-0.866925429,-0.105821997,-0.359278293,-0.622937312,-0.164312853,-0.306112412,-0.502413445,-0.199012764,-0.204924639,-0.705373804,-0.026414247,-0.271126313,-0.953992508,-0.128018817,-0.223565805,-0.67594018,-0.133576632,-0.16994198,-0.560660979,-0.115574487,-0.061700299,-0.726409099,-0.064650234,-0.117006278,-0.974743554,-0.14934083,-0.105179768,-0.71262387,-0.102088844,-0.069480816,-0.589797038,-0.051031169,0.092388276,-0.707379642,-0.113765281,0.023273362,-0.9006023,-0.157470357,-0.002662428,-0.733120519,-0.126266909,0.016261597,-0.622103954,-0.095492496,fist
0,0,0,-0.213372994,-0.114292348,-0.052966038,-0.356024212,-0.383297116,-0.086360581,-0.239871552,-0.591867751,-0.12925247,-0.051614049,-0.588897322,-0.156071541,-0.346635206,-0.65134112,-0.011850661,-0.397576874,-0.874356845,-0.11159189,-0.356524293,-0.628291695,-0.171862543,-0.304703616,-0.503614519,-0.207716033,-0.202791606,-0.704303142,-0.030997571,-0.265491976,-0.954909593,-0.13289725,-0.217580056,-0.673949637,-0.139955083,-0.16670876,-0.556579679,-0.123554739,-0.057182801,-0.726231799,-0.068385197,-0.110325768,-0.981134325,-0.151509592,-0.099057809,-0.713670004,-0.103606445,-0.065945391,-0.587008189,-0.053158561,0.09943546,-0.706251082,-0.116327516,0.025646143,-0.896778724,-0.15979419,0.001084288,-0.722172631,-0.128326308,0.02118532,-0.611507516,-0.097702342,fist
0,0,0,-0.211622408,-0.113994254,-0.05082678,-0.355519059,-0.392494346,-0.080896483,-0.240363118,-0.605090516,-0.120768855,-0.055101777,-0.612544574,-0.142621035,-0.338069604,-0.673723128,-0.00444905,-0.389492069,-0.8823784,-0.111875309,-0.345290247,-0.626795922,-0.175770408,-0.292614179,-0.503211011,-0.212903024,-0.192347957,-0.722001241,-0.025721041,-0.257750914,-0.957109565,-0.132309282,-0.205117031,-0.663654501,-0.135897415,-0.151667991,-0.556599757,-0.11636225,-0.048520798,-0.736847697,-0.067355837,-0.101517668,-0.977112289,-0.15579237,-0.088503609,-0.703698325,-0.102073775,-0.05329137,-0.593710365,-0.047448747,0.105836069,-0.708949381,-0.11978576,0.033647896,-0.884763435,-0.166221486,0.006139156,-0.7048345,-0.132752128,0.022407449,-0.606645804,-0.100614588,fist
0,0,0,-0.2136509,-0.134174792,-0.041706479,-0.343877277,-0.410020608,-0.065726875,-0.230270107,-0.615797235,-0.103642892,-0.055318704,-0.610893512,-0.125577683,-0.318688047,-0.66663881,0.021937487,-0.368364419,-0.886261244,-0.0787111,-0.334841453,-0.645785383,-0.142047498,-0.286783018,-0.513383783,-0.177771764,-0.182749051,-0.711157736,-0.002556176,-0.241944701,-0.964470315,-0.106112075,-0.202501511,-0.693090242,-0.118842073,-0.153243212,-0.572349343,-0.104371413,-0.04269582,-0.728167088,-0.046899359,-0.091569776,-0.97579186,-0.133162929,-0.082602127,-0.72118181,-0.090774388,-0.048106773,-0.595828005,-0.041951809,0.109958667,-0.70645152,-0.101280752,0.04494237,-0.902633819,-0.143852415,0.019341549,-0.735757847,-0.112531079,0.039723552,-0.624807207,-0.081456331,fist
0,0,0,-0.212188355,-0.12614824,-0.042351171,-0.348309849,-0.399599109,-0.067432721,-0.242583877,-0.6142954,-0.106485371,-0.065478828,-0.615181307,-0.130016625,-0.321917857,-0.658740743,0.021760543,-0.382410713,-0.881216326,-0.080979123,-0.346349331,-0.641511682,-0.14617293,-0.292723816,-0.499422867,-0.181533328,-0.189360069,-0.704817354,-0.002076585,-0.256324817,-0.96067492,-0.106776803,-0.214002653,-0.68621513,-0.12043452,-0.161210522,-0.557469331,-0.105893797,-0.051494988,-0.72366568,-0.045919018,-0.103747048,-0.980107691,-0.137080228,-0.094328123,-0.722448122,-0.096207737,-0.057954585,-0.585780811,-0.046264069,0.101074706,-0.702854144,-0.099355069,0.039578821,-0.913648459,-0.147891866,0.011787696,-0.744851277,-0.117804753,0.028638549,-0.622050758,-0.08572194,fist
0,0,0,-0.214430241,-0.124414072,-0.050551685,-0.355916477,-0.398883073,-0.079755228,-0.2489164,-0.618702784,-0.122317,-0.06459957,-0.622404224,-0.150002735,-0.315237268,-0.656344548,0.019470526,-0.374217627,-0.884346297,-0.083790649,-0.343792509,-0.654459096,-0.149212947,-0.288198885,-0.517448048,-0.184856317,-0.181233832,-0.702071394,-0.00208119,-0.244167161,-0.962278275,-0.109577076,-0.21063923,-0.695082807,-0.126116155,-0.15971785,-0.562058949,-0.112421313,-0.044347306,-0.71882951,-0.04463822,-0.093711247,-0.985686729,-0.140142336,-0.092660671,-0.729050258,-0.102245761,-0.061581867,-0.58110884,-0.052327759,0.104955445,-0.694579893,-0.097389166,0.042139691,-0.91225458,-0.152168306,0.009296302,-0.743165993,-0.126174924,0.022985971,-0.608884338,-0.095281688,fist
0,0,0,-0.21655861,-0.119740319,-0.048667348,-0.359951274,-0.396241101,-0.074993031,-0.25332253,-0.609309099,-0.113906226,-0.067802356,-0.601202665,-0.137414849,-0.321246397,-0.655028492,0.018440564,-0.38051758,-0.880229227,-0.081337971,-0.347414256,-0.653470697,-0.14501056,-0.291796923,-0.520577149,-0.180364229,-0.187153942,-0.703171588,-0.001651609,-0.250076187,-0.962432046,-0.103562372,-0.213120357,-0.696498872,-0.116534718,-0.158502028,-0.567153503,-0.10106455,-0.050155478,-0.72208946,-0.042250112,-0.097460827,-0.98676088,-0.129631608,-0.096602987,-0.734372162,-0.089706438,-0.062782841,-0.592035701,-0.039805487,0.099834737,-0.699459733,-0.093270282,0.04361806,-0.915568743,-0.139848432,0.007695333,-0.753374879,-0.112006565,0.020061194,-0.625829668,-0.081102143,fist
0,0,0,-0.210127403,-0.124750496,-0.046631851,-0.344278939,-0.408067737,-0.072523995,-0.233264501,-0.620052418,-0.112313535,-0.050478752,-0.60763049,-0.138386843,-0.299676689,-0.653489802,0.021424857,-0.357778161,-0.887176289,-0.078137016,-0.329846137,-0.664032708,-0.1418011,-0.275761692,-0.526368968,-0.176866778,-0.166550649,-0.700580297,-0.000304484,-0.225871552,-0.967581833,-0.102836446,-0.195627393,-0.705590607,-0.118457447,-0.14441368,-0.571860251,-0.104802012,-0.030565847,-0.71795038,-0.042291828,-0.076303044,-0.98848147,-0.130699002,-0.078488745,-0.738696128,-0.09369544,-0.046602839,-0.591990958,-0.045918954,0.117857063,-0.69522963,-0.09447365,0.059266142,-0.9154259,-0.143338183,0.024314031,-0.753271032,-0.117754671,0.038341247,-0.620794041,-0.088545544,fist
0,0,0,-0.207124356,-0.140590016,-0.047318574,-0.339977798,-0.411988534,-0.078893297,-0.233877986,-0.620088543,-0.125618241,-0.049430308,-0.60965049,-0.158690731,-0.296150937,-0.665073896,0.023732135,-0.350765911,-0.888137544,-0.081177566,-0.324790458,-0.658852194,-0.149224454,-0.269102817,-0.514977822,-0.185846524,-0.164281719,-0.707178855,-0.000366618,-0.220146206,-0.969214637,-0.110266204,-0.192724926,-0.70310154,-0.130815021,-0.141173548,-0.560133012,-0.118495054,-0.028106221,-0.720244,-0.045285197,-0.072639596,-0.983648499,-0.138637504,-0.076594146,-0.733053518,-0.104944707,-0.045577021,-0.581021611,-0.057159197,0.119606837,-0.69347141,-0.10031477,0.062616474,-0.911292497,-0.148068096,0.024827749,-0.754798201,-0.121890098,0.035111437,-0.621672571,-0.091731818,fist
0,0,0,-0.212837472,-0.136240562,-0.045546554,-0.343645875,-0.417248564,-0.074316311,-0.226974078,-0.624862851,-0.117666496,-0.040938275,-0.619716295,-0.147509013,-0.297709979,-0.660146912,0.017954985,-0.360174679,-0.890211939,-0.087552702,-0.33256024,-0.661792477,-0.156292065,-0.276474921,-0.511553936,-0.193482319,-0.164333914,-0.706216004,-0.005269097,-0.227154307,-0.967225468,-0.113471651,-0.194870747,-0.699973365,-0.131678876,-0.138434427,-0.557117217,-0.119011364,-0.027970612,-0.721759125,-0.048668741,-0.075493733,-0.986951038,-0.137757366,-0.07957842,-0.737978014,-0.100992618,-0.045470912,-0.588819742,-0.053723363,0.121157954,-0.697025108,-0.102527673,0.064167127,-0.910581577,-0.149158402,0.023610519,-0.753224151,-0.123013058,0.034215024,-0.621886366,-0.093966075,fist
0,0,0,-0.209670211,-0.140651082,-0.042494425,-0.336637458,-0.423368836,-0.07031109,-0.222232343,-0.625604898,-0.114146102,-0.040797723,-0.609994941,-0.145216195,-0.290482107,-0.657366837,0.021766977,-0.353796171,-0.888320208,-0.085242933,-0.330376407,-0.659357724,-0.153742236,-0.274663524,-0.509268388,-0.189610174,-0.160581856,-0.700250216,-0.003412187,-0.219386904,-0.966910534,-0.112889785,-0.194312994,-0.698633948,-0.130882218,-0.138542255,-0.556273241,-0.116958983,-0.024819014,-0.714101976,-0.048848791,-0.068263207,-0.988023763,-0.138380554,-0.077449165,-0.740535475,-0.101280678,-0.042390002,-0.594466532,-0.052821916,0.124204768,-0.69113318,-0.104521801,0.069224486,-0.909590518,-0.148087768,0.025657153,-0.754743806,-0.119463837,0.036285587,-0.625587891,-0.088668664,fist
0,0,0,-0.208087571,-0.150555775,-0.041685324,-0.334453157,-0.424263489,-0.072753688,-0.22349435,-0.623133014,-0.120588778,-0.049636662,-0.611010328,-0.156572339,-0.293300144,-0.678326158,0.026585319,-0.349150048,-0.897351606,-0.080785435,-0.321664942,-0.670524952,-0.153106555,-0.268651617,-0.513083251,-0.191582812,-0.16201429,-0.718908633,-0.000758138,-0.219640087,-0.969191301,-0.111474007,-0.185882704,-0.704093966,-0.135463811,-0.132023407,-0.554396308,-0.12609593,-0.025248931,-0.728742934,-0.048381789,-0.070845162,-0.986543777,-0.139598665,-0.070728193,-0.740511923,-0.108536272,-0.038456408,-0.587953141,-0.064261683,0.124111835,-0.698138878,-0.105806545,0.066866665,-0.909799077,-0.151922158,0.029583619,-0.749669284,-0.125476906,0.038555766,-0.614351951,-0.095841269,fist
0,0,0,-0.202695472,-0.15492384,-0.043850326,-0.327081302,-0.422147787,-0.073679501,-0.220552756,-0.626507113,-0.1199692,-0.038245861,-0.613069111,-0.153838226,-0.27601366,-0.663088607,0.029202903,-0.339218586,-0.892658252,-0.07226542,-0.319175152,-0.670216701,-0.137945432,-0.260429929,-0.533095468,-0.17302703,-0.149113945,-0.702264793,0.0034926,-0.203416175,-0.973501459,-0.104483345,-0.188103597,-0.712530544,-0.126331166,-0.137466962,-0.567997642,-0.114423788,-0.01500203,-0.712763767,-0.042407371,-0.055547501,-0.986744132,-0.134193862,-0.069597658,-0.739256002,-0.102193373,-0.03765291,-0.582900578,-0.054613978,0.130122504,-0.68448183,-0.098179162,0.076233727,-0.915530481,-0.143980276,0.031892782,-0.76360306,-0.116844452,0.042385818,-0.624004259,-0.085450181,fist
0,0,0,-0.200817888,-0.151730367,-0.044431157,-0.328464478,-0.422771316,-0.073578022,-0.224188818,-0.630426102,-0.118535177,-0.042133967,-0.61348733,-0.150390474,-0.282556799,-0.666913667,0.027544025,-0.348388303,-0.890125059,-0.073718468,-0.325132578,-0.663890055,-0.1366711,-0.265975575,-0.535838362,-0.170110505,-0.155636077,-0.707383915,0.00192591,-0.213890269,-0.971004761,-0.106774091,-0.194315867,-0.705725782,-0.124949933,-0.143682805,-0.570050202,-0.109844931,-0.021340994,-0.718266466,-0.044094226,-0.066505102,-0.983165518,-0.137042151,-0.076225379,-0.73081223,-0.102059708,-0.044172972,-0.583575711,-0.051943843,0.123118572,-0.690754919,-0.099931434,0.065753153,-0.916082724,-0.145187442,0.025760554,-0.760527681,-0.116320318,0.038607823,-0.628197967,-0.083563861,fist
0,0,0,-0.207252043,-0.144085077,-0.044566439,-0.33721856,-0.41148049,-0.07408948,-0.226352959,-0.617929766,-0.118885893,-0.041224911,-0.606959329,-0.150717572,-0.29449992,-0.655527291,0.022612978,-0.354475029,-0.884639527,-0.078097821,-0.325846592,-0.659546805,-0.143424486,-0.268993129,-0.524762911,-0.179951698,-0.162740618,-0.700292121,-0.002760572,-0.220389177,-0.969451114,-0.107671482,-0.193290017,-0.706538512,-0.126328719,-0.143720532,-0.569176544,-0.114658911,-0.026131784,-0.714886405,-0.047993511,-0.070297839,-0.983409379,-0.136678201,-0.074237629,-0.735293725,-0.100684237,-0.04377732,-0.588032611,-0.053403118,0.122497686,-0.688988925,-0.103281781,0.065962454,-0.91046134,-0.14837383,0.029933441,-0.753232564,-0.119793947,0.041683193,-0.62213926,-0.089137187,fist
0,0,0,-0.210545405,-0.14247679,-0.046636656,-0.343411925,-0.412211741,-0.076401894,-0.230966719,-0.619378873,-0.121012749,-0.045830113,-0.607074952,-0.15170087,-0.298362097,-0.65744026,0.021068664,-0.359708987,-0.889121857,-0.081828692,-0.332550987,-0.658477643,-0.146934629,-0.276385704,-0.524959369,-0.182918193,-0.167016608,-0.700307612,-0.003622166,-0.227498828,-0.967512119,-0.110293166,-0.20051332,-0.702821253,-0.126710919,-0.14960758,-0.570934226,-0.112988391,-0.030700511,-0.712984964,-0.048940481,-0.075443715,-0.980396048,-0.138510898,-0.080225875,-0.729521547,-0.099644545,-0.049839763,-0.588137266,-0.050287104,0.117426462,-0.685667886,-0.104775447,0.059657827,-0.903726282,-0.149370168,0.02192602,-0.74314777,-0.119414317,0.033268099,-0.615535339,-0.087810979,fist
0,0,0,-0.210291118,-0.152622701,-0.039519444,-0.334962219,-0.426133339,-0.067553466,-0.221518257,-0.62811178,-0.112505768,-0.038780844,-0.621695946,-0.145618542,-0.288748621,-0.666528279,0.028141131,-0.346857201,-0.892715253,-0.076238254,-0.323482275,-0.669013871,-0.14562452,-0.270537169,-0.518402864,-0.182948234,-0.156870126,-0.708363011,0.000636247,-0.211147092,-0.971680168,-0.106087497,-0.186946505,-0.71029826,-0.127606552,-0.136210347,-0.564726568,-0.117560525,-0.020275054,-0.719127141,-0.046620047,-0.062569336,-0.984670096,-0.135423672,-0.070907544,-0.739070591,-0.101535112,-0.041017605,-0.589354553,-0.056105992,0.129009465,-0.689087108,-0.103532055,0.071189116,-0.905479084,-0.146897565,0.030103675,-0.749200209,-0.117870488,0.039188157,-0.618130858,-0.087261618,fist
0,0,0,-0.207503911,-0.152492647,-0.0404343,-0.333055384,-0.426415644,-0.068976473,-0.216034444,-0.626640052,-0.113819921,-0.029009703,-0.627072189,-0.146546807,-0.287985138,-0.66719636,0.026156184,-0.354786722,-0.892421328,-0.08253088,-0.327122738,-0.664417688,-0.153461215,-0.269931698,-0.514734701,-0.191206468,-0.154767588,-0.709966148,-0.001073534,-0.21903304,-0.969237837,-0.112261043,-0.188863728,-0.702098469,-0.132860501,-0.131490728,-0.560977664,-0.120940539,-0.016919347,-0.720170303,-0.048516262,-0.067513857,-0.977890999,-0.140587056,-0.072464154,-0.725592609,-0.103621778,-0.036911967,-0.584617783,-0.055475885,0.134278139,-0.687594903,-0.105783692,0.068065612,-0.893519918,-0.151957135,0.02934638,-0.727201906,-0.122447015,0.044780527,-0.601670479,-0.090744388,fist
0,0,0,-0.207670631,-0.153004376,-0.04179717,-0.333352269,-0.427659557,-0.071793183,-0.216334617,-0.627105651,-0.117907437,-0.029059164,-0.624252679,-0.151396905,-0.286387253,-0.676283126,0.024772411,-0.352881979,-0.900176815,-0.084942439,-0.322500557,-0.670490551,-0.157072603,-0.263247757,-0.52092215,-0.195665666,-0.15262617,-0.715957303,-0.002190057,-0.216636362,-0.969633497,-0.113488183,-0.18418044,-0.702322714,-0.133952661,-0.127237412,-0.562054642,-0.122439353,-0.015213485,-0.723949166,-0.049770119,-0.065685596,-0.9825566,-0.141988607,-0.069106792,-0.729831591,-0.104513507,-0.034580358,-0.585994232,-0.05611199,0.135257079,-0.689037502,-0.107443169,0.06935271,-0.897652003,-0.154903954,0.031212649,-0.732159363,-0.125926436,0.044745315,-0.603607851,-0.094252033,fist
0,0,0,-0.208239352,-0.153400501,-0.040094552,-0.335198667,-0.42809064,-0.06967843,-0.219429107,-0.625540994,-0.115472405,-0.033360222,-0.625801804,-0.149145496,-0.295098913,-0.673126882,0.021463808,-0.355628901,-0.896946988,-0.087139019,-0.327759108,-0.664988979,-0.157876995,-0.273797959,-0.517533807,-0.196069808,-0.159149291,-0.715196348,-0.006340457,-0.216705115,-0.9692879,-0.116274933,-0.185560719,-0.697979299,-0.135958336,-0.132202862,-0.560073711,-0.124722681,-0.019603824,-0.724589826,-0.053893135,-0.064180561,-0.979496126,-0.1435505,-0.068359519,-0.724712517,-0.104734817,-0.037631307,-0.585668636,-0.056980759,0.131663182,-0.690880322,-0.111168005,0.069802346,-0.890965538,-0.15409651,0.032386297,-0.722445875,-0.122303927,0.044959435,-0.601343856,-0.090273155,fist
0,0,0,-0.211225949,-0.146988668,-0.046945817,-0.341438852,-0.416411526,-0.079805764,-0.234845203,-0.619660566,-0.127831949,-0.052687987,-0.603247888,-0.162259915,-0.293483399,-0.675076763,0.02050453,-0.359963703,-0.896448689,-0.084900592,-0.334838232,-0.669278819,-0.153451828,-0.274945219,-0.52831819,-0.190698931,-0.161680431,-0.716370011,-0.004700215,-0.223753368,-0.968128106,-0.112527334,-0.198907579,-0.709441602,-0.131321648,-0.140715912,-0.57283292,-0.118481309,-0.025352871,-0.723543875,-0.050604202,-0.071119242,-0.985977994,-0.138660182,-0.080790778,-0.744466377,-0.10292451,-0.045284988,-0.600879147,-0.055493916,0.12289187,-0.689843403,-0.107221481,0.063728427,-0.893206679,-0.149356015,0.018277809,-0.74100328,-0.121380816,0.028032713,-0.613213614,-0.09077777,fist
0,0,0,-0.206501778,-0.156114091,-0.039011331,-0.332103248,-0.424136858,-0.070843458,-0.219248321,-0.615815604,-0.119215701,-0.033706052,-0.62057785,-0.155775097,-0.296571571,-0.680121912,0.018058087,-0.359810017,-0.897135093,-0.091610203,-0.322626359,-0.665846697,-0.164226963,-0.263536682,-0.52203215,-0.204199079,-0.161780009,-0.720535967,-0.011097501,-0.224309772,-0.966903466,-0.121584591,-0.185007378,-0.695327388,-0.142817048,-0.129813573,-0.560841531,-0.133268257,-0.020448918,-0.730228858,-0.059558099,-0.073796381,-0.982923762,-0.148597633,-0.072372884,-0.724450895,-0.109678598,-0.038171456,-0.586551469,-0.06222551,0.13431731,-0.697054004,-0.117744759,0.064866754,-0.890841738,-0.161415405,0.030315601,-0.721273972,-0.12957729,0.044784845,-0.602177059,-0.097019634,fist
0,0,0,-0.206039193,-0.154177961,-0.040703091,-0.335900458,-0.415673023,-0.07388501,-0.223068755,-0.609445699,-0.123440262,-0.033921244,-0.615568371,-0.161628422,-0.301061448,-0.679310732,0.019331631,-0.358881024,-0.896207018,-0.089615734,-0.32228409,-0.667229974,-0.164626166,-0.266542869,-0.516110546,-0.206609579,-0.163247105,-0.72204358,-0.009081618,-0.224344539,-0.967251009,-0.118722421,-0.18312694,-0.696195405,-0.143739706,-0.129893541,-0.552870185,-0.137413699,-0.02092947,-0.731929459,-0.056765874,-0.072751971,-0.979993801,-0.14437947,-0.069722652,-0.724058158,-0.109699163,-0.03915481,-0.578869667,-0.065936792,0.133531999,-0.695257831,-0.114293039,0.064506791,-0.88015531,-0.1582241,0.031216229,-0.711173724,-0.129647229,0.043930913,-0.590164232,-0.09988903,fist
0,0,0,-0.212149857,-0.152224924,-0.037885308,-0.337480549,-0.411709937,-0.068487041,-0.225002326,-0.601063519,-0.115872796,-0.042491805,-0.611887976,-0.153345543,-0.297081629,-0.67422427,0.026560039,-0.349152885,-0.89206424,-0.077192131,-0.31888263,-0.672407035,-0.152842813,-0.269651738,-0.509907615,-0.195400281,-0.159932696,-0.717108658,-0.002412133,-0.212854884,-0.97142946,-0.104964764,-0.179096067,-0.710196479,-0.134554832,-0.131709371,-0.552649374,-0.13288233,-0.017064156,-0.724735321,-0.049749522,-0.060048198,-0.981312343,-0.132484822,-0.06230248,-0.731051437,-0.103462682,-0.036514796,-0.571183539,-0.064746992,0.139371859,-0.684622031,-0.10641619,0.074541905,-0.879444297,-0.148402789,0.033682699,-0.710521286,-0.121003435,0.039345179,-0.578019449,-0.093016891,fist
0,0,0,-0.210890961,-0.149007617,-0.0346912,-0.336062004,-0.413037504,-0.061096334,-0.220963106,-0.606986337,-0.10436786,-0.042224464,-0.615515166,-0.137501366,-0.301907708,-0.676778562,0.027775785,-0.353271741,-0.902183138,-0.073247383,-0.32174777,-0.681946818,-0.1450223,-0.272989012,-0.524712904,-0.185121777,-0.161863637,-0.72014456,-0.001554212,-0.217197288,-0.970719329,-0.102612483,-0.182502102,-0.708250956,-0.129349643,-0.136384722,-0.554978704,-0.125505125,-0.017746942,-0.727406599,-0.048664434,-0.064551763,-0.982124578,-0.130840405,-0.068999495,-0.727570685,-0.099231241,-0.045467591,-0.571523399,-0.058743329,0.138048357,-0.686271945,-0.104859678,0.068217228,-0.87426333,-0.147773507,0.026351294,-0.701885759,-0.119605957,0.032618349,-0.57211137,-0.090352668,fist
0,0,0,-0.212110977,-0.149475533,-0.038666181,-0.343270707,-0.415259477,-0.067947256,-0.227090109,-0.610029746,-0.113766397,-0.042239902,-0.617564417,-0.14827906,-0.299914439,-0.67381643,0.024690196,-0.362318809,-0.896976257,-0.084880571,-0.330160846,-0.667490361,-0.158867994,-0.275406721,-0.514235585,-0.198958003,-0.161660878,-0.712715569,-0.003751412,-0.220656946,-0.96858804,-0.114663513,-0.185835294,-0.695106184,-0.139341476,-0.135323776,-0.549710644,-0.131484867,-0.019811148,-0.719709568,-0.051552673,-0.068873551,-0.974685246,-0.142777095,-0.072904808,-0.710617398,-0.106513038,-0.044464743,-0.562910604,-0.059996907,0.134261161,-0.680625143,-0.108823453,0.0631203,-0.873153466,-0.155125856,0.026047706,-0.697114623,-0.125076081,0.039592434,-0.573218677,-0.093240701,fist
0,0,0,-0.207513817,-0.155975278,-0.030311929,-0.329343442,-0.41666329,-0.055125353,-0.220061223,-0.610986023,-0.09850492,-0.0448238,-0.620208109,-0.131974128,-0.297729237,-0.668227724,0.0355098,-0.355346387,-0.894227164,-0.06590591,-0.323850871,-0.675530826,-0.138105404,-0.272274148,-0.520426224,-0.178039796,-0.163189526,-0.710115736,0.004765793,-0.219669441,-0.970708725,-0.097313449,-0.186558813,-0.711106407,-0.12546939,-0.139770949,-0.55772762,-0.122038284,-0.022097829,-0.719467255,-0.043655075,-0.070276712,-0.978651368,-0.12522831,-0.074626821,-0.728336542,-0.094964444,-0.049891632,-0.571653341,-0.054944711,0.131831791,-0.683568347,-0.100918277,0.064539286,-0.875735153,-0.141156905,0.024870937,-0.710506575,-0.113320598,0.032990995,-0.58025585,-0.084558446,fist
0,0,0,-0.2105602,-0.149837836,-0.036733241,-0.336579173,-0.417114615,-0.063370257,-0.224560087,-0.61122212,-0.107380634,-0.044235072,-0.618955066,-0.139955392,-0.293078321,-0.676171058,0.032358793,-0.352813992,-0.892837236,-0.074763838,-0.323163719,-0.665446573,-0.147296183,-0.268870845,-0.514835789,-0.186508026,-0.157995836,-0.715573473,0.002052073,-0.214413136,-0.970909542,-0.106591125,-0.183068839,-0.701375369,-0.131054919,-0.133013126,-0.555837876,-0.122969784,-0.017429981,-0.721072261,-0.047868182,-0.062670815,-0.980792991,-0.137993921,-0.067649535,-0.718628232,-0.101632323,-0.039792651,-0.569788117,-0.054970733,0.136388189,-0.680896161,-0.107235845,0.069678467,-0.877919888,-0.151482969,0.027196655,-0.70213408,-0.119432974,0.035217003,-0.575344076,-0.086620524,fist
0,0,0,-0.209063616,-0.153768032,-0.04132961,-0.336192842,-0.416656176,-0.07370413,-0.226414676,-0.613975517,-0.121734588,-0.042452654,-0.610766445,-0.15742649,-0.297419836,-0.672853814,0.02031525,-0.360264201,-0.894699462,-0.086586171,-0.327475162,-0.671849647,-0.158797125,-0.26886649,-0.527361109,-0.199139654,-0.161008377,-0.713232926,-0.006851803,-0.221404207,-0.968434356,-0.114521068,-0.189037953,-0.705084143,-0.137017737,-0.135208824,-0.564538087,-0.128530252,-0.020336727,-0.721074005,-0.053312729,-0.072318019,-0.974411898,-0.139506697,-0.077596908,-0.725875491,-0.103206641,-0.045283921,-0.584069407,-0.057686675,0.132595228,-0.684460521,-0.109909725,0.061350381,-0.874701766,-0.152047637,0.021999387,-0.713941218,-0.123240647,0.035628667,-0.59248537,-0.093093782,fist
0,0,0,-0.207181918,-0.149727339,-0.040601644,-0.332763828,-0.41606701,-0.071131362,-0.221282663,-0.610294797,-0.117402955,-0.038193109,-0.607530912,-0.152917581,-0.290581936,-0.675599383,0.020585905,-0.346804219,-0.893628589,-0.08197168,-0.317937671,-0.67283302,-0.153635029,-0.266123914,-0.523722486,-0.194459033,-0.154089433,-0.715910707,-0.006452094,-0.208581646,-0.971847726,-0.109570497,-0.17798685,-0.710343796,-0.13445444,-0.130279923,-0.561218829,-0.128868787,-0.013306633,-0.720746083,-0.05188934,-0.059388745,-0.975559632,-0.135052348,-0.064801054,-0.726517308,-0.103409004,-0.038887324,-0.574045474,-0.06209207,0.138537025,-0.679651252,-0.107052839,0.072789335,-0.870544126,-0.14948872,0.032719717,-0.709011492,-0.123608693,0.041306506,-0.582233476,-0.096190919,fist
0,0,0,-0.207166146,-0.162673028,-0.038058504,-0.33247373,-0.420558478,-0.071857578,-0.227814608,-0.611926143,-0.122325796,-0.051277959,-0.604565054,-0.160445312,-0.293043796,-0.68279291,0.022059033,-0.357411738,-0.900282959,-0.085266825,-0.326212173,-0.682745071,-0.157377368,-0.267682108,-0.538491342,-0.197201518,-0.159346768,-0.721527179,-0.00738435,-0.222299899,-0.968218392,-0.114611959,-0.190963215,-0.713999745,-0.137058325,-0.13583095,-0.576393883,-0.129277301,-0.020162803,-0.728492325,-0.056188268,-0.076890692,-0.975258785,-0.142429627,-0.080449821,-0.734652933,-0.10860889,-0.043711264,-0.594701218,-0.065002483,0.130802773,-0.692472224,-0.11473331,0.051799243,-0.886049495,-0.156040149,0.014336558,-0.733249972,-0.12840245,0.031029875,-0.611609155,-0.099190254,fist
0,0,0,-0.205627506,-0.157395618,-0.043058786,-0.329732422,-0.417554872,-0.077373897,-0.220900064,-0.606833099,-0.127072885,-0.041336919,-0.604386141,-0.165356283,-0.286547653,-0.689211939,0.021369024,-0.347941737,-0.898548182,-0.08309656,-0.321453622,-0.687438172,-0.154211327,-0.264460951,-0.546923748,-0.193760608,-0.153485671,-0.728364301,-0.005202069,-0.211502242,-0.971009471,-0.111388546,-0.186115999,-0.71630946,-0.134606476,-0.131381486,-0.574376941,-0.126115429,-0.013676887,-0.732767566,-0.051314004,-0.063658686,-0.981671481,-0.139287681,-0.073870864,-0.739204628,-0.107647259,-0.039884302,-0.593720724,-0.063596781,0.138896454,-0.693403549,-0.107101453,0.067213109,-0.887637625,-0.152110411,0.023540727,-0.729876185,-0.125447432,0.035015056,-0.603232819,-0.095019988,fist
0,0,0,-0.207275991,-0.153830504,-0.041620296,-0.335897832,-0.414309599,-0.07980504,-0.228206991,-0.605042015,-0.133382558,-0.047082697,-0.599198973,-0.175806647,-0.290339908,-0.688931817,0.01270623,-0.345472184,-0.898647872,-0.095681595,-0.314537187,-0.680656723,-0.171080269,-0.258564033,-0.52642656,-0.213220369,-0.154655177,-0.727140741,-0.01458523,-0.215545132,-0.968525148,-0.124496318,-0.182101906,-0.705804643,-0.150571434,-0.127915163,-0.551986633,-0.144343929,-0.01373053,-0.734978989,-0.060519757,-0.073068152,-0.978900913,-0.147373982,-0.071250727,-0.733839616,-0.117310785,-0.033395969,-0.579863374,-0.075811421,0.138806338,-0.699399596,-0.116039115,0.055195297,-0.893195081,-0.16130548,0.022629145,-0.731458935,-0.137226443,0.041593234,-0.599702258,-0.109575447,fist
0,0,0,-0.205135121,-0.163047613,-0.0350527,-0.326055248,-0.419695347,-0.068136306,-0.216953333,-0.607445513,-0.11851946,-0.040440994,-0.604907038,-0.15901097,-0.287581098,-0.678993422,0.024888985,-0.336124885,-0.895208772,-0.078213695,-0.310700269,-0.677644301,-0.152670716,-0.260969263,-0.520806986,-0.195310517,-0.153754851,-0.716483499,-0.005167458,-0.206872951,-0.971992964,-0.111504529,-0.179229105,-0.713696835,-0.141497877,-0.132022969,-0.554936814,-0.139103296,-0.013703726,-0.722980191,-0.052796817,-0.065962209,-0.974474059,-0.135276092,-0.071887704,-0.730865584,-0.10678579,-0.043079757,-0.574498887,-0.068318247,0.138903377,-0.683423632,-0.109639059,0.061599798,-0.86650068,-0.150657608,0.024994084,-0.705754858,-0.125517831,0.039633982,-0.577034178,-0.098896535,fist
0,0,0,-0.2029626,-0.154580628,-0.042788481,-0.324554041,-0.421306565,-0.078859008,-0.212899512,-0.611272035,-0.130223806,-0.035356901,-0.600728771,-0.169870944,-0.277912882,-0.685759662,0.013931949,-0.338494332,-0.899342032,-0.096017646,-0.308421112,-0.67936632,-0.168826681,-0.249427686,-0.534435284,-0.208408217,-0.144535204,-0.720766486,-0.013399674,-0.206389009,-0.97020744,-0.126890108,-0.175008396,-0.706664647,-0.149948601,-0.118820798,-0.561128959,-0.139399322,-0.004644879,-0.726678103,-0.060028157,-0.062867965,-0.976034051,-0.150168471,-0.064440651,-0.728896465,-0.116151127,-0.025614394,-0.585798899,-0.070128969,0.148294467,-0.692460653,-0.116555017,0.068019036,-0.890007184,-0.160570634,0.03233172,-0.727284898,-0.132573336,0.051393995,-0.601467658,-0.1016489,fist
0,0,0,-0.203169689,-0.149379994,-0.040783437,-0.32777284,-0.418690072,-0.075334748,-0.217719806,-0.610819285,-0.12600886,-0.040872233,-0.59609779,-0.165507383,-0.284168425,-0.681117944,0.015516868,-0.339573291,-0.901563159,-0.094151553,-0.314636186,-0.67952622,-0.166992069,-0.258063035,-0.529897257,-0.206498855,-0.149875208,-0.716890579,-0.012527235,-0.207555285,-0.970036364,-0.126294324,-0.181003267,-0.705196393,-0.149894849,-0.125959672,-0.555977176,-0.139601887,-0.009790994,-0.723312539,-0.05961111,-0.063650845,-0.979121528,-0.150483087,-0.069515459,-0.731602578,-0.117172665,-0.032626879,-0.582399115,-0.071783276,0.142940808,-0.688351667,-0.116355998,0.066525989,-0.879652479,-0.162902482,0.029398305,-0.715503949,-0.136901848,0.047923536,-0.586656913,-0.107285962,fist
0,0,0,-0.204576408,-0.163024269,-0.044479167,-0.325169129,-0.428787697,-0.079672025,-0.216636738,-0.616075531,-0.129778372,-0.041098465,-0.610707362,-0.166513594,-0.274905572,-0.696761902,0.018777386,-0.337873276,-0.89814821,-0.089442023,-0.315827753,-0.671985578,-0.158742363,-0.256483035,-0.537872335,-0.196203573,-0.144096238,-0.729046911,-0.008772715,-0.204683326,-0.971277168,-0.121348256,-0.18447407,-0.705058799,-0.140506504,-0.126228818,-0.570992272,-0.126593599,-0.005797032,-0.731256124,-0.056665443,-0.057237915,-0.979834617,-0.149881791,-0.069798337,-0.732953398,-0.113044252,-0.03055905,-0.59847261,-0.063386234,0.145473057,-0.694504781,-0.114426705,0.072727811,-0.890995594,-0.159374016,0.027383032,-0.731109494,-0.12862217,0.04193004,-0.609269224,-0.094405533,fist
0,0,0,-0.203540175,-0.156254772,-0.043389334,-0.323654361,-0.41899915,-0.079284193,-0.213126063,-0.606442524,-0.130467419,-0.035482093,-0.604463291,-0.169799743,-0.276450857,-0.683876673,0.017293146,-0.336662401,-0.898582362,-0.090570492,-0.312633507,-0.686030033,-0.163104076,-0.257713468,-0.540985663,-0.203024115,-0.144151292,-0.719041577,-0.009741411,-0.204084479,-0.971528902,-0.120337514,-0.179214307,-0.714436917,-0.145055066,-0.125056955,-0.567947288,-0.136878077,-0.005047743,-0.722666356,-0.056250759,-0.059556098,-0.978773109,-0.146373362,-0.066834342,-0.738231042,-0.115766994,-0.029828957,-0.59228475,-0.072615838,0.146807858,-0.68533033,-0.112512578,0.068179644,-0.876579893,-0.159780767,0.028150414,-0.721181931,-0.135956182,0.043489396,-0.596019891,-0.107911049,fist
0,0,0,-0.212989667,-0.144823043,-0.041564086,-0.342657632,-0.401946462,-0.076282871,-0.24218249,-0.605629855,-0.126935869,-0.066021658,-0.591559383,-0.16735151,-0.315979042,-0.641589028,0.01935313,-0.356565263,-0.882377071,-0.081706298,-0.334131788,-0.677746799,-0.154808846,-0.284091246,-0.513871867,-0.196302184,-0.179857275,-0.6866037,-0.006245783,-0.216806445,-0.970441069,-0.106014606,-0.197295082,-0.735997786,-0.135900395,-0.157134995,-0.568456143,-0.135704548,-0.037433362,-0.702116825,-0.049706223,-0.072541924,-0.977160438,-0.131292497,-0.080582998,-0.750062341,-0.109172589,-0.056993726,-0.57605369,-0.07523377,0.118608115,-0.676412104,-0.102659504,0.05132169,-0.87562133,-0.148251389,0.013030139,-0.722091562,-0.130207774,0.022217052,-0.574808264,-0.109121947,fist
0,0,0,-0.225385227,-0.17070898,-0.036274131,-0.360899024,-0.376940782,-0.079258194,-0.297509704,-0.569171797,-0.145048939,-0.153080205,-0.590769525,-0.202998507,-0.314697679,-0.67854778,0.045204014,-0.389963188,-0.884175821,-0.06150442,-0.38794399,-0.705203358,-0.142696016,-0.349711803,-0.541159509,-0.183722579,-0.197626669,-0.719421746,0.012130634,-0.271840165,-0.957322741,-0.098163607,-0.269792633,-0.745902447,-0.148955111,-0.231034268,-0.562893787,-0.157508109,-0.064716185,-0.73445284,-0.039990869,-0.143692417,-0.954467895,-0.131819183,-0.155629462,-0.752335552,-0.135030396,-0.120412711,-0.567089201,-0.11039447,0.082718207,-0.715100909,-0.100045885,-0.013190896,-0.89586494,-0.138187371,-0.053825349,-0.774883911,-0.122313905,-0.039239554,-0.630494628,-0.098789759,fist
0,0,0,-0.236739956,-0.030355415,-0.090010946,-0.443059408,-0.261387003,-0.148082192,-0.388436397,-0.490967434,-0.208512721,-0.197913597,-0.513494133,-0.250166262,-0.41608804,-0.643143825,-0.037401638,-0.532730809,-0.783111993,-0.153413498,-0.480490383,-0.545532943,-0.214238142,-0.39854867,-0.446784077,-0.24836697,-0.279278711,-0.727135349,-0.047953159,-0.407036351,-0.896853713,-0.173132393,-0.345799896,-0.611066779,-0.179913507,-0.263394245,-0.513410223,-0.15609858,-0.132385935,-0.772492694,-0.082108185,-0.2575297,-0.936265988,-0.203393931,-0.229341386,-0.639335915,-0.16152753,-0.158033237,-0.529074353,-0.103597602,0.035491072,-0.775152056,-0.128106446,-0.108558827,-0.896781706,-0.200573686,-0.120127501,-0.679514235,-0.176085104,-0.068098466,-0.56909988,-0.141587313,fist
0,0,0,-0.229569778,-0.055006425,-0.063898841,-0.418736191,-0.27758942,-0.105309536,-0.364889216,-0.505398871,-0.155735421,-0.18117925,-0.544668657,-0.19120267,-0.403186126,-0.598837835,0.002534559,-0.516697784,-0.791067294,-0.097482676,-0.472618775,-0.581302515,-0.156332904,-0.393885914,-0.466211577,-0.188584342,-0.272467824,-0.687402126,-0.011650504,-0.388283749,-0.914229224,-0.115847556,-0.340581933,-0.657060758,-0.129863557,-0.269458709,-0.534913229,-0.113651487,-0.129897079,-0.738771872,-0.046401745,-0.241797261,-0.948498966,-0.147039183,-0.22169059,-0.681319876,-0.11850867,-0.157455225,-0.541718334,-0.072160654,0.036612493,-0.748239316,-0.090476095,-0.087708201,-0.913725362,-0.152731648,-0.105408693,-0.733145858,-0.135807619,-0.060082806,-0.605311335,-0.10837873,fist
0,0,0,-0.228115531,-0.21746868,-0.039837305,-0.349028699,-0.474059103,-0.080023578,-0.245693301,-0.653446607,-0.142134799,-0.069461429,-0.649573552,-0.193669181,-0.322517602,-0.666782741,0.044644397,-0.382893634,-0.881328729,-0.074351278,-0.351290178,-0.671661031,-0.149989381,-0.29103279,-0.538983723,-0.185069472,-0.193376686,-0.701155078,0.010743193,-0.246889218,-0.961556457,-0.120228508,-0.219682312,-0.7267572,-0.160322205,-0.17067457,-0.577409926,-0.154476036,-0.048356434,-0.719270464,-0.04482076,-0.11664627,-0.97386186,-0.152196824,-0.110103205,-0.743442826,-0.132515024,-0.072059503,-0.599767082,-0.0873866,0.107081008,-0.704932574,-0.109121649,0.002239128,-0.89029702,-0.151482663,-0.015473347,-0.737253487,-0.120399022,0.014472193,-0.612909556,-0.083634918,fist
0,0,0,-0.18478801,-0.191227529,-0.026333394,-0.278874969,-0.455460261,-0.048215503,-0.173273154,-0.648649081,-0.08945481,-0.016209398,-0.626145221,-0.116733302,-0.233059594,-0.693810398,0.065531565,-0.284714769,-0.912498213,-0.033402925,-0.271018756,-0.692309767,-0.103156512,-0.217858484,-0.551942799,-0.139707397,-0.108982994,-0.71930183,0.033643239,-0.150997211,-0.986001953,-0.070710619,-0.148158086,-0.740983597,-0.100513832,-0.105354176,-0.598536685,-0.093701673,0.020431284,-0.719219425,-0.018020283,-0.019505206,-0.982030476,-0.097123321,-0.039760923,-0.761126985,-0.07134084,-0.007278824,-0.620832577,-0.030942509,0.161377435,-0.68406262,-0.078743752,0.090449372,-0.877751932,-0.108356378,0.053272666,-0.743083359,-0.082073151,0.077598107,-0.627035377,-0.053579955,fist
0,0,0,-0.196682545,-0.161563551,-0.043078079,-0.303090778,-0.418158567,-0.072151822,-0.194087558,-0.60484865,-0.117817828,-0.023222526,-0.608719358,-0.152286267,-0.260485636,-0.700970087,0.049724836,-0.306718585,-0.910164568,-0.043678696,-0.285462934,-0.710521187,-0.114052836,-0.240902388,-0.552223279,-0.153306996,-0.129127044,-0.739922171,0.026031258,-0.178607344,-0.981131777,-0.074026033,-0.159721072,-0.738882357,-0.109611598,-0.119640502,-0.578718407,-0.109955452,0.008599063,-0.748114733,-0.017563276,-0.040963226,-0.979004472,-0.100191422,-0.045029123,-0.760840806,-0.088049358,-0.014365853,-0.606398862,-0.058144895,0.157578058,-0.71584248,-0.07086766,0.084007733,-0.909010383,-0.114552547,0.044879958,-0.762010424,-0.09842617,0.054572231,-0.624970544,-0.076187666,fist
0,0,0,-0.209071098,-0.147233284,-0.041643028,-0.341881015,-0.398956635,-0.076209711,-0.249107458,-0.586382259,-0.127463122,-0.075319,-0.582715975,-0.165145316,-0.304818102,-0.704639676,0.036862992,-0.38308104,-0.883135586,-0.068494396,-0.357073821,-0.65756771,-0.13791819,-0.295852504,-0.515727591,-0.173687668,-0.176827747,-0.754022699,0.009762215,-0.255068151,-0.96098349,-0.107009209,-0.229056957,-0.699751498,-0.132786733,-0.166902533,-0.549618183,-0.118803016,-0.0365808,-0.772328172,-0.037946214,-0.116390154,-0.980466388,-0.130935865,-0.115811528,-0.741417251,-0.105719589,-0.062585244,-0.596712196,-0.060837776,0.119249391,-0.752639724,-0.095223858,0.009731963,-0.900954521,-0.138652506,-0.016842784,-0.744441017,-0.117763902,0.023477641,-0.626488361,-0.088433621,fist
0,0,0,-0.211200287,-0.152054132,-0.041637655,-0.344446361,-0.399824578,-0.079155998,-0.269102123,-0.599009298,-0.133449323,-0.096315216,-0.598323847,-0.174530021,-0.28166109,-0.675190178,0.023571883,-0.375020404,-0.864651768,-0.090018617,-0.338351199,-0.637192922,-0.164156421,-0.259234049,-0.50162186,-0.202383723,-0.162730539,-0.720336615,-0.004471428,-0.248804717,-0.953076196,-0.121902122,-0.217554903,-0.690937967,-0.145002484,-0.144869777,-0.552470053,-0.130985979,-0.029970243,-0.740200658,-0.053163263,-0.113017976,-0.982263717,-0.149615934,-0.109337244,-0.727618627,-0.117184487,-0.048669266,-0.582410983,-0.066937139,0.120544748,-0.722659558,-0.111800936,0.016696204,-0.905422764,-0.158289087,-0.014290568,-0.737909496,-0.131820008,0.023344139,-0.609433617,-0.098473729,fist
0,0,0,-0.221588941,-0.13954136,-0.036009384,-0.360112704,-0.388383209,-0.073747921,-0.277055309,-0.582919925,-0.130210001,-0.098027556,-0.576790877,-0.178400593,-0.283379865,-0.683455307,0.025785989,-0.363392883,-0.868105225,-0.07973336,-0.345354722,-0.642633385,-0.154105755,-0.277687697,-0.483887295,-0.194604283,-0.159657894,-0.730634613,-0.00639169,-0.237002935,-0.950493651,-0.121856413,-0.217463799,-0.692763679,-0.15318923,-0.147216299,-0.530043276,-0.145718806,-0.022625111,-0.747025989,-0.056722947,-0.104150955,-0.983272373,-0.149425634,-0.107131966,-0.738115506,-0.12648342,-0.049011842,-0.577116236,-0.085176017,0.130651578,-0.719212117,-0.115684977,0.024856089,-0.896414484,-0.16402542,-0.006889905,-0.725610744,-0.141558209,0.032382886,-0.588162017,-0.111918438,fist
0,0,0,-0.210356488,-0.106179722,-0.052693407,-0.366484648,-0.343457356,-0.092318835,-0.293088709,-0.54347143,-0.144575586,-0.111011718,-0.542903444,-0.185759885,-0.309357077,-0.688097724,0.018923745,-0.387848928,-0.859819591,-0.084072214,-0.360879909,-0.646894062,-0.157159818,-0.294974101,-0.501349107,-0.198174987,-0.178982452,-0.749159974,-0.00458229,-0.26109533,-0.959129476,-0.109086556,-0.244407191,-0.709078028,-0.137454502,-0.181229607,-0.558697118,-0.130626074,-0.039218089,-0.767344065,-0.048333898,-0.124441504,-0.978373036,-0.144004353,-0.130323979,-0.728026508,-0.124325202,-0.074583822,-0.568643201,-0.083637939,0.118701856,-0.735638401,-0.101277318,0.013687169,-0.908833451,-0.159966603,-0.022835206,-0.736563873,-0.142375473,0.01241229,-0.595634236,-0.113713644,fist
0,0,0,-0.200783648,-0.119504556,-0.058169225,-0.350236613,-0.354168379,-0.105604599,-0.296987077,-0.548528077,-0.16217677,-0.137141916,-0.564693365,-0.201713173,-0.279838464,-0.70695978,0.005909606,-0.384986912,-0.864923489,-0.104069002,-0.369085887,-0.634939915,-0.170436273,-0.30557224,-0.508167179,-0.207246227,-0.151948755,-0.750937429,-0.017443251,-0.264528224,-0.954736648,-0.13602482,-0.243893091,-0.681290679,-0.1551811,-0.17424216,-0.559868268,-0.140222824,-0.013043537,-0.76634426,-0.062006289,-0.126550631,-0.967752719,-0.177384799,-0.129851064,-0.690862619,-0.146985705,-0.063097938,-0.563894246,-0.097264922,0.142609355,-0.731399207,-0.115388201,0.005764385,-0.88964586,-0.189283188,-0.030506167,-0.680374178,-0.168387092,0.009588895,-0.547474246,-0.134916891,fist
0,0,0,-0.208489451,-0.088402699,-0.062149605,-0.375270404,-0.329805595,-0.105913567,-0.311483144,-0.535799562,-0.155772941,-0.144967766,-0.558864556,-0.187194584,-0.315615752,-0.694683311,-0.006369186,-0.413663733,-0.858007055,-0.116150114,-0.3786251,-0.621169431,-0.186320216,-0.306191564,-0.489563344,-0.226734205,-0.181342293,-0.744121615,-0.021991404,-0.29088247,-0.943510873,-0.131951482,-0.256923832,-0.665506201,-0.14696851,-0.185536185,-0.54452702,-0.133813678,-0.041759135,-0.766048272,-0.058408973,-0.146753125,-0.975318346,-0.16497771,-0.147521244,-0.695367459,-0.129764072,-0.086718111,-0.553244413,-0.080147017,0.117534901,-0.738439995,-0.104532524,-0.009090747,-0.903998447,-0.175889394,-0.045710254,-0.701041646,-0.156322472,-0.009830024,-0.564356789,-0.124918531,fist
0,0,0,-0.220761748,-0.125813715,-0.058968201,-0.379334096,-0.384821923,-0.107616699,-0.314016922,-0.594657027,-0.166512513,-0.140312388,-0.554299173,-0.211292252,-0.333496669,-0.723667939,-0.002872628,-0.407524477,-0.882081245,-0.101346118,-0.384420633,-0.638569074,-0.165476475,-0.315153577,-0.515814003,-0.205330856,-0.196231465,-0.763643886,-0.025095561,-0.272557973,-0.952087793,-0.138711878,-0.251158264,-0.675287834,-0.156905924,-0.192178184,-0.533796782,-0.142894335,-0.052695091,-0.776280414,-0.066080495,-0.130506406,-0.972900456,-0.160144632,-0.138555705,-0.709956,-0.12698669,-0.09359802,-0.559991219,-0.080718983,0.104747382,-0.746561705,-0.117814683,-0.004811567,-0.887035124,-0.168575064,-0.039131876,-0.703488201,-0.146579086,-0.006014699,-0.574609947,-0.118180855,fist
0,0,0,-0.198981608,-0.16251429,-0.03825391,-0.323382077,-0.402788687,-0.080507317,-0.240326228,-0.577208155,-0.142101855,-0.074213207,-0.576554419,-0.196097185,-0.280412203,-0.690670636,0.032792161,-0.353575948,-0.884246331,-0.076651102,-0.334699802,-0.673601386,-0.158595357,-0.276133408,-0.50066867,-0.202757291,-0.15792873,-0.73544619,0.002783354,-0.228433569,-0.96684543,-0.114140348,-0.210567323,-0.706894565,-0.155715373,-0.155244928,-0.524327076,-0.156406489,-0.020942733,-0.752510289,-0.045585785,-0.093462221,-0.981267113,-0.13616817,-0.102618317,-0.735743083,-0.120592004,-0.0631125,-0.558776776,-0.08549632,0.132414316,-0.729569004,-0.10316633,0.034971516,-0.88463179,-0.146669217,-0.001510003,-0.714009399,-0.127735776,0.022597891,-0.57295279,-0.102341836,fist
0,0,0,-0.193976828,-0.166002598,-0.036602681,-0.319314383,-0.413399567,-0.078949406,-0.237060202,-0.589526683,-0.139991293,-0.073515631,-0.585086413,-0.191928379,-0.264460464,-0.713005543,0.026968088,-0.340170164,-0.89927376,-0.084975852,-0.32288989,-0.670027942,-0.161755143,-0.2641892,-0.512747524,-0.202631573,-0.140636711,-0.748604567,-0.006248125,-0.21839698,-0.9673476,-0.128613294,-0.198407122,-0.689123212,-0.160454941,-0.140089546,-0.52578857,-0.152897735,-0.002986714,-0.757266467,-0.058109046,-0.083762047,-0.976581747,-0.154716384,-0.089905498,-0.71061398,-0.125959064,-0.045811506,-0.553950563,-0.081387567,0.150341371,-0.72318964,-0.118880627,0.042201819,-0.877013111,-0.164221496,0.009963629,-0.69009417,-0.13591623,0.041075241,-0.562055462,-0.103168086,fist
0,0,0,-0.19647724,-0.171824791,-0.034182022,-0.323356875,-0.416053497,-0.078372555,-0.240273883,-0.586242341,-0.142104937,-0.073515065,-0.574267233,-0.19789126,-0.267562926,-0.704808721,0.023643499,-0.341347869,-0.890671544,-0.085685153,-0.322101687,-0.665436411,-0.160079034,-0.261947341,-0.513893436,-0.200439894,-0.143610961,-0.738509677,-0.011373902,-0.217811163,-0.96706144,-0.131721175,-0.19692028,-0.69564916,-0.162906163,-0.139889652,-0.532385857,-0.15546446,-0.003735819,-0.748094148,-0.064261865,-0.088113188,-0.977545089,-0.161064638,-0.090113038,-0.711325483,-0.134017148,-0.0419581,-0.551861142,-0.089913817,0.151157427,-0.717948679,-0.125183224,0.031319005,-0.885356581,-0.170636511,0.00548137,-0.702474058,-0.143024037,0.043816358,-0.573218055,-0.110856392,fist
0,0,0,-0.223662428,-0.134790363,-0.056131675,-0.366941961,-0.38175387,-0.099514254,-0.278588177,-0.579268733,-0.154910883,-0.100461375,-0.571068384,-0.197416876,-0.300879265,-0.70257665,0.012079763,-0.374154541,-0.891004245,-0.100420634,-0.349623152,-0.661950985,-0.176482976,-0.287223355,-0.510685443,-0.21619476,-0.165801746,-0.746350671,-0.011270963,-0.234627952,-0.963959474,-0.125426702,-0.218323381,-0.703085927,-0.152838302,-0.156930414,-0.55186945,-0.142150395,-0.023824423,-0.749524714,-0.055759627,-0.091329085,-0.968766547,-0.15152352,-0.10158703,-0.723454689,-0.125896062,-0.053054357,-0.572596894,-0.081029116,0.132809457,-0.704656707,-0.110405092,0.043360021,-0.863796536,-0.161235797,0.002315463,-0.696457581,-0.137692719,0.030133503,-0.568916428,-0.10532944,fist
0,0,0,-0.217951911,-0.12896295,-0.056686284,-0.374909523,-0.38106822,-0.102885314,-0.303285933,-0.585010409,-0.16042819,-0.137004894,-0.595146123,-0.203084756,-0.268644831,-0.718004316,0.00343061,-0.364252848,-0.894865945,-0.113888274,-0.359234796,-0.644909457,-0.183155668,-0.290725917,-0.514404819,-0.219771342,-0.140797577,-0.742818658,-0.020087259,-0.229843465,-0.961710615,-0.149280525,-0.227215256,-0.67116067,-0.166821515,-0.15874952,-0.538947224,-0.14647198,-0.006256132,-0.745534469,-0.065350377,-0.092845172,-0.964225981,-0.178720635,-0.116686417,-0.689415148,-0.141963357,-0.05635447,-0.563907673,-0.08618718,0.145661099,-0.705847243,-0.119956664,0.030095508,-0.888319744,-0.177792764,-0.010562701,-0.69201677,-0.147278309,0.031625986,-0.570510479,-0.108350218,fist
0,0,0,-0.20919736,-0.141470162,-0.043401723,-0.344009466,-0.39035123,-0.081113114,-0.279249789,-0.571204319,-0.136372346,-0.12821966,-0.592695972,-0.179343579,-0.245495797,-0.695294496,0.032944763,-0.31484503,-0.903933138,-0.082488711,-0.319984933,-0.679332886,-0.150928013,-0.261674457,-0.538309478,-0.182994665,-0.130404476,-0.722526742,0.0032721,-0.194777263,-0.973089666,-0.12311913,-0.207394849,-0.70263912,-0.147680909,-0.143655472,-0.563816343,-0.128805679,0.001062854,-0.723816745,-0.048904584,-0.070097247,-0.974547506,-0.163173465,-0.103718078,-0.711081942,-0.134627479,-0.045943353,-0.573299268,-0.080828611,0.152659753,-0.684511005,-0.109108129,0.058231809,-0.879256754,-0.167825771,0.006418908,-0.698937355,-0.139891141,0.040485622,-0.56900247,-0.101215639,fist
0,0,0,-0.183387448,-0.141568632,-0.06642196,-0.296238184,-0.409285568,-0.106667451,-0.195680308,-0.593032887,-0.153693432,-0.042370107,-0.628348722,-0.184174354,-0.211169087,-0.762390739,0.012565779,-0.284834641,-0.933326017,-0.08447361,-0.295155552,-0.71766149,-0.143997344,-0.260752711,-0.577506769,-0.176039262,-0.071173571,-0.777036515,0.001472047,-0.150679776,-0.983045897,-0.104481435,-0.159026592,-0.726123757,-0.12800137,-0.12682927,-0.582560914,-0.120142111,0.066594894,-0.754528179,-0.030510583,-0.010855563,-0.953132353,-0.134366979,-0.03833966,-0.699179394,-0.116988456,-0.010469932,-0.547567236,-0.080752258,0.209362527,-0.683675683,-0.071038861,0.111338346,-0.856094719,-0.141092418,0.065545706,-0.686579599,-0.132733826,0.084114182,-0.559808472,-0.110252188,fist
0,0,0,-0.181277978,-0.180701744,-0.037407645,-0.274811238,-0.445643039,-0.062847279,-0.172735308,-0.638567621,-0.103695911,-0.018848921,-0.624773763,-0.132426856,-0.236280795,-0.6989715,0.046902479,-0.274202992,-0.908534831,-0.042804174,-0.261129149,-0.703931657,-0.107928922,-0.222364618,-0.548125118,-0.1437066,-0.107162525,-0.725869094,0.022319242,-0.139052408,-0.987582257,-0.07311438,-0.138701639,-0.750800866,-0.102636641,-0.113138569,-0.594264363,-0.09990291,0.027358639,-0.723001946,-0.021009405,-0.002139257,-0.972650867,-0.102542324,-0.027266526,-0.757556205,-0.085659094,-0.012715148,-0.602181998,-0.052493569,0.171135863,-0.678792006,-0.073077122,0.113866412,-0.87940871,-0.117586085,0.069757305,-0.743032673,-0.102374057,0.074554096,-0.607859158,-0.080996515,fist
0,0,0,-0.206691586,-0.155346274,-0.055234288,-0.328178617,-0.440252989,-0.085742955,-0.214476988,-0.642734073,-0.127356887,-0.030435406,-0.620903176,-0.1549913,-0.286206159,-0.674598259,0.010438536,-0.338540813,-0.897377262,-0.083150322,-0.319463215,-0.687752159,-0.139412887,-0.269569141,-0.579640756,-0.171287237,-0.155328684,-0.709552625,-0.007590749,-0.19725166,-0.974767139,-0.10450267,-0.189038871,-0.726623846,-0.116507901,-0.154016885,-0.605488426,-0.102598072,-0.021105522,-0.707864201,-0.045706128,-0.048230481,-0.982190645,-0.13158211,-0.07007976,-0.74310554,-0.093823616,-0.052765936,-0.606791034,-0.045887263,0.119952105,-0.668137194,-0.094218432,0.075881305,-0.890685097,-0.139892585,0.031640146,-0.746636679,-0.113243749,0.036104207,-0.623079303,-0.083638199,fist
0,0,0,-0.20178432,-0.139011147,-0.051042628,-0.327520285,-0.438439762,-0.072311418,-0.209536561,-0.644431916,-0.100804708,-0.021235834,-0.62143925,-0.11266103,-0.299470902,-0.683524967,0.002554173,-0.351772215,-0.88574081,-0.082758159,-0.323063297,-0.669394996,-0.132644582,-0.273479793,-0.583235153,-0.164199274,-0.164004095,-0.723763778,-0.012982605,-0.21089221,-0.972599855,-0.097846807,-0.190938862,-0.719471774,-0.098858258,-0.155125156,-0.619237403,-0.081640145,-0.023815305,-0.725104325,-0.047012888,-0.054958913,-0.978892006,-0.125491164,-0.065971906,-0.73092119,-0.08046027,-0.044474165,-0.609405208,-0.031420994,0.124058134,-0.68847033,-0.090782551,0.076086279,-0.890387819,-0.138581494,0.039672375,-0.735255413,-0.112245331,0.050126583,-0.624105039,-0.083665127,fist
0,0,0,-0.197077692,-0.133994989,-0.047705328,-0.318385348,-0.437102167,-0.067183282,-0.208421683,-0.650900834,-0.095901927,-0.024551239,-0.630343301,-0.110380017,-0.287079105,-0.665210102,0.012876713,-0.343840909,-0.886396873,-0.076000679,-0.320188598,-0.689253304,-0.129048659,-0.272981257,-0.571358069,-0.158965934,-0.155083359,-0.707217542,-0.001950708,-0.198711096,-0.975830653,-0.090930948,-0.185336665,-0.738900888,-0.098660161,-0.151104534,-0.613672434,-0.083696416,-0.020246512,-0.711360479,-0.03554965,-0.049316493,-0.973643405,-0.116971063,-0.069629428,-0.738145796,-0.07926596,-0.051576034,-0.603123265,-0.033318191,0.12433171,-0.675130539,-0.078578273,0.075406178,-0.88268968,-0.127879892,0.032057853,-0.73691994,-0.10758707,0.038151017,-0.616571424,-0.083096255,fist
0,0,0,-0.198867813,-0.154206599,-0.049625731,-0.316619833,-0.440795967,-0.075025329,-0.20977209,-0.648767623,-0.111295872,-0.029679816,-0.630955678,-0.13394964,-0.281386679,-0.656489621,0.015111777,-0.337668274,-0.890798463,-0.077013839,-0.318038183,-0.695576608,-0.135438143,-0.272712445,-0.5699225,-0.168699831,-0.151980546,-0.695867025,-0.000825919,-0.195758612,-0.976088117,-0.094501609,-0.186642804,-0.743243999,-0.109840307,-0.153694112,-0.609448222,-0.100109122,-0.019998993,-0.70088969,-0.035868429,-0.047561526,-0.977488958,-0.11803648,-0.071719912,-0.75016343,-0.084644228,-0.055558731,-0.606942365,-0.041782003,0.122041613,-0.665341242,-0.080926942,0.072264105,-0.877994852,-0.129139708,0.025515286,-0.738697452,-0.110535607,0.02752711,-0.610858932,-0.0877374,fist
0,0,0,-0.202716915,-0.153060334,-0.045982628,-0.322173047,-0.451929891,-0.067335852,-0.204370467,-0.663531332,-0.100113457,-0.017377309,-0.660469798,-0.117711214,-0.286845595,-0.680027795,0.020780288,-0.346281312,-0.895424358,-0.07259367,-0.321405561,-0.688994494,-0.126985085,-0.262932185,-0.588947745,-0.157276447,-0.150602143,-0.717935544,0.001889748,-0.196450519,-0.975941178,-0.094583358,-0.183802127,-0.727737866,-0.102746129,-0.137866427,-0.614108522,-0.084745569,-0.00944258,-0.720587098,-0.037009587,-0.041391604,-0.984808754,-0.122266634,-0.064627294,-0.745248399,-0.081608531,-0.033826516,-0.616873504,-0.031091685,0.143592872,-0.687920556,-0.085659517,0.091333755,-0.891123591,-0.131757639,0.042687922,-0.748195761,-0.106408626,0.055943928,-0.636090337,-0.076605231,fist
0,0,0,-0.194472929,-0.184324389,-0.036763144,-0.291050078,-0.47624709,-0.054328466,-0.177840293,-0.667647932,-0.086586126,-0.00958316,-0.658822242,-0.104793966,-0.260835563,-0.681955628,0.037107617,-0.308501496,-0.91080029,-0.051908108,-0.292322282,-0.701505446,-0.104323028,-0.243805399,-0.590516912,-0.132426104,-0.132008178,-0.715679967,0.013092896,-0.16757472,-0.982453182,-0.081880753,-0.163054365,-0.739708561,-0.094078086,-0.12732636,-0.620142151,-0.077945804,0.00443948,-0.71678449,-0.030157301,-0.022681048,-0.985032494,-0.107803992,-0.048474392,-0.755230856,-0.069455005,-0.026753799,-0.629618372,-0.0219989,0.15214482,-0.682635475,-0.082909292,0.097731064,-0.881959898,-0.117538371,0.050727297,-0.744227318,-0.088070204,0.060895399,-0.637838131,-0.057415074,fist
0,0,0,-0.194424024,-0.165699805,-0.047063939,-0.293784054,-0.459945748,-0.067644109,-0.181014764,-0.659773831,-0.099108956,-0.013197234,-0.650245682,-0.116268032,-0.244000687,-0.686946543,0.034781231,-0.296850014,-0.910750735,-0.049940202,-0.286805396,-0.716232146,-0.103618329,-0.252932838,-0.577904629,-0.133666016,-0.111507824,-0.715474895,0.021389474,-0.160679864,-0.984601944,-0.068854863,-0.157418379,-0.74587316,-0.087423636,-0.129138912,-0.611931361,-0.079835933,0.023975377,-0.71281302,-0.011367554,-0.013378894,-0.975261754,-0.098335576,-0.038790709,-0.748719673,-0.07700265,-0.019502515,-0.607294903,-0.041402344,0.1694637,-0.670071778,-0.052604332,0.095237014,-0.867976246,-0.109216339,0.061468248,-0.728127491,-0.101197846,0.080446336,-0.613117889,-0.083645407,fist
0,0,0,-0.193055406,-0.144493737,-0.066155238,-0.313741729,-0.414674967,-0.103390382,-0.209753092,-0.620105646,-0.147325687,-0.033087636,-0.630313985,-0.174998007,-0.266055338,-0.693609321,0.004349332,-0.325714843,-0.906108189,-0.091300907,-0.314075971,-0.70367904,-0.151489311,-0.274685154,-0.574662982,-0.186397885,-0.126631931,-0.728700606,-0.007519209,-0.177952715,-0.978674202,-0.102614019,-0.168545947,-0.733132861,-0.117646253,-0.129235827,-0.609134035,-0.10985319,0.009684824,-0.720122173,-0.040478071,-0.022787597,-0.974600508,-0.135791027,-0.046702044,-0.742929414,-0.108016436,-0.024415702,-0.607266603,-0.068679145,0.150572068,-0.665954993,-0.083555238,0.089841599,-0.855307275,-0.1486985,0.046470266,-0.712929731,-0.137450045,0.053353771,-0.595916274,-0.117435234,fist
0,0,0,-0.203470159,-0.104623373,-0.087399507,-0.325680933,-0.380967845,-0.13203627,-0.210505014,-0.581700388,-0.176438782,-0.02170044,-0.58794131,-0.205151824,-0.278717814,-0.658253691,-0.029563522,-0.328863159,-0.874978871,-0.125814628,-0.300433367,-0.693239417,-0.188703066,-0.251847099,-0.557283574,-0.226825823,-0.133618714,-0.711340172,-0.029791345,-0.178789375,-0.976203975,-0.122719839,-0.161282795,-0.743666211,-0.142439979,-0.124565727,-0.604228627,-0.138899033,0.005023116,-0.714171496,-0.050620129,-0.02028227,-0.969821802,-0.142166673,-0.040791932,-0.748045871,-0.122400285,-0.022585169,-0.597567878,-0.090170676,0.152803226,-0.666230487,-0.082782122,0.108601939,-0.85291707,-0.149327686,0.060647253,-0.712758586,-0.145804796,0.05846234,-0.585436105,-0.132487738,fist
0,0,0,-0.205224251,-0.105552235,-0.08639569,-0.334953246,-0.382421021,-0.13139501,-0.22751736,-0.586418814,-0.176626193,-0.04190625,-0.598834268,-0.202743713,-0.281601438,-0.682827364,-0.023031832,-0.345507031,-0.890073442,-0.128592522,-0.32171305,-0.681399987,-0.189309043,-0.27279392,-0.552204084,-0.222690609,-0.132989576,-0.727882231,-0.024215183,-0.196995054,-0.972035973,-0.127824157,-0.177845185,-0.706769245,-0.137492107,-0.130402278,-0.58303089,-0.122264312,0.008647361,-0.725093739,-0.048272468,-0.032619329,-0.967709862,-0.152417509,-0.056595409,-0.715349436,-0.118248669,-0.029708792,-0.578442127,-0.071584426,0.160024014,-0.672429427,-0.083446705,0.098853521,-0.848510634,-0.154080228,0.046254284,-0.687691647,-0.14090218,0.050065945,-0.568954882,-0.116905898,fist
0,0,0,-0.181732911,-0.117841751,-0.089608326,-0.285925483,-0.395266312,-0.146040031,-0.19062799,-0.581696126,-0.198547418,-0.034608511,-0.596676499,-0.225631836,-0.138853184,-0.701657478,-0.056526832,-0.214463135,-0.94135022,-0.162325171,-0.246888943,-0.723037202,-0.20639403,-0.21027423,-0.60749262,-0.228212321,-0.007254483,-0.705770624,-0.055902445,-0.081127511,-0.982832505,-0.165706351,-0.110547273,-0.705519393,-0.164141054,-0.063243453,-0.592727235,-0.141023552,0.116626036,-0.681197094,-0.076236529,0.048635179,-0.932265319,-0.186389065,-0.005659714,-0.672814502,-0.148315869,0.040958115,-0.543325118,-0.100961963,0.252322041,-0.606686239,-0.10613731,0.165609913,-0.817416349,-0.181629005,0.099051159,-0.651227259,-0.167105449,0.114335489,-0.533583424,-0.140976327,fist
0,0,0,0.14790394,0.029297001,-0.131392431,0.269829956,-0.147360261,-0.196454421,0.27313963,-0.349985966,-0.250053497,0.235609295,-0.488636755,-0.278199034,0.330589582,-0.607958427,-0.094264207,0.282232885,-0.8217981,-0.224735975,0.210527618,-0.600293627,-0.289011584,0.237749596,-0.476322553,-0.32399185,0.19608767,-0.677480239,-0.086102656,0.145177665,-0.945090785,-0.225443627,0.100533309,-0.650623666,-0.24257694,0.151469612,-0.532994093,-0.227369329,0.077913676,-0.692545883,-0.103793635,0.023975162,-0.96900861,-0.245860745,-0.002770405,-0.688400596,-0.207601375,0.054051355,-0.568992069,-0.152066648,-0.023076906,-0.652138858,-0.134133455,-0.091784585,-0.820532118,-0.228685956,-0.106117663,-0.627710227,-0.20759205,-0.060205491,-0.528049988,-0.172345329,fist
0,0,0,-0.208186731,-0.121451745,-0.083797265,-0.350494281,-0.340748385,-0.146407718,-0.269458664,-0.532799942,-0.204648079,-0.108549766,-0.564130801,-0.236641765,-0.21510362,-0.694204966,-0.055784471,-0.333746159,-0.908957493,-0.15631987,-0.344135413,-0.689132596,-0.205641237,-0.296410686,-0.5798758,-0.234485808,-0.079026746,-0.721501519,-0.054764021,-0.189705661,-0.971006819,-0.145456249,-0.196712362,-0.674923968,-0.135301238,-0.141846938,-0.569853002,-0.115861905,0.044218234,-0.710716191,-0.073060554,-0.037731101,-0.940579362,-0.160399526,-0.08343446,-0.658794876,-0.101579273,-0.031003079,-0.523436771,-0.050280352,0.182941108,-0.622786055,-0.101709932,0.115622947,-0.82920608,-0.155607738,0.044053586,-0.654036347,-0.12065007,0.049835611,-0.526972364,-0.086800856,fist
0,0,0,-0.196017511,-0.104690862,-0.083351792,-0.323441959,-0.371526527,-0.127595874,-0.22440607,-0.575142577,-0.171886282,-0.043375719,-0.574482962,-0.197945726,-0.265743329,-0.690747184,-0.016604487,-0.338027393,-0.880206745,-0.117063538,-0.31946885,-0.673426139,-0.176048106,-0.269192815,-0.550696016,-0.209141386,-0.122003496,-0.732301135,-0.020781602,-0.179017669,-0.976138044,-0.122911323,-0.170245724,-0.703900584,-0.132431116,-0.127485192,-0.576224205,-0.114813673,0.018116438,-0.725008146,-0.046827857,-0.018269232,-0.950595312,-0.150493975,-0.047512291,-0.694560374,-0.114575078,-0.021147512,-0.563789957,-0.064318031,0.167410314,-0.664386845,-0.083533828,0.111708986,-0.833017641,-0.150215283,0.056710104,-0.661049209,-0.129786105,0.058021624,-0.542093375,-0.099642227,fist
0,0,0,-0.187020169,-0.145892902,-0.070965842,-0.294707898,-0.412838687,-0.113631673,-0.182484098,-0.60090843,-0.160702616,-0.006924083,-0.586529114,-0.190711574,-0.256676855,-0.703081857,-0.013098871,-0.301171184,-0.895496157,-0.109355989,-0.275169639,-0.680878603,-0.168972956,-0.224708127,-0.560121185,-0.205176898,-0.112911912,-0.736055644,-0.025693211,-0.153360125,-0.980288292,-0.12456138,-0.13426086,-0.724375766,-0.139052907,-0.095878579,-0.597380264,-0.129919062,0.028823331,-0.727507835,-0.058263787,0.000391007,-0.970624613,-0.147245187,-0.014855857,-0.733441654,-0.113971545,0.00492173,-0.601063539,-0.072570481,0.174581742,-0.671624695,-0.102155214,0.123047128,-0.856668866,-0.157441663,0.078720029,-0.706035697,-0.140054138,0.080099316,-0.587172238,-0.117882199,fist
0,0,0,-0.186959237,-0.151211313,-0.057711766,-0.303754871,-0.416373068,-0.093652017,-0.202689817,-0.601455034,-0.13618955,-0.030285671,-0.595259136,-0.16203938,-0.256709424,-0.708467186,-0.001514656,-0.308987742,-0.897244606,-0.09268914,-0.287992742,-0.683109568,-0.149889785,-0.236160119,-0.575629699,-0.186322899,-0.119348867,-0.739219324,-0.018744262,-0.167549186,-0.979327134,-0.113338584,-0.151131712,-0.718933657,-0.123273135,-0.106288867,-0.602505315,-0.111459295,0.020697679,-0.734105465,-0.054744881,-0.009578673,-0.981237152,-0.139611944,-0.030608815,-0.7371134,-0.100705973,-0.005612761,-0.616640533,-0.05665367,0.168164757,-0.680698201,-0.101089944,0.115614679,-0.867445862,-0.15235212,0.063683556,-0.706082266,-0.128156363,0.065026004,-0.595061408,-0.10159955,fist
0,0,0,-0.189208664,-0.174908839,-0.035503802,-0.278997691,-0.45074941,-0.057629187,-0.16009951,-0.632758231,-0.094938735,0.005492922,-0.625407914,-0.118740562,-0.225951418,-0.707021605,0.042020863,-0.285108511,-0.926790994,-0.057520598,-0.274199905,-0.724669196,-0.121717018,-0.225471878,-0.584597964,-0.155409981,-0.095978577,-0.730828006,0.016592836,-0.13768935,-0.986695451,-0.086450741,-0.134724309,-0.73007533,-0.104811091,-0.094605854,-0.591041012,-0.091583329,0.03760681,-0.722219448,-0.02844789,0.005979624,-0.966086758,-0.115209022,-0.024123229,-0.725501019,-0.079873804,0.000960811,-0.597851504,-0.032738796,0.180629234,-0.669733772,-0.082680826,0.124962563,-0.863756576,-0.12461582,0.072549648,-0.709046249,-0.095426997,0.079330714,-0.594776815,-0.063192492,fist
0,0,0,-0.190615532,-0.161463865,-0.04361391,-0.302212682,-0.441673137,-0.072279267,-0.189960517,-0.627210136,-0.113907167,-0.012281099,-0.603900846,-0.140529602,-0.254847351,-0.693154732,0.019357116,-0.302163649,-0.9105018,-0.075692583,-0.293085731,-0.69030449,-0.133817163,-0.246921039,-0.563016938,-0.167674393,-0.122880355,-0.719046095,-0.004057646,-0.161170652,-0.98166457,-0.101777661,-0.155161267,-0.722237387,-0.11129648,-0.111547906,-0.594661407,-0.096096258,0.011620385,-0.711808214,-0.046910742,-0.01637433,-0.975107874,-0.130660606,-0.042152714,-0.730779531,-0.089416505,-0.0149656,-0.605081998,-0.041959963,0.153366042,-0.663494796,-0.099597348,0.097520967,-0.85501895,-0.14342186,0.0441682,-0.70465053,-0.11636111,0.048649755,-0.59340864,-0.088256202,fist
0,0,0,-0.200168067,-0.169761399,-0.035549515,-0.318101118,-0.438538867,-0.066101499,-0.21406737,-0.620572712,-0.114226853,-0.044602765,-0.615382885,-0.151603352,-0.25971678,-0.702464875,0.025859388,-0.309028421,-0.905944037,-0.067227487,-0.306618044,-0.699744556,-0.126625846,-0.267159124,-0.560531116,-0.160298415,-0.131875144,-0.727237476,-0.004194057,-0.173094611,-0.979214585,-0.10572158,-0.172045078,-0.720468903,-0.124489319,-0.136854365,-0.571472133,-0.115445532,0.003304483,-0.71733634,-0.051850219,-0.031875969,-0.97415328,-0.135764609,-0.053243914,-0.724361197,-0.100162613,-0.028764307,-0.582344442,-0.057202674,0.14592615,-0.663870116,-0.108300884,0.083277024,-0.862885893,-0.145500969,0.037268649,-0.707113253,-0.113970702,0.045495351,-0.588098519,-0.084554284,fist
0,0,0,-0.173621774,-0.168058342,-0.043601597,-0.285422527,-0.436264482,-0.077881876,-0.183656494,-0.610292788,-0.12474657,-0.016944226,-0.598384275,-0.158236242,-0.247140675,-0.705941301,0.00684713,-0.30708188,-0.897816344,-0.099641356,-0.287586876,-0.671725832,-0.167059706,-0.240642341,-0.5374866,-0.204700161,-0.11723014,-0.73245536,-0.018641489,-0.168000475,-0.977130633,-0.130351703,-0.154051649,-0.701072678,-0.146802535,-0.112219494,-0.563588673,-0.132717486,0.016458259,-0.723130586,-0.062595985,-0.028352367,-0.956900289,-0.153197517,-0.048432631,-0.698281073,-0.111273303,-0.021867868,-0.572193815,-0.061164519,0.156738182,-0.668398207,-0.11633504,0.084859816,-0.824019828,-0.162374816,0.043442902,-0.658468233,-0.133380991,0.057074723,-0.55340656,-0.102214923,fist
0,0,0,-0.183842904,-0.131423719,-0.068534093,-0.305790354,-0.399285148,-0.109521742,-0.202297258,-0.58413449,-0.153485647,-0.027330329,-0.571063524,-0.180634468,-0.242591673,-0.705415752,-0.014406142,-0.308105672,-0.893434037,-0.116218339,-0.291414659,-0.674584179,-0.174580773,-0.241912235,-0.557731984,-0.207854131,-0.110883971,-0.74036317,-0.026514565,-0.168798989,-0.977262475,-0.128315848,-0.159795995,-0.706467591,-0.133487707,-0.114626091,-0.593421908,-0.113408349,0.020941652,-0.72734485,-0.059274129,-0.024244681,-0.944310441,-0.157893923,-0.049758141,-0.687746832,-0.117508527,-0.015936671,-0.574471667,-0.066076949,0.164169236,-0.662393339,-0.102336191,0.093547439,-0.819692584,-0.166711555,0.045212479,-0.652928553,-0.145557292,0.05726782,-0.554016981,-0.11587204,fist
0,0,0,-0.198614306,-0.114505571,-0.084419241,-0.323117035,-0.386144341,-0.126582345,-0.215603592,-0.568474839,-0.164017971,-0.053790159,-0.567878425,-0.182679805,-0.242352486,-0.695780064,-0.035021797,-0.319394566,-0.899690343,-0.132880223,-0.306152336,-0.694291421,-0.19165632,-0.262862663,-0.573399608,-0.226243086,-0.10803399,-0.727021102,-0.032650755,-0.182986037,-0.974933614,-0.126572347,-0.180026163,-0.7136103,-0.135031867,-0.139263165,-0.597104246,-0.122234557,0.024176392,-0.716974481,-0.050073674,-0.027043465,-0.954066392,-0.148637432,-0.060720578,-0.706840034,-0.115233663,-0.028320962,-0.57318454,-0.071443031,0.177219936,-0.644812205,-0.077521655,0.099980965,-0.833159464,-0.155804829,0.039001118,-0.656382868,-0.142166999,0.044966789,-0.537728995,-0.115659579,fist
0,0,0,-0.202567279,-0.09654799,-0.072238725,-0.328541654,-0.371962184,-0.103286444,-0.224957115,-0.558690921,-0.135822605,-0.051730221,-0.560108792,-0.151701874,-0.255874194,-0.697173649,0.004984946,-0.340736752,-0.881928275,-0.094549819,-0.329320042,-0.670482707,-0.154834963,-0.27560611,-0.549925085,-0.186858624,-0.12214116,-0.735401618,-0.000625314,-0.193642415,-0.97629788,-0.096669878,-0.20013355,-0.722958837,-0.107133869,-0.15271516,-0.601783284,-0.0897541,0.012943458,-0.721481522,-0.028753654,-0.034238893,-0.953193797,-0.132852579,-0.076024408,-0.69577069,-0.103258338,-0.042392313,-0.554704091,-0.054615678,0.167403022,-0.652452808,-0.066077698,0.093310747,-0.825845471,-0.141187459,0.03159997,-0.654276164,-0.12631026,0.043262626,-0.532550499,-0.095830852,fist
0,0,0,-0.20105406,-0.100226639,-0.063846108,-0.332353349,-0.363661288,-0.096849673,-0.234769134,-0.556020585,-0.132693114,-0.075063571,-0.585288359,-0.152893947,-0.256161228,-0.684615198,-0.003166017,-0.333601547,-0.897350833,-0.100020215,-0.326145065,-0.690257941,-0.161237106,-0.284440361,-0.550229916,-0.194160607,-0.128069061,-0.714913394,-0.011293397,-0.199101046,-0.97379924,-0.109880903,-0.19942486,-0.713842455,-0.127777422,-0.157163162,-0.564917718,-0.116232721,0.006252071,-0.706327309,-0.038442468,-0.041643824,-0.957501546,-0.139692125,-0.079027525,-0.704781568,-0.112048606,-0.051501215,-0.541288257,-0.066398743,0.163276802,-0.64070457,-0.073645363,0.089226034,-0.842875994,-0.148964825,0.023439119,-0.673716305,-0.133972807,0.023089666,-0.53643516,-0.103544819,fist
0,0,0,-0.20958242,-0.108123089,-0.063848387,-0.339281142,-0.380612106,-0.092470303,-0.236891682,-0.563493512,-0.122787969,-0.076245318,-0.568148703,-0.136090405,-0.257193315,-0.704209702,-0.00122217,-0.344732635,-0.892486046,-0.092772008,-0.341085586,-0.676496528,-0.151543058,-0.292901328,-0.560594985,-0.187104559,-0.131094074,-0.728781007,-0.009186961,-0.211276927,-0.971874395,-0.104029904,-0.220340268,-0.703599764,-0.117065598,-0.171028841,-0.572098606,-0.104215046,0.001171884,-0.715800004,-0.036219582,-0.052407312,-0.960226164,-0.131894333,-0.097995052,-0.70337101,-0.098585196,-0.059768746,-0.556786097,-0.052424833,0.156991281,-0.64582098,-0.071998842,0.07509447,-0.832291612,-0.143255248,0.003034257,-0.660289302,-0.125677801,0.011639562,-0.537950745,-0.095376355,fist
0,0,0,-0.200166561,-0.100953506,-0.06556313,-0.330390123,-0.363021788,-0.096822945,-0.231980502,-0.551145703,-0.130382737,-0.069540523,-0.571438765,-0.146319098,-0.24825585,-0.701621625,0.011354925,-0.33856931,-0.883755392,-0.088383266,-0.326578299,-0.665480696,-0.151284059,-0.271077751,-0.544337832,-0.186403279,-0.117940383,-0.729571026,0.001278647,-0.201507134,-0.974215099,-0.101488005,-0.204750209,-0.695119454,-0.115978174,-0.149456745,-0.561723504,-0.099681569,0.015749791,-0.71664354,-0.030137774,-0.042611383,-0.954067525,-0.137909134,-0.084509288,-0.682617825,-0.102067409,-0.041018803,-0.535099305,-0.048170229,0.177137035,-0.642963953,-0.070086443,0.092102407,-0.837852438,-0.145290285,0.022280433,-0.651591947,-0.120834221,0.03282814,-0.522430105,-0.082031495,fist
0,0,0,-0.201361199,-0.10619241,-0.06798173,-0.337759928,-0.362521869,-0.108725415,-0.250122685,-0.551763576,-0.152756047,-0.095393022,-0.609881536,-0.179755903,-0.239144561,-0.714871879,-0.002722855,-0.342850635,-0.88576745,-0.113672474,-0.34054184,-0.657630006,-0.181932981,-0.291215371,-0.526989474,-0.218009491,-0.11882183,-0.735401716,-0.015171364,-0.214468839,-0.968141331,-0.129249681,-0.219921035,-0.687931882,-0.148168645,-0.163071817,-0.554688282,-0.134176258,0.010793416,-0.719039046,-0.049314894,-0.060968934,-0.946176179,-0.165054898,-0.096843756,-0.67573486,-0.13411025,-0.047059915,-0.529175565,-0.083558862,0.166931463,-0.645520505,-0.092059941,0.075475294,-0.832876693,-0.174937126,0.010987245,-0.65063912,-0.156637615,0.025030587,-0.524016121,-0.121549105,fist
0,0,0,-0.22695235,-0.114078758,-0.047335754,-0.362718019,-0.366203146,-0.072877344,-0.285268635,-0.561146547,-0.107232176,-0.145475867,-0.61512221,-0.127980473,-0.297533417,-0.691816603,0.027483514,-0.390199444,-0.869317067,-0.056580963,-0.385139756,-0.685878938,-0.11511822,-0.332163512,-0.573655095,-0.148469438,-0.175703737,-0.730272568,0.013132807,-0.251962943,-0.965016615,-0.07250936,-0.263067412,-0.743109297,-0.091612767,-0.217955929,-0.613088108,-0.082858782,-0.044064237,-0.734010829,-0.019538251,-0.115955932,-0.966283714,-0.094268379,-0.154355034,-0.762520655,-0.073111096,-0.114152482,-0.615622526,-0.038459959,0.117662515,-0.692836629,-0.060882639,0.022132016,-0.889571468,-0.107561094,-0.036233198,-0.76484062,-0.092622049,-0.022988834,-0.643317962,-0.068206434,fist
0,0,0,-0.238480296,-0.036715721,-0.058098954,-0.455503112,-0.229708911,-0.097033544,-0.431201531,-0.465192964,-0.146150344,-0.256210289,-0.549777956,-0.178451494,-0.461881519,-0.551047812,-0.006459339,-0.599454262,-0.69086371,-0.114643288,-0.527457946,-0.474717436,-0.175287487,-0.433120437,-0.417727045,-0.208467979,-0.344723119,-0.644245981,-0.027946104,-0.473931251,-0.848174276,-0.138715425,-0.411078119,-0.591789782,-0.143435778,-0.321435216,-0.512189554,-0.118231052,-0.210381172,-0.697988805,-0.07074331,-0.330518273,-0.92925398,-0.165059726,-0.299486013,-0.673942078,-0.116617557,-0.22004962,-0.572253195,-0.057131802,-0.052454875,-0.721170354,-0.124618836,-0.164828974,-0.884451118,-0.171243227,-0.1874451,-0.712134186,-0.138661834,-0.142048131,-0.610981268,-0.101363935,fist
0,0,0,-0.234138321,-0.027637058,-0.062700098,-0.452277455,-0.221096881,-0.096292153,-0.416451359,-0.474771699,-0.1410195,-0.226345594,-0.569566129,-0.171006613,-0.493122306,-0.480985687,0.005675039,-0.636729064,-0.633657755,-0.089851586,-0.555773839,-0.446232865,-0.144549923,-0.470517333,-0.376161932,-0.17587775,-0.389925254,-0.602472576,-0.010855373,-0.536262006,-0.801090746,-0.118159945,-0.445746502,-0.569787795,-0.131572218,-0.361164544,-0.475933975,-0.1149862,-0.260499541,-0.692216763,-0.047906846,-0.396957054,-0.90658674,-0.143267513,-0.333937022,-0.666585193,-0.107609097,-0.259415982,-0.55961678,-0.05852357,-0.107247594,-0.751820288,-0.096079067,-0.246556535,-0.896075565,-0.146039174,-0.234678421,-0.727077059,-0.121019664,-0.17385479,-0.62654304,-0.091507572,fist
0,0,0,-0.228916485,-0.017105034,-0.057696187,-0.444558378,-0.207527764,-0.093023147,-0.414979488,-0.45936201,-0.141788127,-0.228843128,-0.566079974,-0.178293587,-0.488532022,-0.467345625,0.00702705,-0.634296444,-0.638761202,-0.092602822,-0.57251381,-0.464372765,-0.151270642,-0.485101172,-0.376021655,-0.18394753,-0.384960353,-0.585295126,-0.012715524,-0.528896634,-0.822079773,-0.119208157,-0.457393757,-0.589209759,-0.134663178,-0.369079584,-0.474955543,-0.120136647,-0.255780245,-0.668167276,-0.052507108,-0.387749769,-0.910033663,-0.146590754,-0.33718237,-0.669364302,-0.113137094,-0.260565461,-0.551481659,-0.066705004,-0.103174035,-0.720715516,-0.102781751,-0.240345909,-0.866925754,-0.152522764,-0.232960086,-0.706273612,-0.130195093,-0.170621549,-0.604942783,-0.104011129,fist
0,0,0,-0.223913263,-0.017460494,-0.061839178,-0.438280064,-0.216006651,-0.09742045,-0.403908573,-0.472251376,-0.145408607,-0.216734333,-0.575557146,-0.180699471,-0.485133951,-0.476146439,0.006711155,-0.623790772,-0.653883894,-0.095027253,-0.563659721,-0.478123651,-0.15556122,-0.481249155,-0.384180059,-0.188043283,-0.38130867,-0.592683429,-0.010364138,-0.517723898,-0.828480293,-0.11631357,-0.445168593,-0.591503526,-0.131207205,-0.359457692,-0.479693061,-0.115650725,-0.252500098,-0.672095346,-0.048399007,-0.374252121,-0.916338459,-0.14233474,-0.32723306,-0.676567553,-0.109303549,-0.255425156,-0.561984194,-0.062527123,-0.102128205,-0.720757815,-0.097289543,-0.2280476,-0.879428977,-0.144936488,-0.223386027,-0.720607379,-0.121155856,-0.165607668,-0.621183458,-0.0937968,fist
0,0,0,-0.247172008,-0.027437218,-0.053181067,-0.462153855,-0.236440854,-0.079677271,-0.414548068,-0.516649508,-0.117709623,-0.226443838,-0.624875794,-0.138566925,-0.521610318,-0.456822035,0.013176095,-0.644036546,-0.672674219,-0.082664853,-0.552303132,-0.472312628,-0.13836767,-0.475056648,-0.391400458,-0.169955248,-0.399176317,-0.573279955,-0.004734014,-0.522606101,-0.842581534,-0.105624888,-0.429866681,-0.604950767,-0.117176537,-0.363471685,-0.491921807,-0.100417854,-0.260804893,-0.660805758,-0.042361623,-0.376978273,-0.917060996,-0.129948109,-0.312169757,-0.68874944,-0.092386919,-0.249852134,-0.560165993,-0.043345839,-0.09948297,-0.720646223,-0.089980671,-0.218153315,-0.903242393,-0.139860905,-0.200245305,-0.760139537,-0.11630174,-0.146567065,-0.654743314,-0.087812399,fist
0,0,0,-0.254075024,-0.211981479,-0.047519494,-0.386633082,-0.51541434,-0.067955774,-0.262290614,-0.733459345,-0.1101552,-0.05433787,-0.736795789,-0.140803373,-0.295964328,-0.620841954,0.08279409,-0.362598817,-0.861686008,-0.032595434,-0.368257899,-0.709958018,-0.113736601,-0.314402691,-0.583079355,-0.151004895,-0.170860103,-0.668240974,0.059707027,-0.211616985,-0.948460692,-0.065165903,-0.230199777,-0.774626058,-0.114052314,-0.181662275,-0.643596787,-0.113341443,-0.04457868,-0.695398238,0.009856616,-0.07297868,-0.992218026,-0.100883597,-0.121001424,-0.846387364,-0.103095004,-0.095446003,-0.714357082,-0.06927038,0.088833267,-0.692007816,-0.050189411,0.027976702,-0.925092122,-0.099419099,-0.033365107,-0.841947451,-0.08623949,-0.029605478,-0.720569189,-0.060675856,fist
0,0,0,-0.173887985,-0.253900706,-0.031163383,-0.220621625,-0.570290933,-0.050442059,-0.077548912,-0.739700329,-0.090079821,0.084105107,-0.680898853,-0.119037053,-0.135219078,-0.714788885,0.044960424,-0.147172951,-0.980855029,-0.048413033,-0.180000107,-0.772512153,-0.103986148,-0.151293571,-0.619968914,-0.131493383,-0.00700812,-0.702999833,0.017192553,-0.000623197,-0.995953872,-0.089863768,-0.049644699,-0.761630785,-0.110715332,-0.030038005,-0.606772012,-0.098634126,0.126064264,-0.67183809,-0.029763728,0.148229751,-0.975008603,-0.122818495,0.07019694,-0.773224819,-0.094759511,0.066512726,-0.618974379,-0.049966849,0.26575735,-0.610869633,-0.085184961,0.254846066,-0.870470735,-0.130113323,0.17837826,-0.761240842,-0.105478582,0.158490913,-0.621889178,-0.075923447,fist
0,0,0,-0.16160428,-0.230980026,-0.039960747,-0.19603903,-0.553957271,-0.061338579,-0.041930714,-0.709380998,-0.099205757,0.114551064,-0.623862747,-0.126934018,-0.088945436,-0.720261505,0.028813384,-0.094353464,-0.977085096,-0.067421811,-0.138459432,-0.787891432,-0.12703619,-0.117679834,-0.629799801,-0.158647791,0.034929254,-0.699427875,0.005652051,0.061973102,-0.992933689,-0.101202888,-0.005007551,-0.773459606,-0.120472486,0.000532733,-0.610055121,-0.107106248,0.158498465,-0.653698104,-0.036635305,0.198152746,-0.942060402,-0.129390923,0.104791469,-0.74877112,-0.099468415,0.091006975,-0.593207367,-0.053411127,0.287788953,-0.571871021,-0.088475683,0.292202322,-0.819016949,-0.13953837,0.203344821,-0.711231615,-0.118446021,0.173126469,-0.571028748,-0.090675784,fist
0,0,0,-0.155161596,-0.247452571,-0.044797862,-0.182432305,-0.55598027,-0.070138882,-0.029685153,-0.701234256,-0.110122468,0.119098198,-0.616324207,-0.141418248,-0.071825729,-0.729777375,0.023304579,-0.073040037,-0.984315613,-0.064275523,-0.113605023,-0.805060635,-0.124164143,-0.09809543,-0.649512491,-0.159442586,0.052792934,-0.705641737,0.004804576,0.075751941,-0.993003281,-0.090587677,0.015468042,-0.790042875,-0.113199416,0.016100989,-0.625467526,-0.108470884,0.17759928,-0.656773166,-0.031546562,0.212639222,-0.939792285,-0.116611875,0.122445689,-0.753700592,-0.092900626,0.103075733,-0.588889318,-0.055390796,0.306423918,-0.567545164,-0.077607872,0.307613578,-0.817681644,-0.130830142,0.222289428,-0.709620503,-0.115121301,0.188164486,-0.561188927,-0.092132193,fist
0,0,0,-0.156908977,-0.243607682,-0.039025353,-0.186504808,-0.555537635,-0.063851992,-0.035612461,-0.701650404,-0.10504553,0.111151436,-0.616024048,-0.138510298,-0.072626855,-0.730985963,0.026406083,-0.079802831,-0.981480767,-0.065014001,-0.119151011,-0.797444258,-0.125291321,-0.100726969,-0.642200613,-0.15986218,0.053106079,-0.705537696,0.00371918,0.071451075,-0.992540283,-0.098785274,0.0096658,-0.773278417,-0.121563451,0.010881952,-0.605639239,-0.113828859,0.177897067,-0.656249598,-0.036488516,0.206437875,-0.938550493,-0.127153923,0.114673953,-0.733944528,-0.10096079,0.099119069,-0.568090546,-0.059164775,0.307006037,-0.568661644,-0.085526066,0.298059424,-0.818623756,-0.138051673,0.213086518,-0.701842973,-0.119224752,0.186841536,-0.55814911,-0.093433147,fist
0,0,0,-0.156906998,-0.233871768,-0.039379429,-0.19016198,-0.551702138,-0.060750778,-0.04136139,-0.711551367,-0.098282019,0.106726494,-0.632767109,-0.126497907,-0.078843026,-0.725980188,0.032331824,-0.088841512,-0.969470278,-0.0580295,-0.12974988,-0.793157823,-0.115701862,-0.111934456,-0.642374908,-0.148505228,0.046985455,-0.704228204,0.009529114,0.070379908,-0.992807659,-0.096848447,0.005261112,-0.771352601,-0.119268291,0.006201043,-0.603933366,-0.108798837,0.172076259,-0.657132526,-0.031356003,0.200619105,-0.933257816,-0.126050169,0.109242189,-0.729749362,-0.09997989,0.095763376,-0.570970886,-0.056359725,0.300408842,-0.574182344,-0.081141808,0.291609169,-0.817081545,-0.134271527,0.20727745,-0.705907505,-0.116236269,0.181105297,-0.570694258,-0.091007425,fist
0,0,0,-0.163941242,-0.22429744,-0.040477834,-0.211039165,-0.531390186,-0.066854434,-0.071156509,-0.6896756,-0.109215146,0.085312789,-0.627528947,-0.142841315,-0.111576973,-0.724535292,0.027969294,-0.119625513,-0.971832476,-0.063906212,-0.156099921,-0.786313272,-0.126489887,-0.138310882,-0.623834463,-0.161103948,0.012938365,-0.713068883,0.005206045,0.02769743,-0.995078061,-0.095144652,-0.026907178,-0.768576964,-0.119183233,-0.02063137,-0.595079778,-0.110833456,0.137900413,-0.671423626,-0.035583079,0.159709489,-0.95570427,-0.122595415,0.080175536,-0.751293626,-0.098982514,0.068758067,-0.581084511,-0.058638059,0.267494454,-0.590450255,-0.085537544,0.257130712,-0.834432473,-0.137296084,0.172545215,-0.716409332,-0.119238312,0.142482321,-0.567910359,-0.093466933,fist
0,0,0,-0.165369581,-0.233956784,-0.042707629,-0.227825802,-0.530592967,-0.075216582,-0.097096741,-0.685527158,-0.123703969,0.058347138,-0.623247279,-0.162359125,-0.113829875,-0.733662083,0.024328285,-0.122489251,-0.968807312,-0.069017409,-0.157856427,-0.770079681,-0.132563648,-0.140627797,-0.617786005,-0.16943443,0.008543707,-0.720701848,0.000969623,0.007511558,-0.994676424,-0.102773481,-0.039148235,-0.755851346,-0.126705295,-0.027714225,-0.593042802,-0.119935572,0.132393841,-0.68458176,-0.040763511,0.136762825,-0.96160728,-0.130089053,0.06592132,-0.745928572,-0.104808419,0.061421943,-0.58068628,-0.06518325,0.262953125,-0.608024227,-0.091980573,0.242527989,-0.84842822,-0.143576262,0.163549748,-0.722656332,-0.123782117,0.139347279,-0.579069399,-0.09800662,fist
0,0,0,-0.162844463,-0.217435627,-0.038718635,-0.231293437,-0.513050704,-0.07369446,-0.108495034,-0.681466656,-0.124900497,0.054078302,-0.643803868,-0.166393428,-0.126578177,-0.726193347,0.020037744,-0.142273527,-0.949712716,-0.079818132,-0.176666882,-0.74931529,-0.145136698,-0.160087805,-0.583295132,-0.180965033,-0.0037796,-0.722293574,-0.006827102,-0.007477115,-0.993255945,-0.115700993,-0.052906405,-0.750593534,-0.140124462,-0.040369533,-0.582580533,-0.131617557,0.122180846,-0.692600938,-0.051368929,0.110028143,-0.960955519,-0.142565342,0.045716504,-0.735111137,-0.114710506,0.051576945,-0.577737643,-0.073202228,0.254550162,-0.622924328,-0.10442005,0.202240444,-0.850899637,-0.153021448,0.135557706,-0.711570591,-0.129718029,0.132917221,-0.576473313,-0.101976235,fist
0,0,0,-0.156374983,-0.222626246,-0.035297518,-0.21885161,-0.492070777,-0.073140404,-0.110073874,-0.648162965,-0.129155685,0.038269071,-0.617681264,-0.17807936,-0.103769643,-0.713704171,0.020051255,-0.1320393,-0.960541,-0.079666636,-0.166467942,-0.773929417,-0.150765975,-0.153338415,-0.599086815,-0.189253896,0.008495785,-0.700919342,-0.007722647,0.001807779,-0.993053448,-0.117650253,-0.047376958,-0.764768273,-0.156627468,-0.048211943,-0.583225216,-0.158910978,0.129116334,-0.668812455,-0.051027075,0.116203378,-0.947224816,-0.141243447,0.046087911,-0.732633548,-0.129901156,0.036266075,-0.55282876,-0.099127432,0.256515148,-0.598179035,-0.1018399,0.208480611,-0.838150452,-0.147565823,0.146145338,-0.714527744,-0.131990553,0.137055606,-0.568702982,-0.110155631,fist
0,0,0,-0.184898335,-0.164913131,-0.05726722,-0.279623909,-0.450348814,-0.094972387,-0.166741228,-0.621342623,-0.139587812,-0.00774544,-0.600973257,-0.171908764,-0.149101105,-0.701203221,0.003940666,-0.185800115,-0.933321335,-0.0877532,-0.221645423,-0.743498338,-0.150506334,-0.207122326,-0.579155429,-0.186877838,-0.023164613,-0.715922156,-0.006074193,-0.054532527,-0.992345922,-0.110796093,-0.095595484,-0.753638838,-0.13989326,-0.077898773,-0.574125923,-0.134169254,0.105602618,-0.699608265,-0.033252665,0.074160551,-0.970069961,-0.129296359,0.010851511,-0.753110083,-0.119958136,0.023387794,-0.573377336,-0.089208543,0.247681789,-0.62230416,-0.068513351,0.172719776,-0.83956789,-0.142007034,0.103352966,-0.695529792,-0.145164611,0.105240276,-0.545312418,-0.130477659,fist
0,0,0,-0.167706849,-0.210478407,-0.015426792,-0.241291223,-0.481188516,-0.037092948,-0.142495097,-0.648588727,-0.081979299,-0.001758099,-0.626897328,-0.117778573,-0.147439042,-0.739801273,0.065680239,-0.20151369,-0.944415003,-0.028713909,-0.215807953,-0.737804985,-0.09541548,-0.183150905,-0.581868151,-0.131345536,-0.035307031,-0.74336392,0.029752396,-0.080564374,-0.993860982,-0.075826981,-0.100718179,-0.750080469,-0.105055659,-0.077717679,-0.591226209,-0.098982812,0.08770686,-0.727247916,-0.023924833,0.035695483,-0.981270547,-0.112155293,-0.000934909,-0.742094177,-0.09070899,0.018992604,-0.581179905,-0.052047091,0.220455528,-0.676858309,-0.084296731,0.135901104,-0.89616494,-0.128609512,0.097315575,-0.744375835,-0.107022958,0.120595415,-0.608719194,-0.078930525,fist
0,0,0,-0.170971959,-0.20776982,-0.013280804,-0.244944235,-0.480512355,-0.031234318,-0.14030125,-0.656481156,-0.073441078,0.000371666,-0.649384234,-0.108332171,-0.173923457,-0.709919438,0.07258176,-0.222150108,-0.940115955,-0.019004075,-0.230245388,-0.748853055,-0.086906501,-0.201925876,-0.584397184,-0.122372641,-0.058133996,-0.71941545,0.036286168,-0.096065915,-0.99313655,-0.066716805,-0.108681787,-0.762731679,-0.103351345,-0.087734017,-0.592271321,-0.102353699,0.067812379,-0.710755137,-0.017250516,0.022125731,-0.980991879,-0.102952107,-0.009691579,-0.756788934,-0.089668603,0.006913492,-0.5898548,-0.056610579,0.20458993,-0.67305112,-0.077298665,0.125880725,-0.896926791,-0.120945844,0.084627026,-0.752346699,-0.103048648,0.098774686,-0.610510077,-0.078490915,fist
0,0,0,-0.173370674,-0.201393739,-0.013653599,-0.246471006,-0.473370228,-0.034799123,-0.149556858,-0.649378499,-0.079943105,-0.018484591,-0.634669077,-0.118844343,-0.16811872,-0.70615551,0.061686453,-0.218883266,-0.933749593,-0.03448377,-0.230947787,-0.732743123,-0.10202985,-0.196008656,-0.566953579,-0.136332386,-0.056764479,-0.719548085,0.023282053,-0.090178188,-0.99264621,-0.080755159,-0.109307923,-0.759443116,-0.111804319,-0.08632857,-0.593285392,-0.105909513,0.066485549,-0.710331809,-0.032229575,0.024726795,-0.980912436,-0.119880429,-0.012068505,-0.748416817,-0.098387769,0.004967769,-0.58470123,-0.058514514,0.202117732,-0.668171428,-0.094058536,0.132287691,-0.896908229,-0.136905851,0.085330351,-0.742855778,-0.110721567,0.095815087,-0.600337077,-0.079556054,fist
0,0,0,-0.172530146,-0.196667017,-0.022244075,-0.256726925,-0.475672746,-0.046066866,-0.165451226,-0.652109107,-0.089286856,-0.034004904,-0.627761884,-0.123159766,-0.169471622,-0.721436652,0.04572287,-0.22857594,-0.936678484,-0.049673752,-0.240031708,-0.718293686,-0.114581763,-0.198832111,-0.568700457,-0.15008665,-0.056282116,-0.73196883,0.013562421,-0.098679237,-0.991460155,-0.085259422,-0.122002763,-0.744112452,-0.103488279,-0.092253405,-0.596823127,-0.091462148,0.065026763,-0.715287436,-0.036602027,0.019890122,-0.979491115,-0.121610294,-0.022471228,-0.73473013,-0.088856476,0.000421374,-0.575199339,-0.043620817,0.197568742,-0.661795521,-0.094460827,0.121886488,-0.86990063,-0.143279979,0.074947069,-0.713466395,-0.120280117,0.092631636,-0.581769761,-0.091090587,fist
0,0,0,-0.173548062,-0.206329555,-0.029711191,-0.25179258,-0.478828789,-0.057657192,-0.147798264,-0.655868055,-0.10439562,-5.16E-05,-0.626859907,-0.143911844,-0.166939661,-0.709592705,0.043889074,-0.211282865,-0.931848484,-0.050199934,-0.235044111,-0.751267625,-0.120261363,-0.211461938,-0.586024111,-0.15951869,-0.052985453,-0.723432317,0.017048961,-0.081081525,-0.993409343,-0.081016442,-0.115988737,-0.779372688,-0.111102878,-0.096791691,-0.615834907,-0.108717467,0.070612067,-0.706179542,-0.02738266,0.041838979,-0.970545074,-0.113546322,-0.010067625,-0.756366331,-0.095799103,0.003763504,-0.586017494,-0.061153047,0.209121178,-0.646760181,-0.079398883,0.148518204,-0.857411751,-0.133446968,0.097473713,-0.719864766,-0.119871798,0.106463591,-0.581505632,-0.097313983,fist
0,0,0,-0.17322012,-0.180186957,-0.025367291,-0.251649929,-0.458235483,-0.0464937,-0.145658719,-0.623672309,-0.085558226,-0.004468585,-0.600522829,-0.115349803,-0.176800115,-0.687799994,0.038455193,-0.220277192,-0.914368123,-0.057971891,-0.230587645,-0.71399041,-0.122564977,-0.189613064,-0.556887694,-0.156487625,-0.060679582,-0.710085282,0.008506881,-0.083901461,-0.992483053,-0.089095082,-0.108645134,-0.765651141,-0.110938844,-0.072313373,-0.607825319,-0.100502157,0.06578473,-0.698806238,-0.03929285,0.041303692,-0.989488085,-0.122577607,-0.004210901,-0.775908997,-0.097936157,0.025135547,-0.617825932,-0.057805242,0.208145713,-0.648162806,-0.094588398,0.142971822,-0.857614884,-0.142070604,0.083430646,-0.725608731,-0.1246353,0.098101749,-0.594198035,-0.099851239,fist
0,0,0,-0.187943543,-0.194193528,-0.029528211,-0.284241515,-0.461786704,-0.055649896,-0.189593919,-0.6516288,-0.100050486,-0.033524584,-0.643346209,-0.13539355,-0.210629661,-0.682329663,0.042324592,-0.250404574,-0.923943646,-0.052235671,-0.257950827,-0.72762202,-0.117138516,-0.221852685,-0.56094385,-0.150226191,-0.089435091,-0.706545131,0.015061415,-0.115350277,-0.989588286,-0.086077512,-0.132531202,-0.760766531,-0.114657054,-0.108147177,-0.5925101,-0.109099962,0.041162793,-0.70391878,-0.029896542,0.012332879,-0.986479036,-0.116190037,-0.02466481,-0.765457491,-0.097188023,-0.011318603,-0.591982518,-0.060133962,0.182343115,-0.662661616,-0.082462224,0.115314047,-0.879600006,-0.132066671,0.070237175,-0.738852549,-0.117677032,0.079229793,-0.596822885,-0.094936537,fist
0,0,0,-0.184407566,-0.19461521,-0.027570579,-0.27996225,-0.464074393,-0.054400524,-0.199837733,-0.645539531,-0.100819597,-0.054734084,-0.627851214,-0.137814917,-0.203081736,-0.706145005,0.046763277,-0.264359019,-0.914897802,-0.050365523,-0.267095631,-0.713663417,-0.117466566,-0.218201434,-0.558643224,-0.152886435,-0.089741397,-0.732726441,0.015164526,-0.134622278,-0.986999177,-0.087803573,-0.150029752,-0.756366944,-0.114286392,-0.111746267,-0.597922536,-0.106403834,0.035393342,-0.727946803,-0.035105296,-0.01373884,-0.991374499,-0.121382897,-0.045241058,-0.766040432,-0.096631127,-0.014118551,-0.602951713,-0.055600431,0.173404674,-0.686248911,-0.09374538,0.089553287,-0.887638904,-0.140575927,0.043050405,-0.742096193,-0.120728648,0.062740185,-0.606266204,-0.093759282,fist
0,0,0,-0.187213723,-0.204249331,-0.031141061,-0.286843426,-0.460858456,-0.062730984,-0.197515821,-0.636950789,-0.113227055,-0.041106479,-0.621950762,-0.156459864,-0.220715754,-0.693412,0.040035072,-0.26844415,-0.920759594,-0.056967759,-0.280506264,-0.7433833,-0.124688131,-0.243623042,-0.587136792,-0.158612505,-0.104125922,-0.716148972,0.011420548,-0.133438856,-0.987106628,-0.08840009,-0.158103557,-0.772990832,-0.118838127,-0.135943578,-0.604922881,-0.113889053,0.024015401,-0.704495405,-0.034962857,-0.009910306,-0.965915842,-0.118992562,-0.050008959,-0.757135644,-0.103027734,-0.03840761,-0.58652092,-0.067468422,0.16321524,-0.654795277,-0.088811515,0.09670765,-0.864933287,-0.131269665,0.047872848,-0.732317626,-0.111894945,0.053493609,-0.592445225,-0.085726526,fist
0,0,0,-0.179289804,-0.200233809,-0.034651324,-0.263829298,-0.469363249,-0.06321607,-0.165259087,-0.646835598,-0.109111934,-0.009084002,-0.633372951,-0.147012896,-0.196628469,-0.67855681,0.034163847,-0.237730571,-0.919837191,-0.058022694,-0.246891862,-0.737495668,-0.122081184,-0.214081134,-0.583051592,-0.155694914,-0.077861852,-0.703716229,0.008341797,-0.104967177,-0.990628743,-0.087387562,-0.125876318,-0.775842015,-0.116274466,-0.102238894,-0.612128866,-0.112713787,0.05262674,-0.695837844,-0.034736609,0.027575189,-0.984378792,-0.119356334,-0.014978425,-0.772475766,-0.101464238,-0.004107295,-0.600000454,-0.065862156,0.193426373,-0.650197479,-0.085630221,0.137033919,-0.872505384,-0.13627198,0.081295057,-0.734804684,-0.120317589,0.081882282,-0.587118983,-0.09628887,fist
0,0,0,-0.174335433,-0.192537023,-0.032920162,-0.263909254,-0.468780751,-0.060243047,-0.165567217,-0.646288905,-0.104766809,-0.006729127,-0.620402632,-0.139465649,-0.196334908,-0.691976178,0.031514672,-0.244118104,-0.925390455,-0.063113594,-0.252134438,-0.725711822,-0.124357054,-0.214605709,-0.57869974,-0.156659851,-0.078028948,-0.716521189,0.003412536,-0.109272775,-0.989553213,-0.094042007,-0.125608723,-0.758410156,-0.114319365,-0.095406164,-0.610900806,-0.104444618,0.051339771,-0.705337101,-0.042608167,0.024326266,-0.98392808,-0.127497885,-0.014341989,-0.756329474,-0.098411549,0.004163132,-0.60243932,-0.056019392,0.191498619,-0.654693978,-0.096779712,0.133095205,-0.866935849,-0.145015773,0.080996985,-0.719867692,-0.123158149,0.089596554,-0.587607808,-0.095763399,fist
0,0,0,-0.170490735,-0.185706409,-0.030454904,-0.261097614,-0.463167311,-0.055009411,-0.164408829,-0.63360864,-0.097959851,-0.013251487,-0.613865791,-0.130414989,-0.187961093,-0.705330204,0.043828879,-0.236625201,-0.930606912,-0.052360803,-0.248360329,-0.724476007,-0.117410802,-0.210251968,-0.571648154,-0.151643571,-0.074491288,-0.72359122,0.015841978,-0.106926614,-0.989137763,-0.084995497,-0.128308961,-0.749623044,-0.108192988,-0.096638794,-0.592257399,-0.097924458,0.04934751,-0.712278589,-0.030985776,0.022162387,-0.992974013,-0.116238714,-0.019851943,-0.767386827,-0.088955563,-0.000234907,-0.605336594,-0.045542745,0.185365167,-0.662809947,-0.086214398,0.132671117,-0.875941402,-0.134090545,0.073153992,-0.735672605,-0.113322686,0.074667676,-0.598963019,-0.08492537,fist
0,0,0,-0.167931182,-0.186908113,-0.03468999,-0.252986396,-0.456515652,-0.0645304,-0.151225329,-0.623912181,-0.112520985,-0.000614502,-0.610451444,-0.150623037,-0.185149148,-0.703599758,0.040847603,-0.227528785,-0.929056126,-0.05487153,-0.236787629,-0.731611986,-0.122131394,-0.203668177,-0.577214689,-0.158433813,-0.071684633,-0.720677295,0.01362871,-0.09911755,-0.99106264,-0.089277969,-0.117581782,-0.751979382,-0.118243162,-0.0930016,-0.586581368,-0.111828256,0.052158973,-0.709517046,-0.032054493,0.026834921,-0.985385656,-0.118761853,-0.01110143,-0.761666635,-0.098022281,0.002756547,-0.593037749,-0.058733667,0.188022747,-0.660784003,-0.086194606,0.135189111,-0.877860382,-0.135666043,0.079791809,-0.738346712,-0.118273996,0.077751064,-0.596295601,-0.092463868,fist
0,0,0,-0.171139233,-0.177029149,-0.036769997,-0.260179538,-0.463370154,-0.063276693,-0.155839777,-0.637151974,-0.105284147,-0.003110799,-0.613063862,-0.135572585,-0.195987649,-0.701227723,0.031713777,-0.236787841,-0.929439818,-0.06047673,-0.245186871,-0.722759227,-0.121380695,-0.208143087,-0.57780661,-0.155347516,-0.078768933,-0.718579041,0.007687415,-0.105465647,-0.990132812,-0.092271402,-0.124063238,-0.745822215,-0.112476378,-0.096222117,-0.590920648,-0.100888832,0.04719205,-0.709100258,-0.034553999,0.02219436,-0.985630458,-0.118190798,-0.017388785,-0.754837968,-0.08872176,-0.000233639,-0.595354185,-0.045166516,0.185666576,-0.663533147,-0.085700083,0.130166658,-0.875687351,-0.135415855,0.072458382,-0.730853507,-0.116770888,0.074487729,-0.595442543,-0.090744666,fist
0,0,0,-0.166666621,-0.187392,-0.039679811,-0.264111752,-0.472446378,-0.068400884,-0.171671372,-0.66116156,-0.110945105,-0.012425002,-0.629397644,-0.141539494,-0.199037581,-0.698383476,0.028658315,-0.244781916,-0.925037825,-0.063691815,-0.246260863,-0.718846906,-0.123355593,-0.207163354,-0.576535595,-0.156386153,-0.078380325,-0.72259638,0.005287681,-0.117465074,-0.989016594,-0.089711385,-0.129451214,-0.753668048,-0.107423915,-0.097677536,-0.610745326,-0.096977457,0.050408784,-0.71281877,-0.036896786,0.019690175,-0.984093794,-0.121958821,-0.016546461,-0.755912287,-0.093377025,0.003036504,-0.603867894,-0.051472474,0.19012725,-0.664430811,-0.087901176,0.128929459,-0.870185008,-0.141882589,0.07187188,-0.721222332,-0.125207049,0.074037765,-0.587529861,-0.100807617,fist
0,0,0,-0.169346335,-0.184723141,-0.03569076,-0.262993058,-0.473596622,-0.060182837,-0.163468312,-0.651524909,-0.098584393,-0.008296847,-0.614048381,-0.126166968,-0.199813988,-0.700421543,0.0308652,-0.246980425,-0.922343883,-0.058052957,-0.248564951,-0.717148862,-0.116065379,-0.20806393,-0.578435417,-0.148720129,-0.078919841,-0.724955981,0.006264062,-0.116630981,-0.989449153,-0.085951079,-0.130600374,-0.751852427,-0.102412778,-0.098955475,-0.60897817,-0.090747585,0.050178454,-0.715279145,-0.036436686,0.018327907,-0.97924192,-0.119773521,-0.020022221,-0.745649144,-0.090967405,6.60E-05,-0.593785482,-0.04846755,0.189860762,-0.666340818,-0.087412404,0.12849314,-0.872369026,-0.140695304,0.071583483,-0.718823781,-0.122542779,0.076549289,-0.586667674,-0.096647266,fist
0,0,0,-0.172094719,-0.177229093,-0.04045352,-0.264380385,-0.461026739,-0.067185518,-0.169063746,-0.646288705,-0.10717821,-0.010463968,-0.625055466,-0.135408711,-0.202698508,-0.683113475,0.021089079,-0.245500086,-0.918858786,-0.070456009,-0.24520798,-0.715960121,-0.127029617,-0.204806422,-0.568591738,-0.156382569,-0.081002167,-0.708442839,-0.000958054,-0.115152945,-0.988565959,-0.097350621,-0.127019465,-0.754873649,-0.113989054,-0.097714701,-0.602390389,-0.100863726,0.049649766,-0.699612229,-0.041007578,0.020560995,-0.968429289,-0.124983523,-0.013397288,-0.743007384,-0.094839604,0.003100785,-0.589233102,-0.050654545,0.189863722,-0.653429339,-0.089779277,0.135750549,-0.863995639,-0.138451326,0.083232253,-0.717570918,-0.11776833,0.085622226,-0.58490915,-0.090682105,fist
0,0,0,-0.171181666,-0.187961283,-0.03815631,-0.263765544,-0.471216349,-0.065256202,-0.168205613,-0.651466716,-0.105934817,-0.006293548,-0.629967775,-0.134455339,-0.198226536,-0.690713968,0.02266738,-0.247677655,-0.918082021,-0.070811339,-0.246699173,-0.70985621,-0.127863212,-0.199512633,-0.571605583,-0.158202428,-0.076748057,-0.714870099,-0.001120083,-0.11726973,-0.988164867,-0.098883798,-0.129728989,-0.750644718,-0.113518593,-0.093486894,-0.609716468,-0.099441153,0.053802471,-0.707230786,-0.043232823,0.017116595,-0.974916007,-0.129029746,-0.018132252,-0.743276189,-0.096059793,0.007014294,-0.59717436,-0.050189152,0.194559184,-0.662001036,-0.093922977,0.129791233,-0.872651887,-0.143755579,0.078326745,-0.721235851,-0.121755345,0.088979544,-0.592111534,-0.093690613,fist
0,0,0,-0.172786085,-0.188266879,-0.036380348,-0.264759863,-0.469896757,-0.062610082,-0.167960914,-0.652351478,-0.102921261,-0.007719965,-0.63500169,-0.130907042,-0.196356847,-0.686024825,0.025885683,-0.245934081,-0.917944702,-0.069854238,-0.247305862,-0.7089356,-0.128155102,-0.20085476,-0.567445714,-0.158455079,-0.077066882,-0.709752206,0.001425547,-0.118009403,-0.987982981,-0.099816886,-0.132491839,-0.748900537,-0.11527962,-0.096433134,-0.605066501,-0.100354055,0.051583098,-0.703672633,-0.041584466,0.013969322,-0.973359998,-0.129893979,-0.023309161,-0.739408696,-0.096990388,0.002583694,-0.591897199,-0.05006313,0.19070011,-0.660210792,-0.093021288,0.123984762,-0.869041731,-0.143681067,0.073577757,-0.717946472,-0.122204662,0.087957946,-0.590755559,-0.094108449,fist
0,0,0,-0.17386836,-0.18160777,-0.033620293,-0.266520233,-0.459208648,-0.059495061,-0.173470451,-0.643188649,-0.100617571,-0.019536979,-0.62850749,-0.130685874,-0.192386553,-0.694844115,0.030653569,-0.247212161,-0.918901716,-0.06569609,-0.249167239,-0.709229937,-0.12706983,-0.20881982,-0.558354915,-0.158550917,-0.07468913,-0.717542702,0.004612322,-0.120012093,-0.988133978,-0.095855822,-0.134035229,-0.743390096,-0.114151321,-0.104705539,-0.590573381,-0.101184452,0.052041411,-0.707775342,-0.039714471,0.009496788,-0.970881131,-0.128527679,-0.025565527,-0.731295014,-0.098889653,-0.00541537,-0.575132378,-0.053862451,0.187829919,-0.660157036,-0.091906082,0.116051737,-0.863195034,-0.143716767,0.068961523,-0.710444415,-0.123722372,0.081137006,-0.582188163,-0.096150835,fist
0,0,0,-0.176374867,-0.184277475,-0.033143322,-0.266023548,-0.45752032,-0.058809615,-0.171657866,-0.641526159,-0.100775043,-0.015173733,-0.631166331,-0.13239304,-0.192894795,-0.692348994,0.035658327,-0.246420235,-0.919524918,-0.061740315,-0.244774548,-0.715206963,-0.126390378,-0.203921897,-0.557221149,-0.158936596,-0.075216841,-0.716604818,0.009818065,-0.1185349,-0.988900397,-0.089585059,-0.129316195,-0.751940838,-0.111847336,-0.100930199,-0.594057162,-0.101939806,0.052420324,-0.708042618,-0.034484561,0.011741476,-0.978081708,-0.121038264,-0.020965462,-0.745468836,-0.095351232,-0.002797989,-0.583508421,-0.053399696,0.189233107,-0.660225002,-0.086843541,0.119392099,-0.867026345,-0.13683448,0.074730209,-0.720581445,-0.118496147,0.085692482,-0.588576827,-0.092234906,fist
0,0,0,-0.175333559,-0.18909203,-0.027065474,-0.263167089,-0.466112342,-0.048980359,-0.173184053,-0.6483754,-0.087961048,-0.021117327,-0.644555414,-0.116762953,-0.191257243,-0.69189991,0.040905962,-0.244961534,-0.920124892,-0.054309094,-0.246276522,-0.718445044,-0.117546179,-0.204678476,-0.561023783,-0.149156814,-0.074342931,-0.715467472,0.013434761,-0.119113912,-0.98931901,-0.084022456,-0.133940641,-0.758291017,-0.107254368,-0.105500287,-0.600174225,-0.097616665,0.052284532,-0.709259315,-0.031826779,0.007742791,-0.978866009,-0.114494656,-0.024951322,-0.751937506,-0.090530456,-0.003586841,-0.590416586,-0.050026113,0.188235691,-0.664912598,-0.084648197,0.111263973,-0.873710431,-0.131944229,0.067768415,-0.731556718,-0.114738064,0.08285393,-0.600252337,-0.089310974,fist
0,0,0,-0.169933237,-0.189291413,-0.03020773,-0.260142102,-0.459573799,-0.057756027,-0.169803724,-0.641737458,-0.101761355,-0.015701643,-0.63489523,-0.135094269,-0.18055786,-0.700615989,0.032831207,-0.238463551,-0.924168652,-0.068917945,-0.239443609,-0.717195098,-0.134667372,-0.196168377,-0.559202512,-0.167121259,-0.062737358,-0.721998739,0.004334738,-0.11023134,-0.988890669,-0.09972109,-0.123521226,-0.74694027,-0.120957171,-0.091047859,-0.592253723,-0.108759775,0.064438616,-0.712458379,-0.042426748,0.016063008,-0.972722607,-0.131873465,-0.017280606,-0.735332108,-0.10249625,0.007511114,-0.581728719,-0.057104047,0.200052173,-0.663307727,-0.096858711,0.120999149,-0.868976802,-0.145705993,0.076661735,-0.715960939,-0.122883167,0.093723484,-0.58856874,-0.093068726,fist
0,0,0,-0.173347868,-0.193903617,-0.028727455,-0.257413032,-0.45765518,-0.055435528,-0.167038668,-0.636319808,-0.100866929,-0.02029203,-0.635912206,-0.137477467,-0.177367324,-0.69446763,0.044594167,-0.228324791,-0.920902485,-0.054500731,-0.235300619,-0.727379319,-0.121295658,-0.198029498,-0.566827843,-0.154159487,-0.06196046,-0.71759335,0.014780678,-0.10100998,-0.990834063,-0.089693047,-0.121612907,-0.755324196,-0.117390442,-0.092618522,-0.590943574,-0.108544685,0.064193473,-0.707410505,-0.033362661,0.021909366,-0.9706648,-0.12493571,-0.016094668,-0.74042024,-0.103264042,0.005582908,-0.577967682,-0.061487448,0.197741562,-0.65914234,-0.088720812,0.126463573,-0.863935402,-0.138798046,0.079674391,-0.717918996,-0.118942864,0.094414854,-0.585062673,-0.090479015,fist
0,0,0,-0.173666358,-0.202179149,-0.027797151,-0.255777321,-0.461622704,-0.055439476,-0.165164764,-0.636350142,-0.102614203,-0.017470972,-0.634441234,-0.141755219,-0.171198415,-0.690033548,0.045272285,-0.220596805,-0.922634564,-0.051325252,-0.234812004,-0.734705376,-0.11725999,-0.198289553,-0.575068373,-0.150039299,-0.059235567,-0.711828058,0.014403924,-0.093815602,-0.991457373,-0.090614075,-0.120575413,-0.759606751,-0.120066812,-0.091927918,-0.590022769,-0.111874829,0.063805783,-0.700008437,-0.034177767,0.028532512,-0.976410056,-0.125069685,-0.014195896,-0.751828225,-0.103978835,0.005005494,-0.58275665,-0.062181045,0.194227984,-0.647792728,-0.089852724,0.130779431,-0.863041933,-0.13801287,0.078597148,-0.720835291,-0.116179461,0.087960274,-0.579050808,-0.086267411,fist
0,0,0,-0.174697276,-0.193180742,-0.029004231,-0.262237339,-0.461273675,-0.055670335,-0.172923885,-0.640596523,-0.09960432,-0.023826139,-0.630213976,-0.13403929,-0.185836238,-0.695441569,0.039388623,-0.237399746,-0.918728382,-0.058541551,-0.240631682,-0.720541227,-0.12450928,-0.202582114,-0.560082855,-0.157685714,-0.070762151,-0.71991371,0.010590842,-0.11400224,-0.989223534,-0.091871048,-0.12816352,-0.750281094,-0.117137027,-0.097478028,-0.586354066,-0.107557278,0.055349435,-0.710515015,-0.036127575,0.010398941,-0.972198781,-0.124266903,-0.021793276,-0.739363042,-0.100137504,0.001348215,-0.577739976,-0.058210405,0.18946926,-0.661233134,-0.090359576,0.113240471,-0.857203321,-0.139595618,0.068516325,-0.708877047,-0.120368639,0.083522686,-0.579307512,-0.093085084,fist
0,0,0,-0.171230473,-0.189988971,-0.032257765,-0.262026623,-0.45924102,-0.060376961,-0.172576061,-0.63593711,-0.10509007,-0.020281621,-0.621642032,-0.139147217,-0.183881018,-0.699580107,0.033617565,-0.237595482,-0.923221971,-0.066143303,-0.241008395,-0.714269409,-0.131457242,-0.201124374,-0.558018864,-0.164365829,-0.066474236,-0.719157048,0.006031288,-0.109920473,-0.989109996,-0.09787188,-0.126151802,-0.744757082,-0.120399474,-0.098036615,-0.586097502,-0.109154235,0.060251595,-0.707506768,-0.039820294,0.016429282,-0.969481971,-0.128823704,-0.020040566,-0.731281373,-0.100855311,-0.001010514,-0.571616403,-0.05636878,0.194983989,-0.658056511,-0.093624655,0.122423561,-0.858486204,-0.142344291,0.075345035,-0.708234049,-0.120962884,0.086950784,-0.579244791,-0.092356902,fist
0,0,0,-0.176431561,-0.186270122,-0.035298589,-0.266528759,-0.458881276,-0.06235252,-0.170783265,-0.639337616,-0.10444651,-0.015730792,-0.620022314,-0.134890125,-0.188448956,-0.689573275,0.031061061,-0.238076942,-0.923907307,-0.067945048,-0.243755667,-0.711256241,-0.131730492,-0.204343651,-0.555582172,-0.164205555,-0.070748715,-0.709305752,0.005907022,-0.109805416,-0.989394723,-0.0950834,-0.127775985,-0.750380052,-0.114580081,-0.099993783,-0.600238981,-0.102829986,0.054549893,-0.698415999,-0.038022023,0.017270441,-0.969707264,-0.124323664,-0.021951496,-0.736849353,-0.093843294,-0.004150081,-0.584921363,-0.049482251,0.189063715,-0.649056209,-0.090401939,0.118547931,-0.852233619,-0.138356512,0.069446,-0.704271965,-0.117243244,0.080639465,-0.578913166,-0.090005709,fist
0,0,0,-0.171188516,-0.190840307,-0.029440192,-0.260320953,-0.457596197,-0.05574869,-0.170364372,-0.637609743,-0.098672502,-0.017640239,-0.631560481,-0.131025302,-0.188399519,-0.696184645,0.037236138,-0.241750394,-0.918238344,-0.062045588,-0.240344087,-0.711827013,-0.127190922,-0.198611215,-0.554168507,-0.159662509,-0.07127951,-0.719743461,0.008654156,-0.115698509,-0.988911098,-0.093105826,-0.127763711,-0.748039992,-0.115093773,-0.097302448,-0.591218472,-0.103893821,0.056287125,-0.710140619,-0.038133238,0.011744408,-0.969253683,-0.126528056,-0.020390659,-0.734074786,-0.099515247,0.00208256,-0.577188973,-0.055952549,0.192463583,-0.660236728,-0.092447483,0.116392556,-0.855889619,-0.14170156,0.071686085,-0.706793347,-0.121107436,0.086234629,-0.580466747,-0.093098472,fist
0,0,0,-0.1755044,-0.192933849,-0.02595167,-0.264205895,-0.465943343,-0.04967813,-0.172010376,-0.637459283,-0.090774629,-0.021716159,-0.635076998,-0.122496248,-0.1905174,-0.69362565,0.036726865,-0.24525382,-0.917466974,-0.062763049,-0.24502398,-0.708591126,-0.126764429,-0.202199749,-0.55094,-0.157833524,-0.073081593,-0.715814427,0.00721164,-0.117026695,-0.988457091,-0.096215032,-0.130347944,-0.744326425,-0.118208904,-0.10022622,-0.585263449,-0.105934979,0.055244554,-0.708481195,-0.039901593,0.010596317,-0.973862336,-0.128437809,-0.022954403,-0.732272256,-0.099258298,-0.001317648,-0.574319243,-0.053477995,0.192337854,-0.66275183,-0.09400982,0.116722441,-0.871276577,-0.141453291,0.071165837,-0.716890396,-0.11704258,0.085721017,-0.588943933,-0.085898727,fist
0,0,0,-0.176593021,-0.19443057,-0.027546552,-0.26212591,-0.470392524,-0.049922376,-0.166567732,-0.64548459,-0.08977881,-0.014235645,-0.635188868,-0.120498192,-0.191267517,-0.688160651,0.040649367,-0.240682566,-0.919087683,-0.053073137,-0.246294315,-0.722279641,-0.112797739,-0.203167562,-0.571032499,-0.141999247,-0.074347624,-0.713906976,0.012205077,-0.109883572,-0.989889062,-0.089695288,-0.129031074,-0.752865329,-0.111758948,-0.096372605,-0.593176159,-0.098288256,0.053747637,-0.706821763,-0.033858456,0.015510493,-0.974035136,-0.120076112,-0.021204633,-0.74438236,-0.093286735,0.002755417,-0.587704066,-0.048570895,0.190381188,-0.660375042,-0.087297225,0.123073015,-0.86790446,-0.132635004,0.075072048,-0.720716766,-0.109674135,0.090295613,-0.590551179,-0.079564204,fist
0,0,0,-0.169339777,-0.18727705,-0.03228551,-0.261979664,-0.456982362,-0.062069714,-0.171907942,-0.639046996,-0.108803067,-0.023917395,-0.618054196,-0.144402159,-0.187279892,-0.702908821,0.035636226,-0.240384537,-0.927814554,-0.066596438,-0.245030327,-0.711987028,-0.133765232,-0.20648996,-0.555311408,-0.168204674,-0.073322798,-0.721778428,0.006820716,-0.11587469,-0.988311242,-0.099065355,-0.130438884,-0.738816308,-0.122311246,-0.100769455,-0.586493091,-0.111663198,0.050648935,-0.711983516,-0.040791707,0.008494693,-0.974647528,-0.130494251,-0.026650857,-0.733494866,-0.101141161,-0.006225685,-0.579675029,-0.05605075,0.183929556,-0.664868442,-0.09662412,0.110680752,-0.867986243,-0.146082856,0.063320533,-0.71226361,-0.12412921,0.075632274,-0.582272959,-0.09517264,fist
0,0,0,-0.172682007,-0.183263679,-0.034472427,-0.263900968,-0.461561113,-0.060118956,-0.171004346,-0.641628687,-0.100198751,-0.019986717,-0.617951365,-0.128170388,-0.196474972,-0.687273823,0.028801424,-0.246329766,-0.915904928,-0.065947662,-0.248398854,-0.704392342,-0.126676027,-0.206473819,-0.558362363,-0.15927529,-0.079080969,-0.711105168,0.003245246,-0.119426387,-0.98835377,-0.094308877,-0.133098576,-0.748973395,-0.111396327,-0.10011526,-0.604349065,-0.099395745,0.047255759,-0.70247602,-0.040549918,0.011567151,-0.971959445,-0.122934734,-0.023110754,-0.742121295,-0.090225138,0.000324219,-0.595721593,-0.046060463,0.183221444,-0.656597418,-0.092974656,0.115995812,-0.85921119,-0.138471112,0.06607423,-0.711216956,-0.116283491,0.07814778,-0.586323838,-0.089572132,fist
0,0,0,-0.176470334,-0.184080315,-0.035853025,-0.271849015,-0.459332885,-0.063068399,-0.178973513,-0.637561343,-0.105319072,-0.025602145,-0.618925155,-0.135865029,-0.19549344,-0.689760661,0.031191414,-0.244559987,-0.918434843,-0.065316874,-0.251762911,-0.71099745,-0.127003521,-0.210667083,-0.564021185,-0.159627549,-0.077960056,-0.711261102,0.005501991,-0.116976544,-0.988501044,-0.095823661,-0.136392191,-0.749433686,-0.114857707,-0.104348205,-0.600941802,-0.102611136,0.047557641,-0.700776127,-0.038931482,0.010694335,-0.971513895,-0.127166321,-0.028211389,-0.738312659,-0.096499278,-0.004883176,-0.58692497,-0.051462371,0.182020862,-0.651806919,-0.091718234,0.112470636,-0.856502403,-0.14250183,0.061061518,-0.705513632,-0.121820286,0.073879163,-0.576667901,-0.094478929,fist
0,0,0,-0.176483274,-0.196793628,-0.03025662,-0.262094043,-0.466120105,-0.057605752,-0.16615576,-0.635579787,-0.102943805,-0.017328958,-0.61527255,-0.139029808,-0.187219378,-0.696029415,0.040649256,-0.233767422,-0.928238182,-0.054066635,-0.246632878,-0.728795455,-0.118901897,-0.213380016,-0.571825732,-0.152972339,-0.072713482,-0.717662971,0.012051579,-0.106282723,-0.990460444,-0.087704566,-0.128843691,-0.755009398,-0.113942036,-0.102493411,-0.594783417,-0.106626275,0.052901993,-0.706438697,-0.034407083,0.020993639,-0.980837016,-0.119108266,-0.020188501,-0.753513479,-0.095325833,-0.004359924,-0.58979225,-0.0551367,0.188247675,-0.656210731,-0.088698031,0.125810843,-0.866732047,-0.137107257,0.070421183,-0.718412614,-0.117819537,0.07495997,-0.578422966,-0.091148109,fist
0,0,0,-0.169563154,-0.19148587,-0.029277997,-0.257552462,-0.464876358,-0.056204852,-0.164959519,-0.64130089,-0.100369151,-0.019040341,-0.619689449,-0.134126925,-0.184380705,-0.703887302,0.039301966,-0.234915964,-0.926387348,-0.058543074,-0.242170101,-0.715251668,-0.124572282,-0.206453892,-0.558518771,-0.158963125,-0.070681559,-0.723340482,0.01060077,-0.110262625,-0.98971712,-0.091116274,-0.127375994,-0.746618277,-0.114985062,-0.100643931,-0.59096401,-0.105655533,0.053675669,-0.71325471,-0.036185247,0.013947214,-0.975295829,-0.121189543,-0.022939692,-0.739562602,-0.093655506,-0.005145534,-0.582423781,-0.050987113,0.187613014,-0.666280532,-0.090956033,0.11655511,-0.869187424,-0.138340686,0.067776104,-0.715679754,-0.117662497,0.078653978,-0.584082803,-0.090187751,fist
0,0,0,-0.166044165,-0.191133158,-0.029671667,-0.253381819,-0.469090398,-0.055759058,-0.157039377,-0.650491816,-0.09858576,-0.008843598,-0.621072544,-0.13002497,-0.178402848,-0.709181607,0.036985933,-0.225955487,-0.938312571,-0.062314271,-0.229920946,-0.721570376,-0.129430267,-0.193546469,-0.566160716,-0.164935291,-0.061951325,-0.724101177,0.009519212,-0.10166667,-0.99063393,-0.091149906,-0.117180407,-0.7451263,-0.113524638,-0.0918403,-0.594447792,-0.104536889,0.06234909,-0.711369858,-0.036347983,0.023999994,-0.978482996,-0.120360011,-0.014422301,-0.741280263,-0.091934836,0.001604084,-0.583972797,-0.049664645,0.195777413,-0.661344994,-0.090536357,0.123859118,-0.864506891,-0.139716612,0.07748851,-0.715634081,-0.122351439,0.090284288,-0.587388041,-0.097474029,fist
0,0,0,-0.166576113,-0.195774722,-0.031260242,-0.254747944,-0.467768703,-0.06018207,-0.162745518,-0.644936455,-0.106079042,-0.016362701,-0.619881151,-0.140717902,-0.177570216,-0.710155813,0.036265023,-0.230768595,-0.931805894,-0.064454821,-0.23764679,-0.715859055,-0.130939112,-0.198628443,-0.561951864,-0.165510184,-0.063070978,-0.726854251,0.007300315,-0.104552264,-0.989831322,-0.096450914,-0.122928462,-0.743635047,-0.118833978,-0.092698775,-0.594047475,-0.108395018,0.06070813,-0.714182976,-0.040334241,0.019512577,-0.976763885,-0.127963407,-0.019700993,-0.738925654,-0.098431856,0.001670281,-0.586362587,-0.053950877,0.193431958,-0.663661584,-0.096190675,0.120776384,-0.86895678,-0.144341865,0.071014203,-0.716318246,-0.122683251,0.084238373,-0.586986663,-0.09432451,fist
0,0,0,-0.170243519,-0.188982668,-0.034384995,-0.262608674,-0.46597958,-0.062807982,-0.171180397,-0.648377608,-0.106953389,-0.018272959,-0.622971761,-0.139904092,-0.185219076,-0.708016586,0.035278144,-0.237258893,-0.929879134,-0.063700259,-0.243261129,-0.722047101,-0.129613686,-0.201514228,-0.567092293,-0.164054127,-0.069070658,-0.727393955,0.00900694,-0.109291279,-0.989679895,-0.092677512,-0.127986358,-0.752792305,-0.114903495,-0.09800217,-0.6017268,-0.104919765,0.055279486,-0.715431637,-0.036159244,0.015102102,-0.975926628,-0.122025573,-0.02432568,-0.744277425,-0.094082497,-0.00420329,-0.590232671,-0.051335622,0.188501816,-0.665339721,-0.089882498,0.114825742,-0.865308008,-0.138780968,0.065052395,-0.714400121,-0.119988211,0.078495341,-0.585556943,-0.093883225,fist
0,0,0,-0.170934611,-0.195726439,-0.024850955,-0.254186723,-0.463582756,-0.051172324,-0.16039438,-0.629881663,-0.09784211,-0.014221473,-0.608851826,-0.136379499,-0.173543465,-0.698834541,0.048018674,-0.223206958,-0.930492057,-0.048511151,-0.24015264,-0.735554183,-0.115199378,-0.204915769,-0.574896062,-0.149175433,-0.064760172,-0.713940598,0.016183748,-0.09691988,-0.991363264,-0.088348262,-0.125333613,-0.758015587,-0.118706478,-0.10057996,-0.589515469,-0.111817987,0.055276562,-0.701803901,-0.033237116,0.021117474,-0.97929661,-0.11864742,-0.022374348,-0.756281275,-0.097273498,-0.005648007,-0.590078801,-0.057033396,0.185229197,-0.653612307,-0.090155915,0.123709843,-0.875145784,-0.133710042,0.070664865,-0.734414075,-0.112307686,0.07707264,-0.594034406,-0.08401644,fist
0,0,0,-0.176298023,-0.198498706,-0.027941926,-0.264848374,-0.467071133,-0.052709333,-0.171296482,-0.641779887,-0.095950907,-0.021760443,-0.625279635,-0.129748273,-0.183969385,-0.705532173,0.049188431,-0.240960078,-0.926516282,-0.047239222,-0.249881372,-0.719772483,-0.113379903,-0.212023048,-0.563493743,-0.147408135,-0.070504309,-0.723664184,0.019610788,-0.114678376,-0.989999605,-0.082156261,-0.134806977,-0.752713089,-0.109229089,-0.108309418,-0.595751219,-0.101484061,0.053017643,-0.711037647,-0.028406989,0.008460758,-0.972972485,-0.115036856,-0.030467969,-0.739508366,-0.091185862,-0.012390328,-0.581963359,-0.050038068,0.185111237,-0.660101657,-0.08407139,0.108509655,-0.862562027,-0.130270614,0.060844772,-0.711361227,-0.109634801,0.074707627,-0.581797857,-0.081967256,fist
0,0,0,-0.174542547,-0.189747261,-0.032778841,-0.266707282,-0.463917347,-0.06109233,-0.179218922,-0.645752487,-0.105821207,-0.029637149,-0.619685631,-0.139634328,-0.189488097,-0.695217767,0.033937773,-0.241229669,-0.922458113,-0.061552306,-0.251676834,-0.717730961,-0.122242346,-0.210644237,-0.569570951,-0.153620589,-0.074207767,-0.717096456,0.006096513,-0.114436391,-0.988685326,-0.096982669,-0.135456413,-0.74857233,-0.1166352,-0.102458818,-0.596279925,-0.103138264,0.050250716,-0.707231501,-0.040004753,0.009012411,-0.975074075,-0.127713622,-0.029604547,-0.741439357,-0.097439102,-0.004612742,-0.587818859,-0.05164846,0.183318549,-0.659022654,-0.094227953,0.111934695,-0.865232139,-0.141346543,0.06315903,-0.716292815,-0.118852742,0.079114014,-0.5867966,-0.090037945,fist
0,0,0,-0.175459208,-0.187891342,-0.032505688,-0.266619857,-0.464673468,-0.056593823,-0.173570354,-0.645765765,-0.095943949,-0.020865695,-0.62710498,-0.122565967,-0.195059935,-0.696133721,0.034972234,-0.244960412,-0.92597225,-0.060118485,-0.2474842,-0.713256178,-0.120561509,-0.205692341,-0.5675956,-0.152005162,-0.078533732,-0.715641916,0.008999354,-0.120185547,-0.988647994,-0.090169715,-0.134412923,-0.747687485,-0.107798431,-0.102843969,-0.602459334,-0.094972277,0.047180909,-0.705998126,-0.035564159,0.008905608,-0.973752126,-0.118616982,-0.026655191,-0.740817836,-0.085976037,-0.003818908,-0.593645677,-0.040797052,0.18235253,-0.659353888,-0.08869331,0.113342644,-0.86139569,-0.133545182,0.065949925,-0.713282592,-0.111218273,0.080344258,-0.590522837,-0.083631161,fist
0,0,0,-0.17446576,-0.18972096,-0.031599664,-0.260732639,-0.463821893,-0.057145018,-0.164284198,-0.641734484,-0.099237588,-0.010312119,-0.629879331,-0.131039801,-0.187561962,-0.695962623,0.033759974,-0.243522298,-0.923127843,-0.066423841,-0.244734212,-0.71545779,-0.130759106,-0.200296895,-0.558077388,-0.161992212,-0.070224117,-0.716063958,0.006509932,-0.113658276,-0.988761871,-0.097117246,-0.128245914,-0.749026391,-0.118226774,-0.096937395,-0.591474053,-0.105585716,0.057045494,-0.704859561,-0.039171742,0.017646009,-0.976461845,-0.127248052,-0.019706034,-0.743156408,-0.098013609,-0.000360002,-0.584950949,-0.052497695,0.193807485,-0.65558278,-0.092853644,0.125231203,-0.865736957,-0.139739152,0.075406777,-0.719351858,-0.116702202,0.085785356,-0.590344138,-0.086826429,fist
0,0,0,-0.173612402,-0.18856694,-0.031198608,-0.260349678,-0.455921617,-0.057868372,-0.167287869,-0.632080729,-0.101651443,-0.016527014,-0.625607305,-0.135959514,-0.182266079,-0.692586961,0.035255655,-0.239141455,-0.920945008,-0.064954169,-0.241939189,-0.719318798,-0.130965697,-0.199624542,-0.55921167,-0.162733969,-0.067880281,-0.712465617,0.00809298,-0.112365729,-0.989132523,-0.094819801,-0.130348866,-0.75720393,-0.11889347,-0.101290142,-0.595836245,-0.108277386,0.056553754,-0.701192039,-0.037244294,0.015689961,-0.971637465,-0.125914331,-0.023398011,-0.741813424,-0.100459759,-0.006044818,-0.578029854,-0.05679372,0.190463296,-0.651599537,-0.090251328,0.123882803,-0.863317062,-0.138372839,0.074459769,-0.721018333,-0.117101086,0.083524069,-0.588474827,-0.087797257,fist
0,0,0,-0.173367601,-0.192665518,-0.032712349,-0.260666585,-0.463174282,-0.059033754,-0.165044301,-0.633743463,-0.10131222,-0.013086102,-0.627975224,-0.132030296,-0.184025976,-0.69894209,0.031479071,-0.238148706,-0.927583036,-0.069297895,-0.240371441,-0.711585538,-0.134010625,-0.202110196,-0.559037664,-0.165987572,-0.068139963,-0.71552385,0.005254947,-0.112506547,-0.988981072,-0.096222224,-0.125880156,-0.742849098,-0.11595316,-0.098346482,-0.59282462,-0.104085801,0.057855381,-0.702502253,-0.039580476,0.01819413,-0.971843062,-0.125630067,-0.017688982,-0.730932293,-0.093870091,-0.000615895,-0.576085367,-0.048215269,0.193221013,-0.652465946,-0.092619022,0.124836183,-0.857090323,-0.138690346,0.078338259,-0.709035838,-0.115234088,0.089330048,-0.58773544,-0.085892708,fist
0,0,0,-0.175143806,-0.192194268,-0.033836521,-0.267396397,-0.465455762,-0.061246554,-0.170593285,-0.643633851,-0.104600103,-0.01714365,-0.616203682,-0.136603637,-0.186593368,-0.702625033,0.034076375,-0.233512091,-0.933943341,-0.06407706,-0.243466288,-0.722037081,-0.127023199,-0.207653465,-0.569425728,-0.159189802,-0.069654151,-0.71691453,0.007542351,-0.10829409,-0.989628812,-0.09437799,-0.129330192,-0.749724791,-0.114547069,-0.1053373,-0.60092478,-0.103090296,0.054920572,-0.701679675,-0.037744222,0.017371854,-0.967958801,-0.124892467,-0.023777672,-0.732637185,-0.094695736,-0.009630257,-0.580860087,-0.050076875,0.187678508,-0.647760752,-0.091234413,0.116028866,-0.854450615,-0.138003728,0.067296509,-0.705153766,-0.115524157,0.07807888,-0.580726304,-0.087294155,fist
0,0,0,-0.172491292,-0.186861248,-0.031220219,-0.260082689,-0.459693368,-0.056345918,-0.167938387,-0.638830198,-0.097775931,-0.01670405,-0.626769633,-0.12797094,-0.186883456,-0.694591434,0.032500774,-0.241556163,-0.923460879,-0.067937816,-0.242557522,-0.708697804,-0.131412454,-0.200278752,-0.551370636,-0.16188548,-0.069962094,-0.713726478,0.005551551,-0.112451966,-0.988996995,-0.096122313,-0.12722566,-0.745319836,-0.114510486,-0.098401823,-0.590679429,-0.100721828,0.056598405,-0.70105074,-0.03986358,0.018081699,-0.972123016,-0.126075498,-0.019520483,-0.73420249,-0.093841348,-0.002771352,-0.577331461,-0.04692737,0.191604544,-0.650495177,-0.093352438,0.124853554,-0.85727682,-0.138437068,0.077415274,-0.712274385,-0.114284485,0.087352099,-0.587330917,-0.084085157,fist
0,0,0,-0.173211286,-0.197346895,-0.03031235,-0.258218753,-0.463138831,-0.058126421,-0.165732104,-0.637690496,-0.103639661,-0.016551899,-0.626139364,-0.139128662,-0.185640835,-0.690127085,0.035912183,-0.23674608,-0.921294967,-0.063541782,-0.243008726,-0.718773728,-0.127736466,-0.202984362,-0.560060087,-0.158814494,-0.069241891,-0.710257969,0.00651783,-0.106678917,-0.98937876,-0.098738429,-0.125923676,-0.750265423,-0.122082752,-0.095935659,-0.588583552,-0.110187147,0.057119709,-0.697887523,-0.040940793,0.020554053,-0.968999694,-0.130045262,-0.018958944,-0.738685775,-0.1026422,-0.000355031,-0.578308805,-0.057608185,0.190581836,-0.646990588,-0.096169659,0.125596,-0.857509339,-0.141166699,0.076055111,-0.716445928,-0.117222852,0.08567575,-0.585010037,-0.086990757,fist
0,0,0,-0.170396412,-0.187088379,-0.033964824,-0.259957375,-0.46256122,-0.061201133,-0.166141634,-0.635882948,-0.104221123,-0.013903051,-0.616632172,-0.135497974,-0.182073207,-0.705431243,0.03012723,-0.231737329,-0.931667471,-0.068440771,-0.236415537,-0.716988866,-0.132164853,-0.199128436,-0.561117502,-0.164383937,-0.064538533,-0.719622823,0.004460178,-0.106583236,-0.989545629,-0.097156894,-0.122874076,-0.743881697,-0.116900632,-0.097729893,-0.588490188,-0.10484545,0.061426469,-0.704369505,-0.039610348,0.020684764,-0.971264882,-0.125093322,-0.016078542,-0.73325399,-0.094137008,-0.000572064,-0.574809754,-0.049004198,0.195751478,-0.652655057,-0.092078651,0.125929217,-0.857101424,-0.139109669,0.079892217,-0.711478277,-0.117504497,0.09013103,-0.586720734,-0.089301751,fist
0,0,0,-0.171765826,-0.191663256,-0.037420393,-0.26384203,-0.461159542,-0.068661666,-0.170891029,-0.644271828,-0.115053107,-0.015610395,-0.621886622,-0.149241817,-0.183012053,-0.697250189,0.027875767,-0.23387577,-0.926406475,-0.072531194,-0.240775976,-0.716560405,-0.136402277,-0.198967367,-0.565535292,-0.169266055,-0.06553505,-0.713804184,0.001662976,-0.105558179,-0.98902889,-0.103340825,-0.124998493,-0.748994396,-0.123628434,-0.094734337,-0.598360813,-0.111720119,0.059578526,-0.700046834,-0.043480191,0.022299575,-0.970241043,-0.131804053,-0.018237344,-0.739185348,-0.100108122,0.001225822,-0.587486235,-0.054371706,0.192660314,-0.64821584,-0.097452763,0.123098094,-0.853536295,-0.143971667,0.07188624,-0.710382047,-0.121202159,0.082461766,-0.584922726,-0.092903821,fist
0,0,0,-0.170964013,-0.192321516,-0.028084111,-0.259016466,-0.468816054,-0.052884839,-0.165747998,-0.645422675,-0.093917993,-0.010481155,-0.642837457,-0.125383298,-0.183182179,-0.694143745,0.030615352,-0.238255973,-0.921854921,-0.065433538,-0.243450718,-0.719892607,-0.127886081,-0.200541829,-0.565662619,-0.159397504,-0.066909512,-0.716988837,0.002676941,-0.111209429,-0.989046606,-0.097052943,-0.129103628,-0.754983972,-0.119084383,-0.096514508,-0.597047673,-0.108238052,0.059075699,-0.708571602,-0.04228413,0.015024024,-0.979608216,-0.127214381,-0.021469173,-0.749652151,-0.100294742,0.003201473,-0.590367028,-0.05762052,0.194355049,-0.660431084,-0.094494525,0.120089129,-0.870400246,-0.143370387,0.071670236,-0.723821415,-0.123062675,0.087406317,-0.592741566,-0.09512878,fist
0,0,0,-0.174305077,-0.191251747,-0.025328166,-0.260337319,-0.470520081,-0.046373878,-0.166494675,-0.64214094,-0.084736634,-0.014237598,-0.6372811,-0.114170667,-0.187036137,-0.693184948,0.038373262,-0.237811257,-0.923494219,-0.054405901,-0.246560054,-0.721271316,-0.115191288,-0.207380301,-0.567170954,-0.145872111,-0.070024221,-0.714615438,0.009453634,-0.111434136,-0.989935608,-0.087234884,-0.13181172,-0.757845058,-0.109970728,-0.10204094,-0.600372987,-0.09990494,0.057431422,-0.705853069,-0.036476824,0.016285052,-0.979521739,-0.118969413,-0.020809587,-0.747620683,-0.092990151,0.002186902,-0.58723868,-0.051539192,0.194769605,-0.658526167,-0.089503264,0.120320261,-0.870911525,-0.137275868,0.070580065,-0.720953061,-0.116824657,0.085064413,-0.588488799,-0.089053523,fist
0,0,0,-0.170257846,-0.189637216,-0.037910016,-0.263650396,-0.465223144,-0.069075212,-0.165137468,-0.645461808,-0.114651862,-0.006135621,-0.623032944,-0.148237775,-0.177554152,-0.707416513,0.024583746,-0.230408964,-0.933960961,-0.073525366,-0.240083762,-0.718284864,-0.135986929,-0.200538269,-0.572833957,-0.169197938,-0.060398008,-0.723816976,0.000244273,-0.105715061,-0.989332262,-0.100229739,-0.125594317,-0.744084047,-0.115716554,-0.094903163,-0.601755731,-0.102063936,0.0647594,-0.709449844,-0.043033449,0.022680857,-0.972893494,-0.130694117,-0.018674746,-0.732587765,-0.098015705,0.002750416,-0.581955845,-0.052511201,0.19950312,-0.656332502,-0.094972002,0.126506857,-0.859702898,-0.148058849,0.077218737,-0.70745465,-0.128495879,0.090320808,-0.58109842,-0.101433674,fist
0,0,0,-0.172235561,-0.18739164,-0.037287128,-0.263520396,-0.467767947,-0.065232375,-0.165785172,-0.64450507,-0.107777376,-0.010396897,-0.616182381,-0.138233264,-0.181040119,-0.707324222,0.02662614,-0.230349526,-0.936879238,-0.069314712,-0.241239104,-0.723152056,-0.129087479,-0.20375006,-0.576114972,-0.160070594,-0.06382666,-0.722059863,0.002500952,-0.104429299,-0.989731386,-0.097602788,-0.126820822,-0.745820027,-0.113090566,-0.099933211,-0.59921856,-0.098414384,0.061056117,-0.706410522,-0.040476776,0.021167285,-0.966560864,-0.126276875,-0.021162723,-0.727637443,-0.094145685,-0.002569738,-0.577463459,-0.048669542,0.195052913,-0.653580519,-0.092069913,0.122114142,-0.851903042,-0.140877827,0.074304177,-0.701663367,-0.120572962,0.089617018,-0.579907621,-0.093559828,fist
0,0,0,-0.225032527,-0.090213191,-0.043098249,-0.420133257,-0.320586708,-0.076739382,-0.509582265,-0.530363658,-0.119498871,-0.549085609,-0.671700082,-0.150657947,-0.367424016,-0.688806068,-0.016627572,-0.489599559,-0.860199201,-0.142652045,-0.486338073,-0.575804333,-0.204121474,-0.432838703,-0.391533765,-0.222467401,-0.220239598,-0.714352305,-0.045419197,-0.343341015,-0.902640651,-0.171296423,-0.344043945,-0.579471716,-0.189501842,-0.274428123,-0.405018373,-0.166478352,-0.046675351,-0.697024313,-0.091642064,-0.166276022,-0.867916193,-0.20547491,-0.178117249,-0.571209338,-0.162016226,-0.111809321,-0.420509063,-0.100571698,0.159313851,-0.649077909,-0.142260676,0.038610103,-0.781054495,-0.203103154,-0.007209052,-0.578212967,-0.156689814,0.026943806,-0.451508897,-0.100979509,open_palm
0,0,0,-0.209624573,-0.116163012,-0.039733448,-0.35157098,-0.421899576,-0.046158254,-0.401688278,-0.683989275,-0.067835065,-0.439671024,-0.894844771,-0.077085843,-0.205712941,-0.699008308,0.07441673,-0.266709407,-0.900268327,-0.022552646,-0.272851593,-0.707161593,-0.085319599,-0.233239452,-0.534677551,-0.109029917,-0.096180342,-0.720375471,0.054586236,-0.159768354,-0.929286543,-0.045376494,-0.178730976,-0.685743142,-0.077349393,-0.128437029,-0.527043462,-0.067042806,0.031930611,-0.718656913,0.011794153,-0.038789652,-0.907207851,-0.08314447,-0.070206392,-0.683804044,-0.064327748,-0.024791456,-0.543322219,-0.020148349,0.179119387,-0.68753666,-0.038414913,0.105151185,-0.859919506,-0.090229272,0.05890222,-0.705045748,-0.0640979,0.08620681,-0.580174154,-0.025090272,open_palm
0,0,0,-0.200510778,-0.094569636,-0.06090133,-0.349640452,-0.336648578,-0.089425763,-0.405178083,-0.571072526,-0.127075019,-0.411894213,-0.703435948,-0.150788335,-0.261283276,-0.665398227,0.02906075,-0.325736081,-0.894106189,-0.050684593,-0.327094486,-0.798743915,-0.11550986,-0.289630545,-0.667532504,-0.149422399,-0.136932739,-0.705331632,0.019543766,-0.195421172,-0.978811473,-0.061144629,-0.212718991,-0.870722329,-0.107835427,-0.187958179,-0.728735671,-0.122068478,-0.007861464,-0.702980129,-0.009483237,-0.038935188,-0.989248862,-0.084933362,-0.070071676,-0.927043547,-0.104231295,-0.063808842,-0.789146496,-0.096669648,0.135556676,-0.654518521,-0.047375015,0.133082019,-0.888223575,-0.095402152,0.091534999,-0.893824863,-0.105587864,0.068304414,-0.803739374,-0.100798586,open_palm
0,0,0,-0.143310041,-0.065866434,-0.054906057,-0.267400452,-0.213946464,-0.082150769,-0.351247294,-0.338927486,-0.110002444,-0.436100616,-0.398469107,-0.13774745,-0.18171276,-0.507862109,-0.019860684,-0.246074554,-0.675032256,-0.058899135,-0.284535853,-0.777393347,-0.098328126,-0.32127222,-0.869205595,-0.128864244,-0.08265766,-0.551217901,-0.027650055,-0.098107628,-0.762070222,-0.055042451,-0.113983533,-0.885106974,-0.082445154,-0.133531406,-0.98538522,-0.105760727,0.010738748,-0.535087311,-0.047580831,0.023224276,-0.721515297,-0.080053952,0.022821045,-0.843502112,-0.110712166,0.013474072,-0.952516593,-0.133583167,0.09756167,-0.476969425,-0.074653053,0.150132202,-0.615296055,-0.100700264,0.172384201,-0.712717335,-0.119267428,0.177303404,-0.812405832,-0.135258345,open_palm
0,0,0,-0.147113562,-0.059055923,-0.058613771,-0.277288471,-0.197978205,-0.089092573,-0.368767472,-0.312983449,-0.119956389,-0.455215233,-0.359912947,-0.150334059,-0.185483514,-0.5043601,-0.027411417,-0.2539489,-0.677910948,-0.066724295,-0.294614988,-0.780797246,-0.104498383,-0.332944775,-0.87139757,-0.132764962,-0.089607616,-0.551333364,-0.033257127,-0.107243123,-0.76023066,-0.056153769,-0.120219786,-0.885781327,-0.077621689,-0.136145073,-0.985986119,-0.096415206,0.003234436,-0.536348802,-0.051638197,0.011614905,-0.726311018,-0.081065852,0.014479598,-0.846346972,-0.106786243,0.01128348,-0.950381834,-0.125578219,0.090266728,-0.478787641,-0.077901737,0.14777032,-0.616680098,-0.10233704,0.178712346,-0.711382594,-0.118000785,0.196825763,-0.806019951,-0.13065214,open_palm
0,0,0,-0.150647434,-0.046967888,-0.061022698,-0.284101806,-0.18080813,-0.093757485,-0.387893022,-0.286650656,-0.126704024,-0.478812734,-0.32483121,-0.158784764,-0.199956809,-0.494132236,-0.031989792,-0.268956685,-0.665183899,-0.07420727,-0.309159256,-0.769032829,-0.112476991,-0.34651737,-0.856285024,-0.138857561,-0.102452143,-0.542483893,-0.0359539,-0.121724915,-0.755815658,-0.054677701,-0.134706644,-0.884852319,-0.06793296,-0.152774979,-0.98508661,-0.079146547,-0.005006612,-0.528634936,-0.053146438,0.004755952,-0.72070909,-0.077351026,0.007605039,-0.842789688,-0.093752597,0.001516204,-0.946823129,-0.104715483,0.084459355,-0.472628777,-0.079135012,0.14013078,-0.617190218,-0.100672033,0.168606071,-0.712857974,-0.110902179,0.184672559,-0.806249981,-0.11752211,open_palm
0,0,0,-0.159107893,-0.041045153,-0.057890967,-0.299736884,-0.171093722,-0.087560575,-0.404243943,-0.274234796,-0.117290021,-0.498156798,-0.309838113,-0.146214366,-0.217234953,-0.495520093,-0.027657594,-0.285370727,-0.675255539,-0.063973062,-0.326660153,-0.786880917,-0.0994315,-0.366796566,-0.878099657,-0.125105114,-0.118282715,-0.54518124,-0.032436489,-0.1372196,-0.755501517,-0.045917787,-0.150968631,-0.885672066,-0.060018805,-0.17030949,-0.982647569,-0.073474024,-0.018489506,-0.5325409,-0.049754698,-0.005238104,-0.722024209,-0.068018356,-0.00189176,-0.84545974,-0.086874797,-0.006247949,-0.947498432,-0.101867079,0.074105376,-0.478620217,-0.075566954,0.127047358,-0.625498902,-0.093106704,0.156125967,-0.722207044,-0.103914759,0.175443602,-0.814355891,-0.112395763,open_palm
0,0,0,-0.163134746,-0.035808278,-0.063954476,-0.311266858,-0.159321765,-0.097184257,-0.424252161,-0.255646192,-0.129913047,-0.522295775,-0.28568801,-0.161519269,-0.229935341,-0.497644897,-0.031323348,-0.301542,-0.67496747,-0.070048567,-0.344515727,-0.786736683,-0.106842636,-0.38594123,-0.878965849,-0.133116974,-0.129349313,-0.549517259,-0.033134238,-0.150478171,-0.756612087,-0.045813065,-0.166973945,-0.885625468,-0.05671978,-0.189082387,-0.97964681,-0.06737937,-0.0274907,-0.537459278,-0.048498328,-0.019102193,-0.725014927,-0.065535576,-0.018685045,-0.848909143,-0.079581216,-0.024010352,-0.950611575,-0.090555181,0.066932598,-0.483143753,-0.07344058,0.114359658,-0.629803908,-0.091240334,0.139105294,-0.726450508,-0.099670122,0.156627271,-0.819696587,-0.105088875,open_palm
0,0,0,-0.16071379,-0.033841004,-0.059928575,-0.31105485,-0.155720727,-0.090889388,-0.422397493,-0.248634031,-0.121216154,-0.520072335,-0.272769403,-0.151374114,-0.23231392,-0.489484478,-0.031788431,-0.305779361,-0.66526971,-0.065980358,-0.349180084,-0.773726757,-0.101400031,-0.390726018,-0.866741056,-0.129042989,-0.133628765,-0.541950425,-0.035645919,-0.157458097,-0.752380208,-0.05016231,-0.172774389,-0.882289467,-0.067981727,-0.192131292,-0.977623514,-0.08566114,-0.03443976,-0.530328602,-0.051536369,-0.027130939,-0.71977911,-0.07186526,-0.026892242,-0.843737126,-0.096988528,-0.032355442,-0.946471951,-0.117526628,0.05980634,-0.475895033,-0.075579732,0.109567612,-0.624619301,-0.096030538,0.136081971,-0.721417905,-0.110897688,0.15340989,-0.815285231,-0.12324065,open_palm
0,0,0,-0.157531332,-0.036214876,-0.061040842,-0.307210259,-0.157516497,-0.093287684,-0.41964305,-0.246559994,-0.124671411,-0.518081924,-0.267066039,-0.156325431,-0.231234623,-0.484624161,-0.036579353,-0.306856029,-0.659473424,-0.071529999,-0.350082949,-0.769564725,-0.107047808,-0.391233434,-0.865327826,-0.135321062,-0.133218516,-0.537696925,-0.040951621,-0.158113069,-0.748941175,-0.057948363,-0.174981602,-0.878993243,-0.077512422,-0.196150221,-0.975804535,-0.09659503,-0.034278532,-0.526730497,-0.056993166,-0.028296764,-0.714114976,-0.079850114,-0.029606154,-0.838588452,-0.107178187,-0.036649775,-0.943307086,-0.129252874,0.058947463,-0.473186208,-0.08107255,0.108848038,-0.620747591,-0.102902354,0.135175645,-0.7178961,-0.118820441,0.151188209,-0.812562776,-0.132404414,open_palm
0,0,0,-0.15830827,-0.038740192,-0.066544726,-0.308788231,-0.160447063,-0.102035838,-0.423014036,-0.24945687,-0.13623134,-0.522039372,-0.271238118,-0.169802122,-0.232401701,-0.487595861,-0.037823021,-0.309596141,-0.662201018,-0.07509296,-0.352648658,-0.771835387,-0.111261532,-0.393342446,-0.866354411,-0.138892341,-0.133996638,-0.542262168,-0.039718482,-0.159076477,-0.751093865,-0.058103668,-0.1788242,-0.879561014,-0.076405733,-0.203504291,-0.974674173,-0.09271602,-0.034176409,-0.533151509,-0.054171056,-0.03168476,-0.721754691,-0.077630361,-0.035656679,-0.846948399,-0.101058577,-0.04466127,-0.950009938,-0.118412306,0.060266534,-0.480453372,-0.077496138,0.106403995,-0.62808925,-0.098941579,0.130851049,-0.726258122,-0.111981101,0.145408723,-0.819872591,-0.121724818,open_palm
0,0,0,-0.158676414,-0.035939908,-0.063583713,-0.306616732,-0.155559196,-0.097997335,-0.421838213,-0.245742186,-0.131645273,-0.52226414,-0.268512675,-0.16484035,-0.23138896,-0.483927278,-0.036383346,-0.309305595,-0.659929246,-0.075457583,-0.354804716,-0.76772115,-0.113344866,-0.397463752,-0.859661295,-0.141689327,-0.133497572,-0.538117335,-0.039359638,-0.161044449,-0.746428086,-0.058635572,-0.181549659,-0.876421437,-0.078477891,-0.206915607,-0.973592647,-0.096453566,-0.03427677,-0.529160496,-0.054724928,-0.032540217,-0.714905341,-0.078497475,-0.036510555,-0.838419061,-0.103482271,-0.046495083,-0.942261904,-0.12256078,0.059873771,-0.478369244,-0.078577708,0.108025744,-0.624688704,-0.10021988,0.132869214,-0.721948484,-0.114625191,0.146578588,-0.816311969,-0.125937094,open_palm
0,0,0,-0.157268133,-0.034635835,-0.063052586,-0.307513797,-0.157890517,-0.095896336,-0.420450053,-0.248481369,-0.127857622,-0.518566478,-0.269527921,-0.159752337,-0.227984906,-0.484776927,-0.035597695,-0.3059349,-0.658450447,-0.072645773,-0.350192969,-0.767509972,-0.109637414,-0.392679642,-0.861221187,-0.138193324,-0.130045879,-0.53861451,-0.038719658,-0.155548553,-0.747991613,-0.057724682,-0.177174684,-0.877725292,-0.078268434,-0.203601734,-0.974232574,-0.097042387,-0.031663547,-0.529695881,-0.053903494,-0.031194616,-0.716255477,-0.076871619,-0.037624128,-0.841351268,-0.102886449,-0.049098708,-0.945710018,-0.123363242,0.061814527,-0.47845756,-0.077581831,0.108278855,-0.623616421,-0.098095632,0.131155341,-0.720391543,-0.112661381,0.142876884,-0.813446685,-0.124805509,open_palm
0,0,0,-0.154417816,-0.035772065,-0.062159502,-0.304348664,-0.160688643,-0.094302835,-0.416666565,-0.25113629,-0.125794944,-0.515794527,-0.273517746,-0.157158772,-0.225417445,-0.487879547,-0.032904465,-0.302504227,-0.660612249,-0.068988181,-0.346429523,-0.768953837,-0.105439442,-0.389072762,-0.863198645,-0.134083658,-0.127762471,-0.541307274,-0.037282951,-0.15379961,-0.751489338,-0.056686191,-0.175578048,-0.879261317,-0.078079602,-0.202248833,-0.974476365,-0.097422914,-0.029611965,-0.531319639,-0.053737975,-0.03004595,-0.717712444,-0.077689568,-0.036463976,-0.841195642,-0.10441082,-0.047704472,-0.944999106,-0.125284897,0.063673372,-0.478934891,-0.078573341,0.108623704,-0.624960628,-0.099789882,0.132078134,-0.721984565,-0.114727057,0.144594714,-0.815865391,-0.127311042,open_palm
0,0,0,-0.156217562,-0.035818487,-0.063717121,-0.304193393,-0.159922503,-0.096775314,-0.416507227,-0.252253909,-0.128820505,-0.517118759,-0.275195199,-0.160809273,-0.226622142,-0.485393549,-0.035044678,-0.305540424,-0.658376305,-0.071071517,-0.34917448,-0.769034725,-0.107257693,-0.390722428,-0.864749616,-0.135861395,-0.129350323,-0.539399174,-0.038249558,-0.155279931,-0.7497969,-0.057640449,-0.175414146,-0.878643175,-0.078647956,-0.200545069,-0.974815264,-0.097554474,-0.031111439,-0.529074139,-0.053437412,-0.032001503,-0.715319729,-0.077464684,-0.037573863,-0.839683001,-0.104010615,-0.047898181,-0.943970377,-0.124576389,0.062572038,-0.476052657,-0.077006427,0.105648302,-0.621457498,-0.098212218,0.1287379,-0.719197859,-0.112959512,0.141923692,-0.813309942,-0.125185333,open_palm
0,0,0,-0.156085071,-0.034712416,-0.064429548,-0.305046025,-0.159223499,-0.09713554,-0.418018985,-0.251880208,-0.128726363,-0.517390839,-0.277185751,-0.159832156,-0.227243328,-0.485408764,-0.033355596,-0.306000942,-0.658295074,-0.069421138,-0.350462429,-0.76870203,-0.105805747,-0.393010023,-0.864494223,-0.134167729,-0.130083567,-0.539594379,-0.036085646,-0.157043878,-0.748992358,-0.054354911,-0.178078299,-0.878560747,-0.074161074,-0.20399408,-0.974631014,-0.092091273,-0.031996629,-0.530118439,-0.05126039,-0.034741103,-0.715424622,-0.073913101,-0.041280639,-0.839935327,-0.098748373,-0.052099077,-0.944501063,-0.118071083,0.06142944,-0.479177586,-0.075191703,0.103075851,-0.625064341,-0.095247757,0.124810019,-0.722463184,-0.108941862,0.136898021,-0.816266046,-0.12028897,open_palm
0,0,0,-0.156262266,-0.03272306,-0.064347198,-0.306575173,-0.155105748,-0.097791966,-0.421115079,-0.24657732,-0.129995995,-0.521615097,-0.272225165,-0.161760411,-0.230125555,-0.483132892,-0.035755753,-0.309400579,-0.6580374,-0.07291432,-0.354736346,-0.768394478,-0.109656982,-0.398302657,-0.862214523,-0.13789287,-0.133024131,-0.538081677,-0.03826627,-0.160275797,-0.74832232,-0.056853493,-0.181158726,-0.878144784,-0.076808554,-0.207088471,-0.973703161,-0.094955355,-0.034834202,-0.528535683,-0.053052266,-0.03766449,-0.714659871,-0.075533003,-0.044623376,-0.839328827,-0.10056793,-0.056319064,-0.943754876,-0.120351591,0.058940136,-0.477002369,-0.076474991,0.100794587,-0.622263514,-0.096833143,0.122296073,-0.720210221,-0.111077334,0.134148788,-0.814920033,-0.122830513,open_palm
0,0,0,-0.156605162,-0.03422612,-0.06426501,-0.306504959,-0.158021738,-0.096610811,-0.420631955,-0.249970057,-0.127927244,-0.520665282,-0.274210836,-0.158605273,-0.229517187,-0.484145503,-0.032224143,-0.309834626,-0.658555595,-0.067480022,-0.354976123,-0.769751772,-0.102687601,-0.39746326,-0.864590338,-0.129880312,-0.132934535,-0.538595444,-0.034618882,-0.160150429,-0.747951467,-0.051642109,-0.181013335,-0.878617942,-0.07012977,-0.20684097,-0.974514579,-0.08682251,-0.035058615,-0.529792403,-0.049610782,-0.038224715,-0.713962929,-0.071620193,-0.044836323,-0.839091719,-0.096026562,-0.05609933,-0.94279247,-0.114668181,0.058430592,-0.47993572,-0.073365576,0.099808315,-0.624142757,-0.093228974,0.121612718,-0.721310536,-0.106982408,0.13376314,-0.814111093,-0.117973536,open_palm
0,0,0,-0.159589514,-0.031980592,-0.066496161,-0.31060862,-0.152376083,-0.101299998,-0.425476336,-0.243153119,-0.134568818,-0.526654624,-0.269062178,-0.167392841,-0.232731521,-0.479948976,-0.037625646,-0.311589548,-0.656798464,-0.075148971,-0.357342093,-0.767381504,-0.112222803,-0.401140303,-0.860047633,-0.140549502,-0.134975442,-0.5342609,-0.039058536,-0.162048119,-0.744534494,-0.057485447,-0.184313617,-0.875281439,-0.077968249,-0.21142014,-0.972576389,-0.096936539,-0.036393659,-0.525345523,-0.052999923,-0.038274302,-0.711806031,-0.0751706,-0.045743375,-0.837110958,-0.101306918,-0.058298426,-0.942595724,-0.122372902,0.057770662,-0.47559663,-0.075748242,0.100212022,-0.621301582,-0.095991548,0.120830336,-0.718571939,-0.111083704,0.131247117,-0.812529845,-0.123908216,open_palm
0,0,0,-0.158081708,-0.031094272,-0.06934053,-0.309297131,-0.148705211,-0.106431102,-0.425456511,-0.238534083,-0.141930091,-0.526527972,-0.265736693,-0.176258274,-0.231814902,-0.478197097,-0.0395662,-0.309386204,-0.656491255,-0.079315681,-0.355507894,-0.767903048,-0.116919054,-0.399724974,-0.859219379,-0.144500265,-0.13484881,-0.532243153,-0.039583574,-0.161804939,-0.74306097,-0.057916967,-0.182674981,-0.875255929,-0.076037175,-0.208673441,-0.973593081,-0.092584594,-0.035990525,-0.524427477,-0.05283827,-0.038704138,-0.710594033,-0.074781256,-0.045619711,-0.834561782,-0.097944435,-0.058387686,-0.938643807,-0.116044598,0.059193521,-0.476182339,-0.075458899,0.102258294,-0.622051161,-0.09552677,0.122788602,-0.719541637,-0.109318046,0.132383874,-0.813207393,-0.120298253,open_palm
0,0,0,-0.15799435,-0.031657177,-0.066079811,-0.309061972,-0.152128074,-0.101149535,-0.424184167,-0.241873124,-0.13496584,-0.525530076,-0.265841961,-0.168388562,-0.230697101,-0.481460375,-0.037703481,-0.309596091,-0.65832736,-0.076429936,-0.355375006,-0.769266033,-0.114341218,-0.399732826,-0.861723543,-0.143088595,-0.132799225,-0.535301041,-0.039763569,-0.160844939,-0.745443471,-0.05884025,-0.182059282,-0.87600236,-0.079526684,-0.208149402,-0.973111971,-0.098625142,-0.033796649,-0.526155606,-0.054388655,-0.037212292,-0.713601699,-0.07704863,-0.044235685,-0.839342461,-0.102782014,-0.056217022,-0.944888837,-0.123563103,0.061087523,-0.475216806,-0.077890106,0.103298696,-0.620797408,-0.09858142,0.123939293,-0.718734574,-0.113586821,0.134466195,-0.813133794,-0.126275151,open_palm
0,0,0,-0.153762929,-0.034948961,-0.066190315,-0.305064531,-0.155709986,-0.101256789,-0.420639868,-0.246200474,-0.134789614,-0.521622361,-0.270849554,-0.167881264,-0.227313329,-0.481151426,-0.039320273,-0.304461153,-0.657858015,-0.077296821,-0.348387526,-0.770076203,-0.11448876,-0.391026571,-0.865573809,-0.143424956,-0.131117549,-0.534470877,-0.041495554,-0.157834295,-0.746254189,-0.062346947,-0.178757185,-0.876345289,-0.084530146,-0.204326748,-0.97329162,-0.104661367,-0.033425185,-0.525595123,-0.055860188,-0.036582553,-0.711794439,-0.080192619,-0.042508521,-0.835591261,-0.107453907,-0.053171357,-0.940261394,-0.129143832,0.060765138,-0.475140241,-0.07890209,0.10381303,-0.62093903,-0.100300141,0.126016429,-0.718260699,-0.115966549,0.13735372,-0.812675631,-0.129368148,open_palm
0,0,0,-0.157585513,-0.038316492,-0.066302192,-0.300099569,-0.167218264,-0.100752729,-0.409209221,-0.278430719,-0.133472657,-0.512726747,-0.316740159,-0.164693509,-0.225459324,-0.4845088,-0.033279553,-0.30258379,-0.660460572,-0.069326362,-0.346884242,-0.771012566,-0.105725815,-0.389388956,-0.865249998,-0.134054327,-0.130438883,-0.536501168,-0.035327511,-0.158277462,-0.746099753,-0.054339712,-0.177299713,-0.875493928,-0.075079427,-0.201201314,-0.975029644,-0.093995878,-0.034374719,-0.526755259,-0.049992371,-0.038648014,-0.715228565,-0.073556946,-0.044044697,-0.839407686,-0.099467897,-0.055676911,-0.944012333,-0.120077628,0.058771102,-0.475923587,-0.073427331,0.099327397,-0.622912738,-0.094683932,0.120823353,-0.72145561,-0.11028992,0.131479779,-0.815099984,-0.123496494,open_palm
0,0,0,-0.171800856,-0.032958595,-0.074860822,-0.304420959,-0.156797855,-0.112478974,-0.409304965,-0.284377601,-0.144358876,-0.512217921,-0.340690697,-0.174165176,-0.2385271,-0.471872238,-0.040623841,-0.314465459,-0.647882551,-0.076095441,-0.360200712,-0.756356566,-0.114440724,-0.401519104,-0.854677702,-0.144557092,-0.141888886,-0.525868245,-0.035724882,-0.170270435,-0.727496283,-0.053099253,-0.191169119,-0.858640998,-0.079384908,-0.21517813,-0.971168035,-0.102620756,-0.044165426,-0.518415969,-0.042457611,-0.048153781,-0.702552967,-0.063291882,-0.056126443,-0.823501443,-0.092621443,-0.072118876,-0.931452993,-0.115690943,0.049545772,-0.472693912,-0.057822043,0.074423195,-0.621318605,-0.078358075,0.084565272,-0.721992839,-0.094106111,0.087721743,-0.816733821,-0.10629185,open_palm
0,0,0,-0.15755349,-0.029689996,-0.08631728,-0.29518491,-0.143122797,-0.132619295,-0.38575696,-0.269977243,-0.172586818,-0.458670748,-0.359080154,-0.210151476,-0.224408945,-0.456910477,-0.069314886,-0.305345678,-0.637796452,-0.124568948,-0.349014004,-0.757151949,-0.17000314,-0.389377673,-0.85978009,-0.201682072,-0.125372543,-0.513470195,-0.063420797,-0.154140046,-0.734827908,-0.099900827,-0.17327608,-0.866149612,-0.126488878,-0.195504867,-0.969668762,-0.146698123,-0.02652986,-0.506739399,-0.070904908,-0.032215944,-0.692889457,-0.107686048,-0.041614716,-0.81833206,-0.133711953,-0.055769216,-0.927982782,-0.151016109,0.068312767,-0.458607847,-0.088088968,0.097619741,-0.612874832,-0.117469264,0.109560754,-0.712390079,-0.131958909,0.112284235,-0.807017272,-0.141628863,open_palm
0,0,0,-0.146304627,-0.025415176,-0.082222597,-0.284437825,-0.134708489,-0.127073078,-0.37455675,-0.251963952,-0.166993803,-0.449714818,-0.329369816,-0.205012068,-0.212654876,-0.450250228,-0.066237062,-0.292414926,-0.628795741,-0.115087752,-0.33372469,-0.741444608,-0.15623348,-0.374107916,-0.834484736,-0.186056749,-0.113261908,-0.505683265,-0.061943289,-0.144349198,-0.728731578,-0.098015024,-0.169951664,-0.863843266,-0.126257859,-0.200658009,-0.968454322,-0.147758549,-0.014162872,-0.500040161,-0.069882779,-0.027964519,-0.692725307,-0.108675016,-0.042210339,-0.819878285,-0.137231072,-0.05863333,-0.927140712,-0.155538132,0.08536082,-0.452259313,-0.086682297,0.112710422,-0.611812974,-0.116736918,0.12373002,-0.710428615,-0.131556456,0.124008954,-0.800662986,-0.1416328,open_palm
0,0,0,-0.140061362,-0.019840411,-0.082584152,-0.27234782,-0.118224416,-0.130219487,-0.359607404,-0.219675894,-0.17317555,-0.429470732,-0.296265434,-0.214569509,-0.214251527,-0.445336675,-0.068896898,-0.291262108,-0.613603784,-0.118444738,-0.328459624,-0.724783573,-0.161051859,-0.364379314,-0.819008064,-0.193049419,-0.114245505,-0.50253401,-0.066567285,-0.14552616,-0.723063125,-0.101448924,-0.169661213,-0.859666684,-0.130850965,-0.199402733,-0.96758908,-0.154951357,-0.012769407,-0.495513695,-0.076490136,-0.024359681,-0.688170472,-0.113031616,-0.035885106,-0.813840271,-0.143192944,-0.053549242,-0.923422893,-0.16507481,0.086672732,-0.444709532,-0.095354237,0.116503597,-0.602955768,-0.125863481,0.127508963,-0.70359771,-0.143128418,0.125744706,-0.799255949,-0.156332627,open_palm
0,0,0,-0.133664012,-0.032239289,-0.0745696,-0.27074949,-0.129249723,-0.12268227,-0.361449207,-0.228919723,-0.167714464,-0.426364988,-0.301871979,-0.212008831,-0.210162502,-0.448887579,-0.069100835,-0.299401087,-0.624545371,-0.119458976,-0.348321428,-0.732372873,-0.163251968,-0.389159393,-0.820682904,-0.195407777,-0.112089536,-0.503318899,-0.070271857,-0.151701691,-0.728448759,-0.105804337,-0.175760939,-0.863470573,-0.137712944,-0.204860673,-0.96486459,-0.164524856,-0.013879112,-0.49687732,-0.081998873,-0.026500088,-0.694914686,-0.119152398,-0.039178051,-0.820197814,-0.149556826,-0.056095907,-0.921643809,-0.171539783,0.087853098,-0.446606704,-0.101549517,0.116743729,-0.609728604,-0.130522811,0.130716384,-0.709775338,-0.144884112,0.131916251,-0.800280611,-0.156259945,open_palm
0,0,0,-0.133948235,-0.046802945,-0.07973525,-0.266968666,-0.14650131,-0.134421036,-0.370557918,-0.246533835,-0.185694793,-0.449094261,-0.3066933,-0.237573779,-0.195027585,-0.442426797,-0.085934868,-0.278243566,-0.62413118,-0.147567506,-0.328238484,-0.735323743,-0.198298461,-0.37003063,-0.829731903,-0.233664624,-0.096098761,-0.500680415,-0.084970459,-0.140732479,-0.719479921,-0.125515212,-0.168991312,-0.853125487,-0.158455084,-0.199480795,-0.962183439,-0.185500521,0.004870694,-0.498158651,-0.094373935,-0.010444696,-0.691436519,-0.136075953,-0.024119042,-0.808842326,-0.16516284,-0.039814995,-0.911118849,-0.184279653,0.106546643,-0.449978292,-0.112057218,0.135234329,-0.607580523,-0.142467754,0.148531825,-0.702338435,-0.153564406,0.148459251,-0.78985575,-0.161069839,open_palm
0,0,0,-0.157110948,-0.047536663,-0.081866135,-0.283607163,-0.173943684,-0.128568321,-0.375647298,-0.302463551,-0.169462964,-0.469922681,-0.378757518,-0.20919107,-0.201909297,-0.471928075,-0.068495696,-0.285459516,-0.659588827,-0.118674369,-0.329002506,-0.779238639,-0.162631819,-0.366025908,-0.883301976,-0.194977264,-0.105178624,-0.51714661,-0.064337676,-0.131729958,-0.729392546,-0.099038181,-0.148378241,-0.863463285,-0.130359552,-0.164461809,-0.974050976,-0.155489581,-0.010488966,-0.501471778,-0.071696332,-0.018210217,-0.687559423,-0.105529551,-0.025559098,-0.814564925,-0.136249463,-0.035325079,-0.924636829,-0.159165337,0.079925575,-0.446825404,-0.087943122,0.108873893,-0.595129771,-0.115045074,0.12362278,-0.69548413,-0.131858026,0.132499892,-0.790074691,-0.145016507,open_palm
0,0,0,-0.15521265,-0.039922198,-0.083780657,-0.281628429,-0.173871473,-0.126654545,-0.374999061,-0.304686462,-0.163484797,-0.470406398,-0.385654826,-0.197868615,-0.208067199,-0.475623344,-0.057473395,-0.281648316,-0.663006679,-0.105721471,-0.323763538,-0.779814971,-0.148280529,-0.361684566,-0.882709274,-0.179147185,-0.113077509,-0.520979007,-0.051922351,-0.139742258,-0.731367568,-0.084073273,-0.156988951,-0.866325443,-0.112117996,-0.174715755,-0.975432353,-0.134186924,-0.018944213,-0.504979776,-0.059584961,-0.027723766,-0.693117426,-0.093805298,-0.035847959,-0.815820205,-0.120982394,-0.046981956,-0.926816839,-0.140220617,0.071098624,-0.452146675,-0.076749096,0.098470234,-0.603434777,-0.105345078,0.11097697,-0.704836479,-0.121777159,0.119649124,-0.803880202,-0.133896802,open_palm
0,0,0,-0.15607952,-0.043516058,-0.079334657,-0.282501547,-0.17212217,-0.121025664,-0.374346853,-0.303507153,-0.157556489,-0.467813069,-0.386474093,-0.191705351,-0.210853743,-0.474977091,-0.049740694,-0.285264678,-0.657124353,-0.094628067,-0.326826737,-0.771965594,-0.136935357,-0.363656009,-0.874991406,-0.168501912,-0.117511984,-0.524005335,-0.045689892,-0.14620452,-0.732201725,-0.07424913,-0.161740297,-0.866431024,-0.102279246,-0.177846334,-0.976028032,-0.125459009,-0.025156996,-0.512668891,-0.054456656,-0.036218989,-0.699851118,-0.083760181,-0.044046444,-0.821147654,-0.110665092,-0.055700285,-0.928853414,-0.131127876,0.064946534,-0.463530004,-0.072614226,0.08815644,-0.613099561,-0.096977879,0.097925597,-0.713598746,-0.112289129,0.10290707,-0.809575097,-0.124429554,open_palm
0,0,0,-0.154618146,-0.042600272,-0.075740249,-0.2815682,-0.169096232,-0.115135697,-0.374029803,-0.302331918,-0.150289209,-0.46562632,-0.382204155,-0.182912911,-0.215604178,-0.475169385,-0.041796061,-0.292737661,-0.656569783,-0.082962342,-0.335126735,-0.771790384,-0.122666415,-0.371686824,-0.873572481,-0.152562678,-0.123943141,-0.524964869,-0.038964403,-0.15537634,-0.733766194,-0.064500632,-0.171753557,-0.867039777,-0.090941708,-0.188634268,-0.975560173,-0.112691884,-0.032482561,-0.516798342,-0.048898733,-0.046010684,-0.70360924,-0.075833631,-0.05548104,-0.827784202,-0.103114959,-0.069751707,-0.934859529,-0.12355979,0.057560833,-0.47188125,-0.06796616,0.075902828,-0.625390155,-0.090286793,0.082894069,-0.726909928,-0.105209954,0.08435575,-0.82045932,-0.116895518,open_palm
0,0,0,-0.162625548,-0.021854593,-0.075982389,-0.300087581,-0.139391117,-0.116913643,-0.40249741,-0.260374729,-0.152918972,-0.50355614,-0.326955828,-0.186356064,-0.252361439,-0.452462166,-0.04849041,-0.345749139,-0.629739891,-0.094134919,-0.39706771,-0.739386032,-0.136628525,-0.440916297,-0.834985225,-0.16846187,-0.16112782,-0.512683529,-0.047312506,-0.205717067,-0.717779829,-0.078614003,-0.231944167,-0.847415963,-0.110033507,-0.256707958,-0.956949126,-0.13545994,-0.066369705,-0.515188266,-0.058376034,-0.090347391,-0.712720086,-0.091516918,-0.10907446,-0.834786582,-0.121434853,-0.131406707,-0.944253868,-0.143746738,0.028944553,-0.47992648,-0.078029206,0.038227387,-0.641169472,-0.107430277,0.037162478,-0.749208287,-0.125794723,0.031185641,-0.85242669,-0.139364059,open_palm
0,0,0,-0.169408719,-0.002342764,-0.075786415,-0.319650866,-0.1089176,-0.115975266,-0.435488036,-0.22160935,-0.151797473,-0.544777064,-0.273023163,-0.185147284,-0.282953601,-0.431728689,-0.046171309,-0.389716648,-0.590769673,-0.091062449,-0.455793389,-0.689168998,-0.13249694,-0.514791063,-0.774557706,-0.163469904,-0.19227554,-0.508086275,-0.045719408,-0.244374923,-0.707562296,-0.076338352,-0.283288948,-0.835176236,-0.10524294,-0.323306967,-0.937586104,-0.128081628,-0.095851141,-0.520871564,-0.05818746,-0.123475431,-0.71712201,-0.095864704,-0.153286653,-0.843031868,-0.128263382,-0.188832741,-0.951760961,-0.150524279,0.002523279,-0.495288108,-0.07884953,0.026567588,-0.661377331,-0.114429839,0.033191038,-0.778471664,-0.137778688,0.029754529,-0.887954343,-0.153737716,open_palm
0,0,0,-0.169786868,0.006295142,-0.077639828,-0.321594163,-0.101940822,-0.116870514,-0.445619518,-0.213078187,-0.152147344,-0.555207838,-0.263696416,-0.184266671,-0.291051099,-0.422351907,-0.040440355,-0.399155073,-0.579823855,-0.086750565,-0.468820514,-0.676921706,-0.127585417,-0.530979547,-0.757947717,-0.155856941,-0.20164926,-0.503806685,-0.037523869,-0.257837746,-0.704125117,-0.063126542,-0.300186157,-0.832886503,-0.083718752,-0.345504693,-0.933209285,-0.098726583,-0.10350578,-0.523298132,-0.049277295,-0.134407879,-0.715475407,-0.082773985,-0.166011052,-0.844252745,-0.10856645,-0.203877889,-0.954495328,-0.124207858,-0.004655729,-0.506526108,-0.070224292,0.020920077,-0.674663109,-0.102525223,0.028782075,-0.79245771,-0.122340539,0.026279629,-0.903001793,-0.134140843,open_palm
0,0,0,-0.170440617,0.005229371,-0.076836454,-0.325294311,-0.10347181,-0.113538319,-0.448420685,-0.211607214,-0.146055646,-0.55674368,-0.25744013,-0.17531745,-0.286652632,-0.431203516,-0.036920769,-0.393400023,-0.591011547,-0.079117907,-0.460629016,-0.68958769,-0.118081448,-0.521221268,-0.774545268,-0.146015681,-0.198135724,-0.511950466,-0.033955359,-0.253407676,-0.714920342,-0.056980455,-0.291422184,-0.843884584,-0.077110311,-0.331286307,-0.938999981,-0.092349439,-0.100732612,-0.530185577,-0.045637932,-0.130273367,-0.720489268,-0.076517578,-0.16077103,-0.846693432,-0.102163466,-0.19649594,-0.953916852,-0.11843064,-0.000804904,-0.51229511,-0.066730191,0.028918953,-0.679462532,-0.096905492,0.041675748,-0.795821822,-0.116678947,0.044113824,-0.90525493,-0.129173062,open_palm
0,0,0,-0.176992232,0.026192188,-0.072071174,-0.342612855,-0.052855641,-0.109043226,-0.470291294,-0.133120842,-0.143994394,-0.582818965,-0.153969097,-0.176673257,-0.321187332,-0.407442635,-0.033681712,-0.432085093,-0.562363387,-0.075128884,-0.50177904,-0.654542085,-0.115137804,-0.567089682,-0.731860264,-0.143837843,-0.23276438,-0.49578743,-0.033275617,-0.299715327,-0.697765454,-0.053850189,-0.346083541,-0.821696495,-0.074408375,-0.391549055,-0.915604801,-0.091417649,-0.132372799,-0.52273347,-0.047127823,-0.172263311,-0.710791826,-0.074162844,-0.20757829,-0.828634164,-0.098635226,-0.246067315,-0.929516635,-0.11556588,-0.028550193,-0.510962427,-0.070379994,-0.009092018,-0.679483333,-0.094446711,-0.006087627,-0.788736809,-0.110382512,-0.012666705,-0.890328632,-0.121518121,open_palm
0,0,0,-0.179329987,0.046114409,-0.07452882,-0.361309005,-0.0226652,-0.107774494,-0.499314638,-0.094959014,-0.139287304,-0.615347373,-0.10997979,-0.168312489,-0.356103529,-0.386601929,-0.02676867,-0.47888887,-0.528239351,-0.064519835,-0.550946725,-0.614824099,-0.100779603,-0.618580238,-0.690751086,-0.127149904,-0.269718452,-0.484220847,-0.024651666,-0.350450431,-0.684246169,-0.041472271,-0.403379675,-0.801951306,-0.056242423,-0.454902702,-0.887922676,-0.068241141,-0.169403693,-0.520757563,-0.03817579,-0.225528921,-0.70341109,-0.06448944,-0.265114822,-0.812745651,-0.084504889,-0.306995948,-0.905246409,-0.096335183,-0.064923394,-0.518178054,-0.061865301,-0.062943249,-0.686600571,-0.085484335,-0.067072896,-0.793597205,-0.099368948,-0.080262852,-0.893722134,-0.107850342,open_palm
0,0,0,-0.18271983,0.054837027,-0.079969829,-0.368420015,-0.00635045,-0.114590969,-0.510119383,-0.075395237,-0.146334413,-0.627022765,-0.087524706,-0.174354122,-0.373004004,-0.369150965,-0.028616054,-0.506048333,-0.503498116,-0.065964305,-0.583833716,-0.588230682,-0.099965478,-0.65583023,-0.661130558,-0.12379161,-0.288503093,-0.473541442,-0.022917248,-0.376772105,-0.667662346,-0.037363633,-0.43875892,-0.782801978,-0.046052726,-0.497887653,-0.865692555,-0.051810083,-0.188559192,-0.516801214,-0.033920079,-0.255510613,-0.695677768,-0.058930041,-0.302847848,-0.801562763,-0.072143384,-0.350275268,-0.889815642,-0.077095648,-0.083222266,-0.521335813,-0.055982315,-0.091932536,-0.686486824,-0.078975257,-0.104927791,-0.792207583,-0.089398625,-0.126039624,-0.891337093,-0.093391166,open_palm
0,0,0,-0.176041681,0.017611793,-0.068324908,-0.34350483,-0.072547254,-0.09932261,-0.471996772,-0.17008177,-0.128461181,-0.582163658,-0.19678721,-0.154499318,-0.332681649,-0.405792135,-0.025771553,-0.452268079,-0.557451574,-0.071184348,-0.525966376,-0.647273583,-0.113492078,-0.592622101,-0.721432809,-0.142629033,-0.246809419,-0.498833277,-0.025404429,-0.328316544,-0.692670767,-0.050031659,-0.381939964,-0.809379632,-0.07141808,-0.434197697,-0.89659169,-0.087153321,-0.14680939,-0.53225693,-0.039396542,-0.20138991,-0.709150287,-0.069840402,-0.237211711,-0.810871354,-0.089397743,-0.274755244,-0.897483594,-0.099916046,-0.043114908,-0.526560451,-0.062689675,-0.045042937,-0.686487523,-0.08668589,-0.052444459,-0.786601386,-0.097639004,-0.067855342,-0.877886854,-0.103359358,open_palm
0,0,0,-0.143913786,-0.064147462,-0.04999745,-0.260855745,-0.215762708,-0.070805511,-0.34360228,-0.356827348,-0.092567734,-0.4273953,-0.420981183,-0.112503004,-0.194201137,-0.508557643,-0.004129725,-0.261388485,-0.692344453,-0.038005743,-0.303195895,-0.80515373,-0.074023614,-0.340771777,-0.898661889,-0.100813832,-0.101154661,-0.553648445,-0.010163528,-0.128385638,-0.761235263,-0.027861123,-0.143983395,-0.887562113,-0.048382597,-0.162654436,-0.984495572,-0.06566585,-0.007033227,-0.541657002,-0.028757857,-0.010715191,-0.731162506,-0.050873401,-0.014879201,-0.845951734,-0.072372027,-0.025157291,-0.943491763,-0.088164668,0.083556882,-0.492940518,-0.055013035,0.120728625,-0.639555543,-0.07342053,0.137223181,-0.738069056,-0.085921513,0.146427223,-0.831159316,-0.095720341,open_palm
0,0,0,-0.138206796,-0.076467191,-0.056557913,-0.240017589,-0.240055829,-0.081217322,-0.304177232,-0.388266926,-0.105500163,-0.379527653,-0.478138506,-0.127783259,-0.14319312,-0.517407068,-0.01866599,-0.192948395,-0.709055178,-0.053749514,-0.218224177,-0.821821218,-0.08697507,-0.24069,-0.919457345,-0.111562966,-0.044988572,-0.547191525,-0.022172235,-0.051734683,-0.761865015,-0.043438477,-0.056365164,-0.890342771,-0.062832341,-0.065995351,-0.994734538,-0.078407991,0.046318397,-0.521212923,-0.038161865,0.059940999,-0.71458867,-0.0666238,0.065439151,-0.831477175,-0.088435721,0.065131656,-0.935661832,-0.10259967,0.129547359,-0.458627646,-0.061642923,0.184700069,-0.599198694,-0.085268465,0.213347601,-0.69393525,-0.099248914,0.232390301,-0.789866692,-0.109229869,open_palm
0,0,0,-0.13012182,-0.093314754,-0.05135542,-0.223850509,-0.27196447,-0.072843274,-0.278030349,-0.424132849,-0.094817909,-0.350794234,-0.508885623,-0.115425449,-0.11918312,-0.532029431,-0.014786879,-0.158969535,-0.723266214,-0.049452397,-0.179663931,-0.837713942,-0.083225396,-0.198764768,-0.938722214,-0.108931078,-0.022569985,-0.553563073,-0.021447818,-0.020515182,-0.771011898,-0.04274644,-0.018196689,-0.894768833,-0.062892781,-0.021072564,-0.996579715,-0.079905061,0.067260868,-0.518911645,-0.039985552,0.089991111,-0.709990642,-0.067927931,0.100120236,-0.82536238,-0.089383092,0.103129831,-0.927748982,-0.104050057,0.149021602,-0.448646992,-0.065789265,0.207214002,-0.588238236,-0.089238462,0.238543806,-0.682981799,-0.102677712,0.259944015,-0.780247465,-0.112930698,open_palm
0,0,0,-0.13218321,-0.094928588,-0.050159425,-0.224879958,-0.281389796,-0.067829895,-0.276879832,-0.439011527,-0.086898351,-0.345932373,-0.526321738,-0.103862735,-0.115542664,-0.545049903,-0.002506681,-0.152938464,-0.736351196,-0.032233236,-0.170260216,-0.849322305,-0.062122564,-0.185980484,-0.947609622,-0.084895371,-0.018055878,-0.565850005,-0.007559625,-0.011973849,-0.782213541,-0.022364255,-0.006065714,-0.902030309,-0.035671111,-0.006151984,-0.998849923,-0.047549812,0.072163279,-0.531260098,-0.025647282,0.098505847,-0.722807354,-0.049378655,0.111044493,-0.835915541,-0.065293672,0.115529476,-0.935333339,-0.075498562,0.153533019,-0.461507204,-0.051626336,0.214575393,-0.598895575,-0.072572239,0.246152288,-0.691496372,-0.083787308,0.267963208,-0.787307577,-0.091920536,open_palm
0,0,0,-0.142955959,-0.071500089,-0.061343864,-0.259818562,-0.223471015,-0.092760967,-0.330218347,-0.361389683,-0.122954914,-0.403548725,-0.44768151,-0.151185212,-0.164410629,-0.51775216,-0.028193255,-0.214278575,-0.70497916,-0.065981902,-0.23962191,-0.813986007,-0.103596175,-0.260505164,-0.91194004,-0.132499304,-0.067837114,-0.553241641,-0.032330822,-0.077778099,-0.765595867,-0.054667723,-0.079254665,-0.890796522,-0.077648213,-0.082527501,-0.991693421,-0.098657841,0.022685683,-0.533649441,-0.049023671,0.035688036,-0.728259267,-0.075962316,0.044238028,-0.84624995,-0.101475761,0.047392279,-0.949825262,-0.121497657,0.107753126,-0.476622582,-0.073920942,0.159275366,-0.620712479,-0.097193538,0.187067704,-0.716240793,-0.113644991,0.206063342,-0.811747211,-0.1277661,open_palm
0,0,0,-0.168288622,-0.004477329,-0.065354415,-0.324267141,-0.121030189,-0.095286029,-0.435362157,-0.233001945,-0.124341452,-0.535125122,-0.2810481,-0.150959505,-0.292136139,-0.445851026,-0.025911848,-0.394830726,-0.604992753,-0.070692238,-0.455780983,-0.696349762,-0.110946328,-0.513249473,-0.77088758,-0.137923254,-0.200274458,-0.520902837,-0.027185148,-0.255499689,-0.724731657,-0.05098954,-0.295603282,-0.846121242,-0.069067813,-0.338388779,-0.937433909,-0.081918868,-0.101450263,-0.536374017,-0.04292636,-0.137810675,-0.724663657,-0.074210015,-0.164785393,-0.839541025,-0.093618515,-0.194723559,-0.939854912,-0.103917788,-0.004753722,-0.512099092,-0.067430549,0.01071444,-0.672020996,-0.093031935,0.015259192,-0.776461782,-0.105142982,0.011391729,-0.877248071,-0.111918031,open_palm
0,0,0,-0.149865491,-0.037663722,-0.061046358,-0.271686145,-0.18186995,-0.088076651,-0.352576286,-0.319383403,-0.11391846,-0.437902034,-0.390446252,-0.137507099,-0.218137836,-0.47816616,-0.024632646,-0.295654841,-0.649286585,-0.069294241,-0.342605207,-0.754166416,-0.110709929,-0.383793253,-0.843679628,-0.139639808,-0.126211419,-0.534795834,-0.026566856,-0.164559057,-0.742539629,-0.05184555,-0.187305656,-0.871964124,-0.071186826,-0.212715635,-0.973334649,-0.085858718,-0.031556653,-0.531752687,-0.041929421,-0.047569574,-0.724172239,-0.070377156,-0.059632351,-0.847316705,-0.08822377,-0.076957355,-0.952784796,-0.099446006,0.060632623,-0.491080359,-0.066006512,0.091139921,-0.645315536,-0.089995893,0.102389106,-0.748668383,-0.101931829,0.105122778,-0.846851499,-0.109439787,open_palm
0,0,0,-0.143026212,-0.047172597,-0.061448419,-0.25555847,-0.196025616,-0.089387423,-0.322413402,-0.339419065,-0.115151619,-0.40393926,-0.421007446,-0.139329691,-0.181847952,-0.491031356,-0.031056012,-0.238440486,-0.669031666,-0.069216993,-0.271980347,-0.780607568,-0.10585999,-0.30484267,-0.878234613,-0.134269088,-0.086922861,-0.535286365,-0.034502616,-0.109643137,-0.743650271,-0.06213257,-0.126197115,-0.874575242,-0.088451309,-0.146900921,-0.982960008,-0.110497705,0.003632773,-0.520387738,-0.049682644,0.004171116,-0.708384015,-0.08292784,-0.000274992,-0.833233403,-0.112830797,-0.012279612,-0.945932347,-0.134812721,0.089121186,-0.469089574,-0.072224288,0.133016478,-0.617376292,-0.10130599,0.152457834,-0.719916363,-0.121764632,0.161619519,-0.821052664,-0.138070757,open_palm
0,0,0,-0.152287724,-0.031958892,-0.076847949,-0.283214782,-0.161861439,-0.117762506,-0.372739299,-0.292477902,-0.15553758,-0.46159678,-0.367403665,-0.190142855,-0.231333762,-0.472641539,-0.045085197,-0.305997645,-0.654897539,-0.100699765,-0.351185175,-0.757489547,-0.147495785,-0.391391137,-0.833108548,-0.177167625,-0.136992839,-0.52962789,-0.041766258,-0.167967237,-0.741152021,-0.073010969,-0.184546807,-0.870127186,-0.095164748,-0.201839775,-0.972963871,-0.112258678,-0.041816266,-0.527020271,-0.053630662,-0.052086069,-0.715489083,-0.086639637,-0.057753752,-0.839913843,-0.108639844,-0.068409479,-0.949571149,-0.123396194,0.049046854,-0.485057061,-0.075307766,0.080992062,-0.635493689,-0.101648451,0.09516781,-0.737426173,-0.116187169,0.101632206,-0.836959109,-0.126683324,open_palm
0,0,0,-0.171358105,0.001472146,-0.070579074,-0.324847884,-0.125186756,-0.100198784,-0.430570113,-0.250576878,-0.127973198,-0.529869855,-0.310658975,-0.152494964,-0.284700372,-0.447609442,-0.02642703,-0.390933793,-0.60664914,-0.071352843,-0.452339304,-0.700266984,-0.110914995,-0.508142566,-0.778469017,-0.136966578,-0.191299169,-0.523495659,-0.0236793,-0.245590348,-0.730556686,-0.04502823,-0.280575213,-0.853001026,-0.058986112,-0.31816374,-0.945553818,-0.068555178,-0.091435813,-0.536950956,-0.03632597,-0.119659753,-0.725417721,-0.066368616,-0.141738598,-0.839543562,-0.081190509,-0.167538852,-0.938339563,-0.087519226,0.005294469,-0.510131841,-0.058547954,0.026133749,-0.667097693,-0.083412308,0.033600992,-0.769440723,-0.09328263,0.034065564,-0.868445012,-0.097645274,open_palm
0,0,0,-0.148132913,-0.042875939,-0.065825143,-0.27515447,-0.188676444,-0.095947339,-0.358720204,-0.330731169,-0.124203181,-0.443081183,-0.403995967,-0.150163164,-0.218205053,-0.48436765,-0.029567939,-0.301559784,-0.655448868,-0.074689823,-0.349087269,-0.759566157,-0.115755803,-0.389113796,-0.849402437,-0.145125463,-0.123516928,-0.542623056,-0.030046231,-0.163445761,-0.751186747,-0.057351854,-0.183544941,-0.875257681,-0.077908048,-0.204228694,-0.974364674,-0.09436166,-0.02767943,-0.539710232,-0.044393814,-0.041268197,-0.726615484,-0.076501789,-0.050506662,-0.844616016,-0.097795357,-0.064270115,-0.947573538,-0.111779612,0.064838498,-0.497828444,-0.067503506,0.095736464,-0.647724188,-0.093611037,0.109482665,-0.748510982,-0.107891283,0.114023622,-0.847096039,-0.118255455,open_palm
0,0,0,-0.150700077,-0.04218783,-0.062610336,-0.272138508,-0.184866286,-0.089736247,-0.34911606,-0.325633198,-0.114794064,-0.430882801,-0.407272154,-0.13731335,-0.202799268,-0.49240984,-0.022333134,-0.261785757,-0.667305963,-0.057118416,-0.294735151,-0.774541761,-0.09227804,-0.323872383,-0.86980325,-0.119614526,-0.110195672,-0.540812789,-0.023813123,-0.141887094,-0.750417697,-0.043789237,-0.158775774,-0.879094841,-0.063277442,-0.176409358,-0.980976454,-0.081024286,-0.018781,-0.531363837,-0.038504736,-0.026147213,-0.72173475,-0.064411438,-0.031089648,-0.845584699,-0.08774702,-0.041165288,-0.953474725,-0.105888531,0.070158316,-0.485968268,-0.061686954,0.107810995,-0.636556914,-0.086267936,0.124124302,-0.738111501,-0.103733755,0.132299564,-0.837201942,-0.117913795,open_palm
0,0,0,-0.156246898,-0.024837618,-0.065530484,-0.295918949,-0.158679868,-0.098021379,-0.39585512,-0.288214514,-0.129407624,-0.491588836,-0.346323115,-0.158675056,-0.252959746,-0.459996461,-0.032322313,-0.348141729,-0.626496494,-0.086402226,-0.409319663,-0.724083837,-0.134602983,-0.464777259,-0.802146597,-0.166894611,-0.159833619,-0.52627362,-0.034113659,-0.212116332,-0.727916381,-0.066595481,-0.243128853,-0.854475416,-0.091192839,-0.274124434,-0.955441226,-0.109489076,-0.060822872,-0.531789039,-0.049857002,-0.086548456,-0.716330318,-0.085837944,-0.103766247,-0.831980958,-0.10595952,-0.124489219,-0.935686427,-0.117866955,0.03673397,-0.49668726,-0.074413029,0.058662223,-0.645870089,-0.102123931,0.06638133,-0.745348561,-0.113612081,0.065940726,-0.842275931,-0.120783322,open_palm
0,0,0,-0.139121731,-0.069920113,-0.047816393,-0.242745855,-0.228989273,-0.068028303,-0.31000726,-0.375012642,-0.088695227,-0.387013253,-0.454105228,-0.108098629,-0.148067164,-0.510814229,-0.006284086,-0.175691549,-0.688878641,-0.033919196,-0.193089469,-0.794135851,-0.066979228,-0.211421987,-0.89150247,-0.095230408,-0.059803551,-0.543782505,-0.014307722,-0.075150271,-0.750401558,-0.03250057,-0.088317031,-0.879434096,-0.058234388,-0.105832048,-0.990972262,-0.082301596,0.024413802,-0.524446564,-0.033405326,0.035392516,-0.718242056,-0.057699024,0.039467293,-0.84027608,-0.085646077,0.035298234,-0.952580924,-0.108740039,0.106107059,-0.469679798,-0.059176402,0.151834325,-0.613571348,-0.081807258,0.171693644,-0.71149361,-0.100103915,0.18073025,-0.81038801,-0.116676364,open_palm
0,0,0,-0.142152538,-0.049908941,-0.061053637,-0.256901894,-0.197001148,-0.090959205,-0.336396641,-0.33321179,-0.119224908,-0.418360237,-0.409483683,-0.145125789,-0.18125725,-0.494346483,-0.024079734,-0.215415523,-0.670043628,-0.063948058,-0.23496383,-0.772445397,-0.103121509,-0.254746498,-0.857446072,-0.132078085,-0.091478602,-0.537134952,-0.02780033,-0.10899632,-0.746558708,-0.051653615,-0.117394554,-0.878952817,-0.075249192,-0.130132158,-0.986866748,-0.095706029,-0.004082172,-0.52500129,-0.044488754,0.00332309,-0.717790746,-0.073197775,0.008404361,-0.840668113,-0.098227823,0.004195625,-0.950702521,-0.117443526,0.07933847,-0.47599509,-0.069130759,0.12114485,-0.621546682,-0.094786107,0.140593414,-0.719793486,-0.111793264,0.151002657,-0.816609528,-0.125799086,open_palm
0,0,0,-0.168150207,-0.013725091,-0.076154544,-0.31540488,-0.134751114,-0.110529601,-0.423671333,-0.255093781,-0.141479766,-0.52659087,-0.317153766,-0.168930772,-0.265900589,-0.459517483,-0.030289829,-0.3568616,-0.624515518,-0.071125701,-0.407424996,-0.725858789,-0.110027108,-0.450212436,-0.816030438,-0.138190525,-0.171833476,-0.528066,-0.026416819,-0.222129902,-0.733532322,-0.045987647,-0.247921444,-0.860192367,-0.061678961,-0.27508425,-0.958529365,-0.074499077,-0.073372228,-0.533952898,-0.037765627,-0.095497413,-0.720414637,-0.064334655,-0.108980273,-0.832373583,-0.079193053,-0.129032032,-0.933484859,-0.088352647,0.022965352,-0.50143835,-0.059450431,0.045367812,-0.648742587,-0.082962908,0.053824281,-0.745774121,-0.093487514,0.055513545,-0.840450084,-0.099868657,open_palm
0,0,0,-0.164243576,-0.024087873,-0.07051408,-0.308553674,-0.151377489,-0.103962418,-0.420936159,-0.269268837,-0.135435595,-0.523283301,-0.32762131,-0.163856616,-0.249823871,-0.47493474,-0.026068932,-0.33352022,-0.641831069,-0.068498599,-0.38160722,-0.741110636,-0.109033568,-0.423693758,-0.824393208,-0.137768437,-0.155525481,-0.537481986,-0.025391445,-0.200764706,-0.746268216,-0.047010175,-0.226720561,-0.86958697,-0.06418728,-0.255362459,-0.963680162,-0.078170067,-0.057059707,-0.538791648,-0.039760242,-0.070737406,-0.731540325,-0.068446216,-0.083444349,-0.846851133,-0.085241097,-0.102627119,-0.950219832,-0.095865341,0.037852593,-0.500853034,-0.063718553,0.070157741,-0.653729396,-0.088358966,0.083099947,-0.754200904,-0.099946024,0.08739164,-0.853075664,-0.10760029,open_palm
0,0,0,-0.160596874,-0.036318297,-0.065059684,-0.305044166,-0.160508044,-0.097706073,-0.414196752,-0.27416338,-0.130442154,-0.513620278,-0.331215863,-0.16079257,-0.221890943,-0.493413321,-0.01414515,-0.281730709,-0.660735269,-0.042352787,-0.312589433,-0.762350856,-0.072526757,-0.342101448,-0.849950691,-0.096803658,-0.129651416,-0.545897112,-0.017963384,-0.165587964,-0.750624753,-0.032428804,-0.189790386,-0.876303836,-0.048264025,-0.215961102,-0.974346578,-0.063320992,-0.035659629,-0.543796399,-0.036411934,-0.043556917,-0.734354429,-0.060737759,-0.053387377,-0.854927161,-0.082719177,-0.06883167,-0.959574191,-0.099092694,0.055545409,-0.506178058,-0.063952823,0.094480729,-0.660995741,-0.087401713,0.112784376,-0.764730182,-0.103976446,0.122263528,-0.864956585,-0.117116871,open_palm
0,0,0,-0.161085413,-0.036831846,-0.068193319,-0.305791983,-0.160746261,-0.100518587,-0.41986245,-0.271941985,-0.131374899,-0.521349689,-0.322591901,-0.160178979,-0.227482408,-0.482829477,-0.021261798,-0.287072595,-0.649481539,-0.051044359,-0.321150547,-0.754792424,-0.08230098,-0.352774941,-0.84873147,-0.108099285,-0.135589304,-0.53997081,-0.022344807,-0.173035432,-0.746796002,-0.039652041,-0.196963301,-0.873589229,-0.057274203,-0.220665317,-0.972550134,-0.073844799,-0.041889066,-0.539320513,-0.037539593,-0.05398748,-0.73382647,-0.064138245,-0.064870416,-0.853940148,-0.087678015,-0.080067894,-0.9580605,-0.105285601,0.051538625,-0.501707523,-0.061754858,0.088802049,-0.657604607,-0.086760717,0.106018029,-0.761206472,-0.104505792,0.114905043,-0.862410421,-0.118720166,open_palm
0,0,0,-0.175108878,-0.017690455,-0.062165898,-0.320056917,-0.142087184,-0.087651939,-0.422161092,-0.260943812,-0.109706629,-0.524318258,-0.310131497,-0.13013801,-0.246959482,-0.474065877,-0.016677107,-0.317270067,-0.644760852,-0.038880504,-0.356976443,-0.748520602,-0.068833686,-0.392670075,-0.842953679,-0.095176051,-0.152688627,-0.535016287,-0.01690546,-0.188347936,-0.737129448,-0.026107599,-0.213929158,-0.864239021,-0.049316442,-0.237970499,-0.968598963,-0.072014513,-0.057994535,-0.53548011,-0.028582699,-0.067072236,-0.727030446,-0.04636876,-0.083032168,-0.845607352,-0.076544843,-0.104427022,-0.948156121,-0.10174271,0.034494252,-0.496370312,-0.047925295,0.061693996,-0.646194672,-0.068179541,0.068773735,-0.748474678,-0.08709992,0.067641677,-0.845491296,-0.103214246,open_palm
0,0,0,-0.169817142,-0.016809269,-0.073296991,-0.317100795,-0.121315394,-0.111672222,-0.40381503,-0.239613296,-0.144932474,-0.470134381,-0.324867529,-0.177507922,-0.246810057,-0.450138057,-0.062093749,-0.318878224,-0.624779512,-0.106902555,-0.356495843,-0.739226596,-0.146798015,-0.391305916,-0.840550563,-0.177871294,-0.151951844,-0.512583541,-0.061093146,-0.184037521,-0.73042072,-0.094671291,-0.204639572,-0.858903649,-0.123496057,-0.224647469,-0.963179194,-0.147713757,-0.056885349,-0.513512256,-0.071206931,-0.068921379,-0.703433818,-0.105936512,-0.080987718,-0.826407071,-0.137213585,-0.096212801,-0.933460769,-0.160653972,0.038471678,-0.470515572,-0.08935062,0.060268945,-0.634941259,-0.119991783,0.068007884,-0.737662628,-0.140010239,0.065723832,-0.835062169,-0.155309146,open_palm
0,0,0,-0.12992745,-0.059946835,-0.03972312,-0.231817829,-0.170747089,-0.072816909,-0.290398977,-0.268585582,-0.107206064,-0.334058811,-0.341878883,-0.145429516,-0.206698523,-0.417920156,-0.047611982,-0.274072201,-0.577671916,-0.092705765,-0.315721966,-0.669016129,-0.130801996,-0.352584477,-0.744636304,-0.159119448,-0.110521081,-0.467465014,-0.067269346,-0.162506628,-0.687420391,-0.109511006,-0.203126989,-0.82964316,-0.151101909,-0.245475063,-0.952050655,-0.18259667,-0.010908568,-0.460562009,-0.092893439,-0.038107337,-0.684198208,-0.14309979,-0.069243527,-0.826279384,-0.188011255,-0.103500323,-0.945339066,-0.216995014,0.0942731,-0.412555122,-0.119891149,0.11485386,-0.59063567,-0.163178667,0.118707238,-0.705865663,-0.186828701,0.10978164,-0.808455408,-0.202180393,open_palm
0,0,0,-0.152239068,-0.029050865,-0.063096825,-0.286229356,-0.130644658,-0.105917528,-0.383947219,-0.224754822,-0.146623743,-0.474909449,-0.275174379,-0.188523484,-0.232694598,-0.420084454,-0.071459181,-0.334478493,-0.587014785,-0.128769188,-0.396945748,-0.698736826,-0.175806961,-0.450992658,-0.796979524,-0.209952704,-0.145338182,-0.479599588,-0.079079813,-0.202556601,-0.687652753,-0.126544336,-0.243550691,-0.826854981,-0.164122978,-0.280130562,-0.940455882,-0.192534679,-0.053442496,-0.482381922,-0.095352402,-0.083840394,-0.674285647,-0.138684457,-0.106700053,-0.804189796,-0.171092683,-0.130994409,-0.916301426,-0.194441146,0.038774223,-0.44227054,-0.118366603,0.058750052,-0.598246861,-0.151477903,0.065934394,-0.70383227,-0.168963495,0.063398846,-0.800687908,-0.182282209,open_palm
0,0,0,-0.149524346,-0.03723897,-0.064097699,-0.279519306,-0.154295708,-0.099467383,-0.378208177,-0.263183045,-0.1314918,-0.472298589,-0.306030514,-0.163498673,-0.227182125,-0.442130523,-0.054476276,-0.317624707,-0.618236032,-0.105660766,-0.376201116,-0.728530754,-0.149980627,-0.430135351,-0.823285111,-0.182389193,-0.139238649,-0.50098606,-0.059450825,-0.19118116,-0.71367705,-0.098444826,-0.225243547,-0.84368271,-0.13161023,-0.25897881,-0.95306936,-0.156808072,-0.045597994,-0.502916969,-0.07446983,-0.069699846,-0.702042062,-0.113826233,-0.089914868,-0.831291508,-0.14413908,-0.115018333,-0.950498337,-0.165866542,0.050937598,-0.466262693,-0.096642379,0.077241082,-0.624023497,-0.12865721,0.086229341,-0.728939603,-0.146166828,0.083947366,-0.83097067,-0.159281865,open_palm
0,0,0,-0.154484079,-0.030893959,-0.0560559,-0.290015822,-0.140926421,-0.088593462,-0.382704867,-0.258082801,-0.120004336,-0.475236081,-0.317723646,-0.151733333,-0.234142269,-0.43479737,-0.04425571,-0.326939604,-0.598236097,-0.091407448,-0.38238277,-0.706643528,-0.134077954,-0.431232691,-0.803943743,-0.166397289,-0.148612872,-0.49731643,-0.053666272,-0.200137611,-0.70904898,-0.090750141,-0.234178575,-0.842398861,-0.12347247,-0.266517971,-0.952172002,-0.149454506,-0.057949898,-0.502224639,-0.072697176,-0.080313842,-0.699448462,-0.110927063,-0.099312266,-0.824752913,-0.141137056,-0.122614828,-0.937396369,-0.163198742,0.035202022,-0.466580982,-0.09833339,0.06296352,-0.620521466,-0.127709098,0.073552094,-0.724017966,-0.144144198,0.07422548,-0.82080519,-0.157376554,open_palm
0,0,0,-0.151111155,-0.023639402,-0.067712628,-0.284593297,-0.129812222,-0.109211915,-0.376337029,-0.2489515,-0.147898569,-0.465460161,-0.320578854,-0.186267237,-0.234405056,-0.425318241,-0.062599308,-0.325378173,-0.588906226,-0.117760769,-0.379083237,-0.696524714,-0.164496132,-0.425959717,-0.793495187,-0.199281319,-0.146815524,-0.488414662,-0.068627768,-0.199566996,-0.696604223,-0.114885922,-0.235722441,-0.83240071,-0.152817777,-0.268280133,-0.945972333,-0.182104685,-0.055010554,-0.492007293,-0.084745028,-0.07889258,-0.691653855,-0.131351274,-0.101473385,-0.819680802,-0.166583334,-0.127183712,-0.933822133,-0.19134633,0.039446318,-0.454201005,-0.107873507,0.067233831,-0.610288424,-0.145632657,0.074866891,-0.717327017,-0.168195462,0.071465719,-0.817807198,-0.185138194,open_palm
0,0,0,-0.152488234,-0.004428937,-0.076256939,-0.291685252,-0.106326054,-0.119841127,-0.386716863,-0.226176317,-0.157651601,-0.482398136,-0.293987153,-0.194849353,-0.248301789,-0.413569793,-0.072573679,-0.346106303,-0.576670257,-0.126618971,-0.403789188,-0.684526181,-0.172066127,-0.454686964,-0.780588208,-0.206319336,-0.16047777,-0.481632344,-0.074479592,-0.217269862,-0.692084363,-0.117730382,-0.254076795,-0.828141612,-0.15363964,-0.287920478,-0.940253748,-0.181726962,-0.066951371,-0.489387297,-0.086876153,-0.092833662,-0.689038085,-0.132860666,-0.118243973,-0.822929874,-0.169801135,-0.146250669,-0.939647649,-0.196121022,0.031192109,-0.456366002,-0.10655629,0.05397691,-0.61739462,-0.147235284,0.061530564,-0.724662801,-0.171561504,0.057389686,-0.824224304,-0.189327071,open_palm
0,0,0,-0.153348973,4.58E-05,-0.080265521,-0.292042539,-0.096690297,-0.128905832,-0.390598374,-0.213921138,-0.170381658,-0.484981422,-0.286297604,-0.210707531,-0.252425766,-0.409835209,-0.078513626,-0.351778356,-0.572651876,-0.133862086,-0.411108471,-0.681914257,-0.180667297,-0.460335892,-0.778318587,-0.216107783,-0.162463669,-0.481050919,-0.076291525,-0.222888085,-0.69001729,-0.118007827,-0.264127794,-0.824966479,-0.152142607,-0.301243902,-0.936670233,-0.178608471,-0.063180028,-0.488658258,-0.084384972,-0.098542978,-0.69739501,-0.126406278,-0.12421111,-0.829311318,-0.15905922,-0.149154313,-0.943350528,-0.182541948,0.039409414,-0.451031041,-0.100038826,0.054815333,-0.61492442,-0.138645159,0.05536501,-0.725271827,-0.160557112,0.045567023,-0.828290828,-0.175620538,open_palm
0,0,0,-0.155010481,0.015242831,-0.080538019,-0.296493576,-0.072410609,-0.129570815,-0.393441697,-0.191070455,-0.169767431,-0.489124423,-0.264440163,-0.208997054,-0.266667286,-0.391910871,-0.0874011,-0.366332527,-0.555350886,-0.143916988,-0.428938222,-0.665714044,-0.191122614,-0.482667487,-0.763172003,-0.226956643,-0.175354841,-0.469447844,-0.084098013,-0.24042957,-0.680063608,-0.126731419,-0.284515545,-0.812954954,-0.162952327,-0.326192275,-0.925825055,-0.190909842,-0.074002735,-0.482788245,-0.089736088,-0.113280665,-0.690746283,-0.13277697,-0.142575896,-0.819406371,-0.166548407,-0.173947598,-0.932861865,-0.190872803,0.030365298,-0.450576231,-0.102184092,0.039161311,-0.615868349,-0.142975496,0.034990892,-0.725020446,-0.165186349,0.021079683,-0.826586475,-0.179776394,open_palm
0,0,0,-0.160621693,0.049050862,-0.07656931,-0.337262414,-0.007299585,-0.113147683,-0.462109179,-0.093887506,-0.144299101,-0.573615144,-0.13683243,-0.173215058,-0.375485799,-0.347527246,-0.047952076,-0.503622354,-0.483525319,-0.093228478,-0.571255265,-0.57684961,-0.134000679,-0.627528599,-0.656184228,-0.164648506,-0.293656371,-0.460398172,-0.04838337,-0.393936407,-0.662139786,-0.076991303,-0.450733581,-0.775225389,-0.102974579,-0.500557138,-0.856788874,-0.123916819,-0.191401307,-0.510964945,-0.061757502,-0.256953668,-0.700798719,-0.096146304,-0.301042538,-0.799723122,-0.11894639,-0.346731482,-0.87944836,-0.135410089,-0.080733329,-0.517118304,-0.084169282,-0.099242395,-0.677038435,-0.116355207,-0.116139711,-0.775165507,-0.130504027,-0.140094807,-0.859569563,-0.139974572,open_palm
0,0,0,-0.159902867,0.108577337,-0.080176585,-0.350013451,0.120979496,-0.122703265,-0.496792678,0.072113711,-0.161131428,-0.625755337,0.063393493,-0.19787652,-0.452279542,-0.197914192,-0.059425262,-0.617223294,-0.272828942,-0.123956143,-0.72098066,-0.319774444,-0.178601814,-0.816051018,-0.36157737,-0.217890652,-0.402863357,-0.336936457,-0.063284667,-0.557575046,-0.491501763,-0.112698987,-0.653565599,-0.580944366,-0.149065647,-0.739823861,-0.649334562,-0.176139949,-0.319101419,-0.420061078,-0.081289238,-0.446349933,-0.58325505,-0.135907502,-0.525724095,-0.671037832,-0.165700336,-0.605196979,-0.744317822,-0.184153244,-0.214265777,-0.464829315,-0.108175031,-0.282474751,-0.629695855,-0.15427324,-0.333171655,-0.730896274,-0.174457276,-0.391642181,-0.817732098,-0.187439532,open_palm
0,0,0,-0.151889732,0.127880511,-0.091929773,-0.338254553,0.166068351,-0.140801089,-0.491026073,0.132495357,-0.183786827,-0.623364652,0.130473978,-0.223767137,-0.472848877,-0.138044322,-0.06795759,-0.648095242,-0.199618636,-0.134989398,-0.759365978,-0.241254145,-0.191150917,-0.860314633,-0.278718504,-0.231452045,-0.432527643,-0.286983942,-0.067262814,-0.600084734,-0.424876581,-0.11942957,-0.707178134,-0.504335569,-0.158844051,-0.802994406,-0.565539117,-0.188057146,-0.354135389,-0.384910318,-0.081595628,-0.49455628,-0.531269427,-0.136940748,-0.582240602,-0.608564305,-0.168099217,-0.667672235,-0.673675231,-0.187690002,-0.252801085,-0.446479101,-0.10598766,-0.334629508,-0.60226442,-0.150557004,-0.392475495,-0.697266304,-0.170232429,-0.455251776,-0.779081334,-0.183163226,open_palm
0,0,0,-0.149745177,0.122051314,-0.096512574,-0.332506531,0.148669512,-0.148704848,-0.481480937,0.105530598,-0.192860981,-0.61001199,0.102276795,-0.233639029,-0.458642663,-0.163605089,-0.081955699,-0.63342231,-0.23277019,-0.148376445,-0.741940616,-0.280391372,-0.202043692,-0.839318155,-0.322493702,-0.24055477,-0.415798132,-0.310711331,-0.078065195,-0.57695525,-0.460618055,-0.128998652,-0.677305189,-0.547962801,-0.165982137,-0.765061845,-0.614135538,-0.193695418,-0.335710529,-0.402446495,-0.088580425,-0.465878148,-0.55532964,-0.141152644,-0.549392741,-0.645397128,-0.173868961,-0.629275836,-0.720973399,-0.195689998,-0.232598414,-0.456120973,-0.109222485,-0.306362746,-0.619963233,-0.151830717,-0.357923917,-0.719833256,-0.172849503,-0.41543518,-0.80580358,-0.187513148,open_palm
0,0,0,-0.160735902,0.10762822,-0.088583717,-0.346514264,0.113116363,-0.133400171,-0.491374801,0.048028157,-0.171699464,-0.618050195,0.0309956,-0.207064027,-0.447495267,-0.20786058,-0.066105272,-0.617990395,-0.292181149,-0.124250138,-0.722190375,-0.353690047,-0.173304923,-0.817007196,-0.410569344,-0.209467986,-0.394382073,-0.348141477,-0.063640442,-0.544407123,-0.507431728,-0.106888955,-0.636414735,-0.60069401,-0.141275107,-0.719182126,-0.674295005,-0.167640435,-0.308745429,-0.432007515,-0.075065558,-0.428036127,-0.592297679,-0.122305691,-0.501237018,-0.68471007,-0.151905531,-0.572371866,-0.764559714,-0.171313333,-0.203771058,-0.477925878,-0.096139168,-0.272620413,-0.643504551,-0.136285271,-0.320233393,-0.74650673,-0.155380592,-0.374358781,-0.838685925,-0.167965598,open_palm
0,0,0,-0.167791111,0.020398796,-0.071258779,-0.330671509,-0.068627189,-0.107636179,-0.440794837,-0.188867565,-0.139839745,-0.546293042,-0.242221212,-0.170328542,-0.346443532,-0.384999833,-0.047852994,-0.471088775,-0.521598205,-0.093835397,-0.54236856,-0.615385251,-0.136845193,-0.606969425,-0.701238,-0.171284297,-0.267334085,-0.482121006,-0.0502606,-0.359396797,-0.675848172,-0.084266275,-0.414455985,-0.785325081,-0.115322791,-0.46555069,-0.873656774,-0.141373252,-0.171727403,-0.517565532,-0.064243685,-0.239661379,-0.70499067,-0.101775036,-0.286428361,-0.813770112,-0.131977854,-0.333323662,-0.905535425,-0.154834617,-0.067983373,-0.509692187,-0.086403065,-0.086990156,-0.675945824,-0.118531433,-0.106693073,-0.779474613,-0.137863838,-0.135271946,-0.870216805,-0.153291809,open_palm
0,0,0,-0.155603449,-0.040529193,-0.065680888,-0.281632024,-0.171525754,-0.100930465,-0.353620347,-0.314836404,-0.133284256,-0.429718717,-0.408551554,-0.16355511,-0.237582902,-0.470726971,-0.041098089,-0.323614568,-0.638004129,-0.089216185,-0.373002699,-0.739659654,-0.134042068,-0.420044475,-0.826959956,-0.166570362,-0.144600746,-0.526198033,-0.044638621,-0.185453886,-0.73219242,-0.078651972,-0.216585995,-0.857651996,-0.109305545,-0.252424643,-0.958435693,-0.132976774,-0.049919276,-0.520446221,-0.059984363,-0.067093084,-0.72366722,-0.096947847,-0.08608745,-0.845639028,-0.125448006,-0.111245293,-0.951282615,-0.144973077,0.043129081,-0.474265059,-0.082690481,0.062619301,-0.640938039,-0.116107809,0.067287987,-0.751392903,-0.134370256,0.06223086,-0.855329492,-0.146690421,open_palm
0,0,0,-0.124449126,-0.095049055,-0.056728927,-0.205290324,-0.268699274,-0.087180121,-0.237894585,-0.424321053,-0.116592772,-0.293422932,-0.536733225,-0.145482026,-0.110364643,-0.518922175,-0.036974065,-0.156161256,-0.70184683,-0.083256365,-0.18050648,-0.813764035,-0.125439715,-0.20554228,-0.914230061,-0.157026432,-0.015091832,-0.537690647,-0.045055679,-0.011854182,-0.757344978,-0.084106486,-0.013552003,-0.884763805,-0.117467883,-0.02248557,-0.98948872,-0.142851222,0.069366608,-0.498501285,-0.063578466,0.09219089,-0.698621122,-0.104383622,0.101064533,-0.823697481,-0.135839416,0.10204805,-0.935571334,-0.15756783,0.146803167,-0.420964974,-0.088347324,0.199142213,-0.573505832,-0.121492298,0.2255024,-0.674429261,-0.140445949,0.239844783,-0.774914121,-0.154723923,open_palm
0,0,0,-0.095953355,-0.132111158,-0.059969808,-0.146992494,-0.318430251,-0.094032166,-0.156456482,-0.478775385,-0.127617704,-0.188018057,-0.607356926,-0.159408346,-0.020467322,-0.542945424,-0.036734051,-0.029627518,-0.742201959,-0.081027025,-0.033191585,-0.86114797,-0.120408447,-0.03489534,-0.96888664,-0.150401742,0.072736308,-0.531735331,-0.043744028,0.11299314,-0.750542206,-0.079152543,0.132769349,-0.87317052,-0.106585046,0.147256891,-0.980667267,-0.128868611,0.149310917,-0.467346864,-0.062000722,0.209974068,-0.667781264,-0.101585475,0.240229148,-0.781511588,-0.125025659,0.263629867,-0.887836434,-0.141344441,0.213769305,-0.368120799,-0.08758776,0.297225489,-0.50070673,-0.119625842,0.346033149,-0.588316628,-0.134859297,0.386743351,-0.680610053,-0.146736843,open_palm
0,0,0,-0.090210598,-0.13474098,-0.063006948,-0.141348164,-0.319901305,-0.099583819,-0.155467459,-0.480320273,-0.134677378,-0.183133452,-0.610286863,-0.167668618,-0.013551286,-0.543806043,-0.042478514,-0.015138866,-0.748308264,-0.085117553,-0.011851125,-0.867367164,-0.12131423,-0.005121257,-0.97327211,-0.148913933,0.080974304,-0.528211801,-0.047666558,0.128194107,-0.751522601,-0.082301265,0.153757504,-0.871172654,-0.107357408,0.176505598,-0.97599545,-0.127587833,0.157585366,-0.462089034,-0.063896115,0.223949997,-0.662513693,-0.102995378,0.258727779,-0.777306468,-0.124549636,0.287469789,-0.883884633,-0.139263359,0.222389841,-0.361003117,-0.087517589,0.308223176,-0.491580347,-0.118110126,0.358512002,-0.578134428,-0.130873357,0.401080049,-0.66970301,-0.140787303,open_palm
0,0,0,-0.099508185,-0.13351095,-0.048799708,-0.152566771,-0.325871704,-0.075254661,-0.163627372,-0.480121397,-0.101943398,-0.198442853,-0.604000547,-0.127977736,-0.037186381,-0.541345178,-0.032824709,-0.051155686,-0.738154585,-0.073237506,-0.049874853,-0.859855343,-0.109828215,-0.046698496,-0.969937661,-0.138968419,0.056825011,-0.534946936,-0.043435667,0.091843047,-0.753527836,-0.078064541,0.116263895,-0.879790371,-0.106965155,0.132506539,-0.982533915,-0.130648854,0.135654732,-0.475965658,-0.063340534,0.194288391,-0.670808171,-0.100658804,0.229809329,-0.787787221,-0.128678722,0.255611475,-0.890515549,-0.149300087,0.202011485,-0.379827558,-0.088946586,0.280622682,-0.508191134,-0.119474417,0.326716533,-0.59748047,-0.13646555,0.361702862,-0.687255983,-0.150357983,open_palm
0,0,0,-0.10989392,-0.118527668,-0.053950234,-0.172501298,-0.303356299,-0.083043967,-0.193523866,-0.459859783,-0.110673576,-0.235461811,-0.583023403,-0.13811266,-0.068402538,-0.523056266,-0.045192765,-0.097842706,-0.718043615,-0.089305268,-0.106841457,-0.842999043,-0.126556388,-0.113132546,-0.955914304,-0.155594773,0.026843989,-0.528706423,-0.054111663,0.050773133,-0.749499504,-0.092712144,0.068000417,-0.879750313,-0.123106964,0.077108883,-0.986184029,-0.146612688,0.108910774,-0.477516397,-0.072045307,0.155381267,-0.670265373,-0.11314391,0.182937018,-0.793659913,-0.14453092,0.200823794,-0.903581041,-0.166513355,0.179728756,-0.388792194,-0.095332903,0.250817556,-0.525293123,-0.128628885,0.293074926,-0.616529923,-0.146999565,0.324303556,-0.706958439,-0.161006451,open_palm
0,0,0,-0.105358045,-0.114469469,-0.049555144,-0.167495126,-0.299212029,-0.075815849,-0.185519005,-0.451888379,-0.101950048,-0.22504224,-0.570937265,-0.128342767,-0.065088536,-0.516985471,-0.04042886,-0.100945754,-0.708844821,-0.082989264,-0.111874393,-0.828108307,-0.120194381,-0.119173104,-0.935563912,-0.149735304,0.02798965,-0.526719273,-0.050589968,0.044799329,-0.750620132,-0.089155464,0.056802125,-0.881847946,-0.119964318,0.058904059,-0.987804825,-0.144124734,0.109490637,-0.481608272,-0.069149672,0.149975003,-0.682218228,-0.109809052,0.17259496,-0.804173604,-0.139642823,0.187309074,-0.91087708,-0.160742891,0.183129395,-0.396757572,-0.093019331,0.249675808,-0.532307746,-0.125826349,0.288683449,-0.621730015,-0.143740403,0.316443639,-0.709562213,-0.157810155,open_palm
0,0,0,-0.13276769,-0.095549994,-0.053599939,-0.216913645,-0.276533513,-0.078996382,-0.249115272,-0.431174658,-0.103597458,-0.295154762,-0.549538227,-0.127968775,-0.126459359,-0.525892999,-0.031183871,-0.172217766,-0.707425546,-0.070432643,-0.194126818,-0.826661795,-0.106889919,-0.2105846,-0.932184131,-0.136041111,-0.029009686,-0.549037867,-0.039041303,-0.02398564,-0.758211284,-0.07023264,-0.022686809,-0.887579287,-0.099107734,-0.026794668,-0.992060815,-0.122871416,0.059431763,-0.514099545,-0.057038665,0.089689199,-0.712185133,-0.093141993,0.102981252,-0.837977413,-0.123185004,0.10955746,-0.947700654,-0.145247251,0.138811897,-0.438713175,-0.080838551,0.195189145,-0.588573549,-0.112945254,0.228375671,-0.686329847,-0.131716079,0.250499038,-0.781616388,-0.146221224,open_palm
0,0,0,-0.145331818,-0.081575005,-0.050851392,-0.250155089,-0.256267539,-0.071954097,-0.295654811,-0.410441056,-0.093050401,-0.358257756,-0.512647097,-0.112577333,-0.175989024,-0.524843,-0.018104574,-0.233978616,-0.703723589,-0.055728075,-0.266467703,-0.811306006,-0.091462599,-0.294683021,-0.907609134,-0.118372742,-0.077404978,-0.562560643,-0.025827966,-0.09025214,-0.773491869,-0.051727403,-0.09565899,-0.894700702,-0.074998004,-0.103684673,-0.990189161,-0.093674507,0.016389667,-0.541066307,-0.045174312,0.025303799,-0.73980933,-0.078165502,0.0290731,-0.852660465,-0.101770338,0.028707468,-0.949834913,-0.117263496,0.104834819,-0.482220537,-0.071057139,0.154458695,-0.640515,-0.099581093,0.183325851,-0.740929515,-0.114673766,0.203532423,-0.837845024,-0.125224669,open_palm
0,0,0,-0.159353992,-0.040333044,-0.062074025,-0.287190956,-0.1827571,-0.092361156,-0.35662432,-0.32475361,-0.118697707,-0.429247772,-0.423280973,-0.143176607,-0.22949433,-0.467142176,-0.038605504,-0.304392614,-0.635562943,-0.081087861,-0.347900468,-0.73615899,-0.119759955,-0.386498657,-0.824804858,-0.148447537,-0.13324776,-0.518696742,-0.043197728,-0.165203923,-0.735386692,-0.07400901,-0.186931233,-0.864806292,-0.103228506,-0.208306858,-0.969925772,-0.125905716,-0.039633668,-0.507818476,-0.058427516,-0.041112717,-0.707839452,-0.094546549,-0.049922244,-0.830423272,-0.121860719,-0.064239334,-0.939314295,-0.141072461,0.052462115,-0.456112965,-0.08017691,0.08214292,-0.610827904,-0.112401453,0.095056155,-0.714402401,-0.127948545,0.099392655,-0.813343889,-0.138648543,open_palm
0,0,0,-0.157537418,-0.03925244,-0.062190999,-0.282733875,-0.166569105,-0.096079626,-0.360101802,-0.305631941,-0.127164107,-0.441417109,-0.395770501,-0.157110411,-0.248389157,-0.447411148,-0.048763053,-0.337027151,-0.626478027,-0.095752791,-0.388668646,-0.738318603,-0.135757642,-0.433649197,-0.83784782,-0.165290945,-0.154772063,-0.499660545,-0.053004803,-0.195275053,-0.717647814,-0.088031937,-0.221036019,-0.851612128,-0.117068038,-0.247535766,-0.958747899,-0.139744447,-0.058474476,-0.492405418,-0.067660827,-0.071616078,-0.699145746,-0.106246013,-0.085306083,-0.826184815,-0.135149362,-0.10401022,-0.93461998,-0.154967432,0.037415721,-0.447272727,-0.08875055,0.063748664,-0.611307162,-0.121524784,0.072885487,-0.721339779,-0.139295297,0.073077749,-0.824185631,-0.151775498,open_palm
0,0,0,-0.142977502,-0.06217915,-0.065559866,-0.253628395,-0.191078212,-0.104026654,-0.328367858,-0.331659172,-0.139736658,-0.40578803,-0.423119868,-0.175416864,-0.211811629,-0.454010111,-0.054457486,-0.299264812,-0.629290461,-0.108716794,-0.35048424,-0.745133734,-0.155092638,-0.392064193,-0.850823181,-0.188964198,-0.122082258,-0.503082078,-0.058767834,-0.157593159,-0.719796305,-0.1014145,-0.179967551,-0.85481816,-0.135172946,-0.203777245,-0.965781384,-0.160440494,-0.030588219,-0.493795464,-0.073763416,-0.039401447,-0.696198236,-0.116296013,-0.048526572,-0.825910018,-0.145959928,-0.062697154,-0.938429674,-0.16586584,0.058976663,-0.446491601,-0.095752535,0.088761694,-0.605982124,-0.129376168,0.102264495,-0.717035118,-0.146667719,0.106310094,-0.821242272,-0.158760683,open_palm
0,0,0,-0.152469201,-0.047854231,-0.057494633,-0.265822731,-0.187747367,-0.088959954,-0.322055311,-0.333136672,-0.117451058,-0.390114921,-0.436229258,-0.145886133,-0.208260465,-0.459155789,-0.048072828,-0.281877088,-0.626421666,-0.093605119,-0.32140596,-0.734248293,-0.132812519,-0.356010088,-0.828630311,-0.162238982,-0.112702059,-0.509546205,-0.05550499,-0.143031729,-0.727559217,-0.092164668,-0.164295794,-0.860884531,-0.124311161,-0.185838963,-0.971277578,-0.148606007,-0.018606127,-0.49733035,-0.071861553,-0.022351305,-0.700964874,-0.111810522,-0.0300765,-0.830239849,-0.143602806,-0.041789756,-0.944083135,-0.165711679,0.071733468,-0.442293982,-0.09351707,0.100340574,-0.599991906,-0.127679265,0.114506851,-0.703097583,-0.145413068,0.118974257,-0.801062628,-0.157866273,open_palm
0,0,0,-0.143669762,-0.054402553,-0.065676366,-0.247281867,-0.203048144,-0.098567095,-0.296206732,-0.3534987,-0.128219494,-0.359234365,-0.4557588,-0.156870283,-0.18493779,-0.474811362,-0.050469886,-0.256022075,-0.646679374,-0.096189352,-0.290868656,-0.762461269,-0.136061469,-0.318179194,-0.863593417,-0.16668324,-0.091463289,-0.524274911,-0.053828339,-0.117257661,-0.741527664,-0.09065007,-0.135107879,-0.873258028,-0.119337415,-0.157658952,-0.977389594,-0.140901513,0.000120862,-0.513165087,-0.067635599,-0.002341086,-0.720663662,-0.108000757,-0.008243947,-0.850319078,-0.135705789,-0.019755407,-0.961429255,-0.153381467,0.0914036,-0.457788627,-0.088299002,0.127520577,-0.620498676,-0.122354444,0.14326118,-0.725414359,-0.139233015,0.144768173,-0.825602546,-0.150354937,open_palm
0,0,0,-0.145643715,-0.057612446,-0.062288208,-0.250726046,-0.211558992,-0.094713923,-0.298301507,-0.361297984,-0.124768952,-0.360754683,-0.468290454,-0.154648843,-0.181990778,-0.48119195,-0.051085119,-0.255913858,-0.65800936,-0.09763512,-0.291783352,-0.776990054,-0.137943468,-0.321122619,-0.881284716,-0.169069434,-0.088122959,-0.525716589,-0.056794898,-0.11417897,-0.742572807,-0.097409925,-0.134568483,-0.873695379,-0.129780824,-0.160226613,-0.975017861,-0.153842787,0.00436972,-0.512073619,-0.072230508,-0.000272209,-0.722238978,-0.114973045,-0.00916621,-0.855748002,-0.14670405,-0.023123745,-0.967885648,-0.167641959,0.095519007,-0.456300415,-0.09387665,0.129307403,-0.621889498,-0.129853464,0.143504003,-0.731013725,-0.149985282,0.142820026,-0.832901699,-0.163929804,open_palm
0,0,0,-0.140158047,-0.062708565,-0.058442809,-0.2383306,-0.215213553,-0.088809431,-0.283564314,-0.363223277,-0.117400366,-0.33805437,-0.47447177,-0.146101144,-0.173631512,-0.473848247,-0.04733917,-0.247415815,-0.647741532,-0.094690991,-0.286183442,-0.764243181,-0.135648832,-0.319877744,-0.867425009,-0.166980966,-0.083059513,-0.519219601,-0.054370606,-0.109954802,-0.735216804,-0.095233815,-0.130418745,-0.86897741,-0.129512007,-0.155799507,-0.975475966,-0.155477182,0.005512493,-0.506784519,-0.070822207,0.000388901,-0.713826559,-0.113678794,-0.010888947,-0.846557058,-0.147019701,-0.028327873,-0.960524376,-0.169850677,0.091396167,-0.453305145,-0.093005267,0.119728426,-0.615558556,-0.128804592,0.130519765,-0.722979724,-0.149215136,0.12810546,-0.823441752,-0.163837507,open_palm
0,0,0,-0.135279732,-0.075410523,-0.059778901,-0.229709252,-0.233373142,-0.089935972,-0.269920143,-0.384810764,-0.118529096,-0.314983794,-0.501607584,-0.14684679,-0.157321173,-0.477569462,-0.046255092,-0.226292715,-0.652413183,-0.09835105,-0.265681623,-0.762089119,-0.142893034,-0.297928531,-0.858187618,-0.175185511,-0.069686252,-0.519585515,-0.051731615,-0.098032191,-0.741349419,-0.0941398,-0.116199162,-0.872871945,-0.127370639,-0.136633692,-0.978852248,-0.152248185,0.015672677,-0.504063404,-0.067274677,0.008591046,-0.706129452,-0.109248705,-0.001869427,-0.830000819,-0.137582962,-0.017011404,-0.939209965,-0.156622729,0.100647575,-0.446675876,-0.089482281,0.118815255,-0.605341372,-0.123256291,0.123124347,-0.706352503,-0.139493511,0.118110819,-0.8008059,-0.150854015,open_palm
0,0,0,-0.121189717,-0.084806847,-0.056499137,-0.206573404,-0.252447323,-0.084586869,-0.240610221,-0.40776135,-0.112214322,-0.270577425,-0.533151774,-0.138803167,-0.125770587,-0.496753955,-0.036831996,-0.190502473,-0.670678418,-0.088327906,-0.226669834,-0.778345942,-0.133697594,-0.257082419,-0.871654153,-0.166620803,-0.037894878,-0.53358543,-0.043492008,-0.059947158,-0.752836429,-0.086613698,-0.075859589,-0.881270507,-0.121609012,-0.096576754,-0.984362437,-0.147321156,0.046141529,-0.514934985,-0.060656743,0.04595643,-0.723280239,-0.104423677,0.039978597,-0.850123462,-0.134980784,0.027997285,-0.96154045,-0.155119129,0.128280928,-0.453876646,-0.084037434,0.155046711,-0.613250833,-0.119184021,0.166635842,-0.715324792,-0.137141261,0.166709706,-0.812230196,-0.149641754,open_palm
0,0,0,-0.123648143,-0.082172953,-0.060229825,-0.206051426,-0.246128913,-0.089563033,-0.237482736,-0.396968745,-0.117465066,-0.269761682,-0.519646444,-0.144556524,-0.126748287,-0.490228836,-0.042287322,-0.187016055,-0.664999075,-0.092890392,-0.220104162,-0.774787136,-0.136603782,-0.247013065,-0.869228221,-0.168736036,-0.038611824,-0.528805593,-0.047736905,-0.060013746,-0.748709494,-0.09072191,-0.073130382,-0.879244495,-0.124726311,-0.089287606,-0.984626653,-0.150126874,0.043741973,-0.510551345,-0.063912215,0.04964868,-0.717143202,-0.109247252,0.048012533,-0.844932357,-0.141036448,0.040597777,-0.958664067,-0.162031778,0.123916076,-0.449168806,-0.086330643,0.158585555,-0.603848243,-0.124213339,0.174365948,-0.706236618,-0.144351236,0.178443057,-0.806285466,-0.158553806,open_palm
0,0,0,-0.143040171,-0.078408665,-0.052830582,-0.24075241,-0.241686396,-0.077766717,-0.279768967,-0.397915124,-0.102480656,-0.332323554,-0.507903387,-0.126352251,-0.173134926,-0.498303153,-0.030304897,-0.24288438,-0.673302363,-0.076170086,-0.283235346,-0.782326607,-0.118180539,-0.319693028,-0.880437594,-0.149456519,-0.081631625,-0.540181666,-0.038643686,-0.108029723,-0.752459181,-0.074761473,-0.123500485,-0.876411105,-0.106548859,-0.140984424,-0.981230806,-0.131565562,0.008242764,-0.526495948,-0.057452518,0.005599221,-0.728282684,-0.095981606,0.001066588,-0.85198804,-0.124780298,-0.007302008,-0.963576455,-0.144560369,0.097139124,-0.47452366,-0.082581985,0.126957344,-0.641899746,-0.113560941,0.139578082,-0.747655846,-0.130040344,0.141027597,-0.848059294,-0.142279723,open_palm
0,0,0,-0.149614263,-0.051919045,-0.059613075,-0.256956731,-0.200727358,-0.08880223,-0.303434601,-0.351623377,-0.115755692,-0.358310588,-0.465039301,-0.141069666,-0.202979251,-0.471092778,-0.038542837,-0.283182101,-0.644645302,-0.088468372,-0.329288544,-0.752008255,-0.131323536,-0.371345953,-0.843839407,-0.161578768,-0.109157247,-0.51858896,-0.044259453,-0.13936963,-0.731676158,-0.084178662,-0.163044194,-0.863206488,-0.117711084,-0.187865094,-0.971891027,-0.141896227,-0.019437889,-0.507734806,-0.060936155,-0.02949861,-0.711993728,-0.102586851,-0.043395686,-0.841814416,-0.132681191,-0.060510367,-0.956303465,-0.152221957,0.068560891,-0.458354745,-0.083985148,0.094272838,-0.62127338,-0.118361517,0.104808037,-0.730315248,-0.136004123,0.105296804,-0.833942557,-0.147571101,open_palm
0,0,0,-0.148065229,-0.069940051,-0.048594885,-0.256459488,-0.224869967,-0.072385764,-0.306968724,-0.369215194,-0.096944848,-0.36697725,-0.469256071,-0.121529753,-0.202650526,-0.487087158,-0.023028388,-0.286365513,-0.653712096,-0.070903991,-0.335758617,-0.757413064,-0.115640448,-0.381739318,-0.844593161,-0.146933895,-0.110126724,-0.534107009,-0.034050392,-0.143662645,-0.747669166,-0.070295266,-0.170044965,-0.872506387,-0.104079188,-0.199437319,-0.971380967,-0.129010744,-0.01892964,-0.522785447,-0.055697106,-0.027924767,-0.725878312,-0.094050383,-0.043233301,-0.854249284,-0.124351071,-0.062466683,-0.96507605,-0.144515096,0.070141788,-0.473227318,-0.083039513,0.093408062,-0.641595543,-0.113140952,0.101858904,-0.750454264,-0.12821952,0.099731395,-0.852804417,-0.138952463,open_palm
0,0,0,-0.142130509,-0.075375923,-0.038859896,-0.233292288,-0.250986405,-0.049221619,-0.271473925,-0.407206428,-0.062337647,-0.328735267,-0.504873517,-0.074628694,-0.16685853,-0.503788017,0.010177354,-0.237674398,-0.67327753,-0.026362159,-0.283003071,-0.776881084,-0.066122706,-0.326246247,-0.865868607,-0.095322546,-0.077952972,-0.54302467,-0.001972539,-0.104129978,-0.755777438,-0.028798005,-0.129138811,-0.882400025,-0.059127779,-0.158723176,-0.983976689,-0.081220864,0.00488678,-0.526288978,-0.02555692,-0.001518398,-0.727697503,-0.056415232,-0.017589974,-0.855290595,-0.083233173,-0.037685319,-0.964911918,-0.100861917,0.086044346,-0.47277491,-0.055109584,0.105729066,-0.633147523,-0.080431488,0.108657709,-0.740886869,-0.094326755,0.104461234,-0.842296396,-0.10406735,open_palm
0,0,0,-0.12991632,-0.080473879,-0.045857495,-0.218829373,-0.246312753,-0.071082717,-0.263185173,-0.390207222,-0.098265122,-0.325927359,-0.487368384,-0.125796095,-0.155938435,-0.504014971,-0.020871452,-0.224377855,-0.682459709,-0.070647093,-0.269874437,-0.789640078,-0.117672564,-0.314564513,-0.879766297,-0.150647283,-0.066911442,-0.537064745,-0.03343279,-0.085199322,-0.748459068,-0.072203039,-0.105422679,-0.877067035,-0.110914496,-0.130632338,-0.981565948,-0.139511585,0.016348264,-0.514672598,-0.056178829,0.016548166,-0.717353307,-0.093527911,0.004161948,-0.847835493,-0.127428432,-0.015068795,-0.959413192,-0.151140022,0.095181497,-0.455263932,-0.084614395,0.119660395,-0.61818295,-0.113877872,0.127105446,-0.728415136,-0.132229296,0.125767736,-0.832708973,-0.146114575,open_palm
0,0,0,-0.127029511,-0.084758083,-0.056832556,-0.216221689,-0.229239035,-0.093152752,-0.260970438,-0.36420205,-0.130319576,-0.315084908,-0.464501726,-0.166798023,-0.139918956,-0.492615013,-0.037485934,-0.210067905,-0.672104582,-0.094862995,-0.256810034,-0.779019973,-0.146220143,-0.299745186,-0.867538786,-0.180996584,-0.047808626,-0.523272313,-0.04733831,-0.064703259,-0.741336946,-0.091220458,-0.088418613,-0.874951916,-0.129625004,-0.120016928,-0.98032556,-0.15670907,0.039930622,-0.499699126,-0.067818696,0.040263549,-0.703624804,-0.108109884,0.03088147,-0.834619451,-0.138366221,0.014496546,-0.945788942,-0.157885174,0.122465812,-0.437230299,-0.095148871,0.154003805,-0.598386862,-0.124865726,0.16700216,-0.70600512,-0.13943235,0.16960204,-0.804911258,-0.149053292,open_palm
0,0,0,-0.123763808,-0.067428079,-0.062653898,-0.215992545,-0.207912785,-0.102874916,-0.262171299,-0.347406687,-0.140582077,-0.305055293,-0.447813738,-0.177102774,-0.150775225,-0.463301908,-0.062188857,-0.22485741,-0.654414291,-0.123992027,-0.276329892,-0.764472569,-0.173082975,-0.323841956,-0.851888851,-0.204983839,-0.05534126,-0.498320277,-0.068647248,-0.076453709,-0.731332715,-0.116651444,-0.096509629,-0.868702611,-0.152631128,-0.121134037,-0.976861716,-0.176260413,0.03526145,-0.474364809,-0.08479132,0.036652499,-0.686312929,-0.130334332,0.027872946,-0.817867713,-0.159055665,0.013512321,-0.929870668,-0.175004063,0.122365644,-0.409725123,-0.107075317,0.15396388,-0.57760907,-0.14162138,0.16655196,-0.690227761,-0.155964627,0.166985955,-0.793086174,-0.163168946,open_palm
0,0,0,-0.103643523,-0.092466184,-0.037789251,-0.192139587,-0.238274357,-0.067690781,-0.259119884,-0.354162791,-0.100886617,-0.323972408,-0.422473835,-0.137476853,-0.12144709,-0.452239686,-0.04161354,-0.196227839,-0.61802029,-0.098057012,-0.240961693,-0.714235886,-0.14699772,-0.279488612,-0.793816963,-0.179062194,-0.035807078,-0.485699416,-0.05971501,-0.061018455,-0.730397422,-0.101827932,-0.086162996,-0.869433581,-0.135875056,-0.118885793,-0.980143502,-0.15869746,0.050300595,-0.459653771,-0.08447127,0.056189811,-0.67270522,-0.126803303,0.05032799,-0.80206572,-0.152077053,0.036188594,-0.911598878,-0.165213852,0.138194792,-0.39003504,-0.113339615,0.180414069,-0.548115972,-0.143626817,0.198771362,-0.653599028,-0.149552094,0.200700776,-0.755711827,-0.151347512,open_palm
0,0,0,-0.126739379,-0.074689732,-0.05470845,-0.218973193,-0.21650298,-0.090974423,-0.272423735,-0.3488062,-0.127449913,-0.337084837,-0.44039606,-0.163955698,-0.16081905,-0.473726174,-0.046919953,-0.23658062,-0.649741689,-0.106122803,-0.284711824,-0.757581874,-0.155873038,-0.331859858,-0.845369407,-0.188886088,-0.071063207,-0.508008464,-0.057936705,-0.093765593,-0.731107446,-0.106255875,-0.116925243,-0.865576358,-0.145355373,-0.146190078,-0.974188153,-0.172005533,0.016897017,-0.486358324,-0.07852442,0.014745345,-0.688269745,-0.123813178,0.004267466,-0.820943313,-0.157151681,-0.013249619,-0.937939798,-0.177973078,0.100146255,-0.426545591,-0.10485629,0.132963261,-0.587634564,-0.13775334,0.146077958,-0.695282565,-0.154418003,0.14695393,-0.797522797,-0.165556367,open_palm
0,0,0,-0.123468761,-0.087752404,-0.04957795,-0.208018017,-0.246041459,-0.078343643,-0.258118731,-0.384571613,-0.107784786,-0.320716003,-0.471100458,-0.136880517,-0.146974826,-0.487501981,-0.032169421,-0.215706199,-0.665166325,-0.083976771,-0.260349975,-0.780326357,-0.12766585,-0.300146547,-0.877893246,-0.157767303,-0.057270807,-0.519244212,-0.044128454,-0.074692644,-0.732592348,-0.086300108,-0.095602205,-0.871067725,-0.119274766,-0.119957406,-0.982681623,-0.141234024,0.026781819,-0.494475342,-0.066103713,0.029518899,-0.696485618,-0.108895826,0.020871192,-0.830694696,-0.136708116,0.007364193,-0.948741819,-0.153082156,0.104872923,-0.432090938,-0.093843158,0.145697492,-0.58511918,-0.1258634,0.162797678,-0.693932618,-0.140272965,0.169159969,-0.798017739,-0.149139803,open_palm
0,0,0,-0.134988021,-0.076125528,-0.057889589,-0.232765018,-0.226903187,-0.091512932,-0.275434871,-0.36999176,-0.124227983,-0.327676991,-0.48016154,-0.156165333,-0.160411859,-0.489974216,-0.039153952,-0.223930997,-0.668511907,-0.091525218,-0.265418055,-0.777895887,-0.138289955,-0.306382451,-0.870502427,-0.171205472,-0.070030888,-0.520454152,-0.047463988,-0.085944757,-0.736727736,-0.089327697,-0.107464894,-0.868601862,-0.127465416,-0.135457736,-0.978423793,-0.156006676,0.013571075,-0.495451701,-0.066549497,0.017245971,-0.69895289,-0.10930914,0.00524686,-0.832288309,-0.144837473,-0.015462721,-0.947025497,-0.169417717,0.0928591,-0.433463117,-0.09168598,0.130848963,-0.593054318,-0.12697627,0.145509046,-0.70229468,-0.1487647,0.147711726,-0.805408184,-0.164754337,open_palm
0,0,0,-0.12928324,-0.07954292,-0.055238843,-0.221991198,-0.234280345,-0.088511013,-0.267791969,-0.377189136,-0.12199685,-0.326021823,-0.482709367,-0.155343473,-0.154687247,-0.492361591,-0.037014733,-0.219834712,-0.666721665,-0.088253501,-0.261586912,-0.771778984,-0.135046882,-0.301834355,-0.863811911,-0.16906588,-0.067482586,-0.523944561,-0.047120147,-0.086193412,-0.741089919,-0.090802148,-0.106395289,-0.869453896,-0.130730409,-0.130060096,-0.978341449,-0.161035342,0.01604874,-0.500242451,-0.067418847,0.013819361,-0.703725934,-0.111977053,0.002813355,-0.836273301,-0.14951162,-0.01472575,-0.954502413,-0.17584287,0.096954206,-0.439380006,-0.093531926,0.131502192,-0.598653537,-0.129139945,0.144296499,-0.707000684,-0.151635343,0.14415179,-0.812043708,-0.169115361,open_palm
0,0,0,-0.126807777,-0.072526287,-0.061026011,-0.225704675,-0.222764582,-0.097792877,-0.278147674,-0.366476656,-0.133343977,-0.335304386,-0.476402412,-0.168296501,-0.165408611,-0.485072562,-0.047955714,-0.233269783,-0.667137468,-0.100873328,-0.274846886,-0.777669936,-0.147101477,-0.314720251,-0.874055527,-0.180149369,-0.075852258,-0.518379535,-0.055122265,-0.094392905,-0.738469122,-0.097481149,-0.113933503,-0.869016787,-0.134946802,-0.137468385,-0.976923028,-0.163474284,0.010521134,-0.495631131,-0.07254482,0.00803903,-0.701516938,-0.114568997,-0.003828368,-0.833279383,-0.148579877,-0.02173373,-0.948531981,-0.172804501,0.093677713,-0.435895482,-0.09635486,0.126758234,-0.597925141,-0.129639078,0.139595266,-0.704441921,-0.149176177,0.140580786,-0.805780824,-0.164297713,open_palm
0,0,0,-0.130283602,-0.100121067,-0.042164858,-0.216618693,-0.282062013,-0.060807866,-0.258467507,-0.432788668,-0.082079683,-0.316244948,-0.534066912,-0.10285687,-0.151082231,-0.522271622,-0.008942445,-0.211865215,-0.701713837,-0.050213523,-0.24781431,-0.811760519,-0.090342473,-0.28160679,-0.906866516,-0.119945744,-0.06136533,-0.553616569,-0.021443448,-0.079276736,-0.763488463,-0.053857043,-0.093950838,-0.887676529,-0.08391635,-0.112197072,-0.987900999,-0.107067423,0.024075466,-0.529799555,-0.044809239,0.027037046,-0.735230818,-0.080466267,0.016999952,-0.864734856,-0.107749864,0.000875677,-0.976032923,-0.126517124,0.107055158,-0.469177844,-0.074048814,0.1462175,-0.628858885,-0.103315569,0.161745634,-0.736315882,-0.119439633,0.165211222,-0.839287162,-0.131540816,open_palm
0,0,0,-0.125442576,-0.081109397,-0.050708529,-0.212232738,-0.245169997,-0.076935636,-0.253334513,-0.395754253,-0.103794858,-0.304867729,-0.507293719,-0.13035631,-0.143771414,-0.499254929,-0.026919194,-0.20469097,-0.675737174,-0.071762757,-0.23911994,-0.785212824,-0.113902351,-0.270617486,-0.882541368,-0.145634856,-0.054872739,-0.533588264,-0.036648259,-0.071584314,-0.748606029,-0.074360473,-0.087191665,-0.87819255,-0.109528962,-0.107753153,-0.984704563,-0.136916696,0.029890235,-0.512286427,-0.056451174,0.031973131,-0.714724136,-0.096483242,0.024403568,-0.844998948,-0.130324039,0.009389403,-0.958097553,-0.154377233,0.11251119,-0.451127841,-0.081942293,0.151016205,-0.606989591,-0.114343568,0.168240113,-0.710044834,-0.134141474,0.171723619,-0.809881451,-0.149673919,open_palm
0,0,0,-0.121499671,-0.075116158,-0.051699144,-0.207173665,-0.239930806,-0.077129807,-0.248767488,-0.387162981,-0.103738661,-0.303052603,-0.493830729,-0.12996453,-0.138144285,-0.497333932,-0.029387659,-0.202116154,-0.672287392,-0.076697967,-0.239826147,-0.780163859,-0.119743758,-0.273545389,-0.875697919,-0.151309213,-0.053244341,-0.535406451,-0.038849348,-0.074131561,-0.751830263,-0.077746837,-0.091768142,-0.881391013,-0.109980432,-0.117626055,-0.98394441,-0.134229317,0.027969196,-0.5182814,-0.058822291,0.029311083,-0.722695207,-0.099961616,0.022670562,-0.853369778,-0.13022474,0.006792758,-0.965601202,-0.150285054,0.108392522,-0.460990778,-0.084940835,0.144677238,-0.615584258,-0.118109,0.162700068,-0.719252122,-0.136169421,0.166808343,-0.819246251,-0.149521847,open_palm
0,0,0,-0.126769638,-0.078169219,-0.057675784,-0.214947471,-0.239008179,-0.087284483,-0.252542174,-0.383530574,-0.116114654,-0.299403087,-0.492212662,-0.144558188,-0.138035626,-0.490401493,-0.043029228,-0.202791196,-0.667683618,-0.093335704,-0.238138154,-0.77993093,-0.136960372,-0.26872663,-0.876481629,-0.168754999,-0.049700324,-0.527821661,-0.050160293,-0.073317452,-0.749338511,-0.091735591,-0.089342671,-0.880959032,-0.124666329,-0.1110359,-0.982572545,-0.149071203,0.035023316,-0.508373525,-0.067541135,0.034489852,-0.714465593,-0.110396142,0.028883238,-0.8458306,-0.1411885,0.016990908,-0.957022406,-0.161389128,0.118963962,-0.445468083,-0.091206044,0.156054232,-0.599009198,-0.127270878,0.172369573,-0.703342387,-0.146902771,0.175890466,-0.803449743,-0.160341985,open_palm
0,0,0,-0.124113305,-0.0800001,-0.055083949,-0.213304948,-0.243086372,-0.083149067,-0.251919482,-0.387107821,-0.110485881,-0.298299681,-0.497642714,-0.138085382,-0.133072459,-0.487981573,-0.045816325,-0.19615158,-0.669861845,-0.094349223,-0.228865275,-0.784759915,-0.135698319,-0.256686893,-0.885260219,-0.166516116,-0.044297518,-0.520878548,-0.053963509,-0.063472474,-0.74343069,-0.095920954,-0.07799642,-0.87746356,-0.128561494,-0.0990663,-0.983218575,-0.153189757,0.039356608,-0.49887312,-0.071697008,0.042620242,-0.704962862,-0.115540214,0.03932272,-0.836746232,-0.148081356,0.028523605,-0.948675181,-0.169776789,0.122568272,-0.436000077,-0.095154309,0.16407382,-0.589509512,-0.132616259,0.182364198,-0.693832865,-0.154002377,0.185676321,-0.794669561,-0.169214827,open_palm
0,0,0,-0.126374613,-0.070213878,-0.055964998,-0.215662996,-0.239144968,-0.082328765,-0.253004555,-0.387298466,-0.107476087,-0.296579222,-0.49955362,-0.133046954,-0.133485181,-0.484076007,-0.046021899,-0.196572586,-0.663477406,-0.093129027,-0.228319074,-0.776787245,-0.133578299,-0.256343421,-0.87851685,-0.16448653,-0.043760128,-0.519688064,-0.053231583,-0.060528512,-0.742434789,-0.094226376,-0.076028775,-0.876005174,-0.126313867,-0.100102419,-0.983486057,-0.15078024,0.038944675,-0.498600043,-0.069995131,0.045807867,-0.705836068,-0.113861284,0.042163828,-0.837633071,-0.14751725,0.028796437,-0.951340956,-0.170230637,0.11762486,-0.436110062,-0.092377801,0.159333982,-0.58895504,-0.130554281,0.178266054,-0.693570366,-0.153372451,0.182363947,-0.796159823,-0.169929068,open_palm
0,0,0,-0.126652779,-0.077225136,-0.056676608,-0.213736039,-0.244539468,-0.083893303,-0.247944551,-0.393823174,-0.109746599,-0.287425448,-0.509070481,-0.135562007,-0.132420976,-0.486683091,-0.047479483,-0.192773189,-0.670385561,-0.096636471,-0.224897281,-0.785745622,-0.137948638,-0.25368397,-0.886275018,-0.168390307,-0.042914827,-0.521407802,-0.054198655,-0.059482705,-0.745207779,-0.095726214,-0.074873116,-0.878709278,-0.127574454,-0.098180497,-0.983600569,-0.151296106,0.040086689,-0.499276293,-0.070517014,0.046429057,-0.707929672,-0.114144726,0.041904758,-0.839453333,-0.145162629,0.029040836,-0.951299025,-0.16553327,0.119878535,-0.435231011,-0.092701693,0.161237692,-0.590488589,-0.130559969,0.179763714,-0.696028388,-0.151588583,0.184727656,-0.797111429,-0.166114479,open_palm
0,0,0,-0.127226167,-0.089359615,-0.043216777,-0.211522831,-0.260563864,-0.065843204,-0.249243101,-0.406223958,-0.090032757,-0.302287917,-0.507624118,-0.115327873,-0.132781703,-0.50308056,-0.027367966,-0.192931298,-0.681563046,-0.073208177,-0.229002008,-0.793161452,-0.115431081,-0.263336552,-0.889991246,-0.14657611,-0.044822111,-0.531607155,-0.041215535,-0.057272429,-0.748653266,-0.079081999,-0.071328055,-0.879479625,-0.113638047,-0.091200382,-0.985961831,-0.139863354,0.040269801,-0.503300534,-0.064177241,0.047462043,-0.710809299,-0.103961236,0.043843184,-0.843596694,-0.137274682,0.034079744,-0.958999781,-0.160518566,0.122383924,-0.435944925,-0.091936008,0.165379958,-0.593865538,-0.124508717,0.186760153,-0.696491406,-0.143322803,0.195446003,-0.795686195,-0.157652432,open_palm
0,0,0,-0.122324591,-0.08306834,-0.058399553,-0.215924596,-0.24668939,-0.089210389,-0.258909629,-0.397092978,-0.119197057,-0.305963059,-0.518398899,-0.146850231,-0.142816992,-0.502971176,-0.035978565,-0.201337659,-0.689442114,-0.088505104,-0.239538736,-0.798396505,-0.132533208,-0.275839772,-0.892617836,-0.162218967,-0.050655113,-0.533098543,-0.041795167,-0.064664616,-0.752355074,-0.079297887,-0.076073625,-0.878769344,-0.107548944,-0.088808273,-0.987731344,-0.128451869,0.037381354,-0.505481845,-0.05952594,0.043247283,-0.709498683,-0.100532717,0.038542839,-0.834468928,-0.124105081,0.030345063,-0.952137433,-0.138861686,0.121273387,-0.439790674,-0.084219096,0.166655555,-0.591392361,-0.117002565,0.188382779,-0.693303291,-0.13142379,0.199414129,-0.798318205,-0.141046307,open_palm
0,0,0,-0.123038174,-0.092741947,-0.056883129,-0.205939832,-0.25012502,-0.092423992,-0.249195819,-0.396611559,-0.128371778,-0.311171749,-0.502771368,-0.164470668,-0.134431952,-0.497359874,-0.037124974,-0.198397511,-0.671500112,-0.090637284,-0.238701219,-0.781479894,-0.138442794,-0.276944625,-0.876207692,-0.172517965,-0.043424287,-0.52443548,-0.047653592,-0.056997755,-0.742880193,-0.092692487,-0.07403908,-0.872678579,-0.131472282,-0.094687447,-0.982568393,-0.159980126,0.042076929,-0.494691756,-0.068808795,0.048924188,-0.696292258,-0.113585641,0.044918888,-0.826640629,-0.14697901,0.034710918,-0.945318517,-0.169617307,0.123291204,-0.427845854,-0.096200669,0.163729008,-0.585350933,-0.130067146,0.180538462,-0.689695963,-0.147932064,0.183660954,-0.792570168,-0.161469161,open_palm
0,0,0,-0.130786386,-0.086737986,-0.052321852,-0.218877206,-0.24672511,-0.084049547,-0.253217667,-0.388213768,-0.116248224,-0.309524275,-0.494169854,-0.148874379,-0.138035586,-0.496301665,-0.046033884,-0.198863595,-0.682341279,-0.099914241,-0.238013654,-0.790043856,-0.144601165,-0.275011449,-0.882462263,-0.176074054,-0.045078066,-0.52230206,-0.057930296,-0.059741266,-0.752104232,-0.103427924,-0.079191619,-0.876165583,-0.138521132,-0.10160721,-0.98125848,-0.163730783,0.042229656,-0.491348307,-0.079144518,0.046731284,-0.70886226,-0.125231491,0.040606517,-0.836236706,-0.154476691,0.03263474,-0.954483277,-0.17359195,0.124368846,-0.420615394,-0.106160026,0.167095532,-0.57934273,-0.144112538,0.188466237,-0.683244015,-0.163669312,0.201296877,-0.789084587,-0.1774946,open_palm
0,0,0,-0.110842964,-0.087318818,-0.058968147,-0.189900687,-0.235105361,-0.098128084,-0.229458227,-0.370860622,-0.137692228,-0.284476484,-0.473506008,-0.177391811,-0.124495172,-0.482595394,-0.054310645,-0.188041129,-0.669336655,-0.115592861,-0.228398876,-0.779759348,-0.164394591,-0.265222922,-0.870652029,-0.196682943,-0.033161748,-0.507464319,-0.064573118,-0.04556815,-0.741630511,-0.113663692,-0.064293272,-0.874180742,-0.149154517,-0.08871508,-0.980921838,-0.172979716,0.053860712,-0.474867963,-0.084860811,0.060803897,-0.692392821,-0.132457678,0.05756148,-0.822550285,-0.160723413,0.052142676,-0.93809499,-0.177564473,0.135764977,-0.403064639,-0.111640158,0.179371907,-0.55917341,-0.148509527,0.203172503,-0.662939865,-0.165622668,0.218530212,-0.765787709,-0.176579287,open_palm
0,0,0,-0.120104936,-0.0845499,-0.054446096,-0.205734645,-0.228888815,-0.093152099,-0.241443766,-0.361479363,-0.132187414,-0.289770126,-0.471092438,-0.171894647,-0.128027069,-0.47728067,-0.058124296,-0.19304201,-0.664306636,-0.118642716,-0.234582322,-0.774520489,-0.167441873,-0.274269529,-0.869417206,-0.200583465,-0.036066692,-0.502179129,-0.071338772,-0.049535608,-0.735497873,-0.121686546,-0.070703498,-0.868226481,-0.160279555,-0.097620243,-0.977446067,-0.187268457,0.053332753,-0.467840104,-0.093174811,0.062701527,-0.68624948,-0.140862674,0.056679116,-0.816508091,-0.171031288,0.047299556,-0.935281105,-0.190604652,0.136484066,-0.39274306,-0.120647949,0.184264112,-0.549998829,-0.158069939,0.208159594,-0.653689535,-0.17572182,0.221431434,-0.757537355,-0.187720322,open_palm
0,0,0,-0.131353183,-0.090520506,-0.058142954,-0.218378123,-0.236412985,-0.09709367,-0.255242658,-0.374556738,-0.136167116,-0.304969773,-0.485876768,-0.175003866,-0.13336084,-0.484988042,-0.04984119,-0.19607837,-0.667655369,-0.108138026,-0.235029791,-0.779401892,-0.157298593,-0.27061971,-0.875447811,-0.191232723,-0.04178624,-0.511770753,-0.060530921,-0.054063619,-0.738015729,-0.107336474,-0.072083613,-0.86913525,-0.144241908,-0.09427597,-0.980773331,-0.170867537,0.046913803,-0.481690946,-0.081277871,0.054255177,-0.690230706,-0.126600825,0.049789589,-0.822002698,-0.155482153,0.041015823,-0.942367031,-0.174532597,0.131386193,-0.412528679,-0.108603634,0.178410529,-0.567106351,-0.143488394,0.201127455,-0.669271771,-0.159759446,0.212207651,-0.770675141,-0.171184065,open_palm
0,0,0,-0.118245872,-0.106724613,-0.050230099,-0.196542841,-0.280609576,-0.079058543,-0.238038085,-0.42941204,-0.109995846,-0.296348188,-0.531576054,-0.140136339,-0.127510486,-0.518173519,-0.021976024,-0.183814972,-0.698597475,-0.071661453,-0.219134553,-0.80642167,-0.117180831,-0.253611866,-0.897845425,-0.148785222,-0.0386472,-0.541846592,-0.033677425,-0.050618041,-0.757753894,-0.070907022,-0.062410413,-0.881757493,-0.103202095,-0.076679028,-0.988826258,-0.127839579,0.047215358,-0.511545557,-0.056566221,0.055089939,-0.717500262,-0.096026866,0.053441099,-0.845484729,-0.122551932,0.048975701,-0.964090895,-0.140401112,0.130841994,-0.446328547,-0.086021167,0.174974848,-0.606711459,-0.115138734,0.200202572,-0.711355178,-0.128113263,0.21643003,-0.815497479,-0.138275308,open_palm
0,0,0,-0.130330968,-0.082961677,-0.050830474,-0.218807136,-0.24983094,-0.075909795,-0.254597802,-0.398254491,-0.100887386,-0.298410515,-0.513919974,-0.125198582,-0.147267532,-0.503414796,-0.028585691,-0.20782659,-0.681208281,-0.071634574,-0.241406799,-0.795016079,-0.111330237,-0.271622706,-0.896281392,-0.14157694,-0.055481032,-0.535402225,-0.03779552,-0.067412844,-0.749067183,-0.074837996,-0.079924431,-0.880527333,-0.108134937,-0.098535405,-0.98610986,-0.133709078,0.030044288,-0.511549902,-0.056997519,0.036794253,-0.714040389,-0.097212444,0.033073059,-0.844972733,-0.13033461,0.021726085,-0.956257144,-0.153230281,0.11307247,-0.449148697,-0.081647308,0.156779716,-0.6071992,-0.115177579,0.178318938,-0.710878489,-0.135186679,0.186511486,-0.809594931,-0.150056537,open_palm
0,0,0,-0.132912328,-0.086050654,-0.04785243,-0.224467967,-0.255882207,-0.069909648,-0.259514459,-0.406893758,-0.092376912,-0.302582122,-0.523223893,-0.114368805,-0.146875452,-0.509395537,-0.023763417,-0.201762954,-0.689988183,-0.06427364,-0.231995024,-0.804117948,-0.101921279,-0.259929096,-0.905899248,-0.13033043,-0.051353773,-0.540467749,-0.033617442,-0.059136873,-0.758659317,-0.067153572,-0.067467647,-0.887411541,-0.097891332,-0.081551449,-0.989239118,-0.121471515,0.037575634,-0.515533405,-0.053528041,0.049482473,-0.7163316,-0.09073068,0.048361986,-0.846383446,-0.121963978,0.039621053,-0.957593974,-0.143404958,0.121652583,-0.453501836,-0.078828095,0.166906404,-0.613196042,-0.108781291,0.189912065,-0.71792542,-0.126260447,0.201100813,-0.817505156,-0.139411376,open_palm
0,0,0,-0.133801382,-0.076794588,-0.055975316,-0.228600139,-0.243896841,-0.082312211,-0.267976428,-0.395539083,-0.107720382,-0.309801617,-0.515595047,-0.131515514,-0.152821581,-0.508358838,-0.029728106,-0.208858777,-0.693177826,-0.074830025,-0.241340645,-0.80704782,-0.115549715,-0.271579056,-0.905294862,-0.145067974,-0.057094437,-0.543139809,-0.036012309,-0.06719614,-0.75956952,-0.070085263,-0.076275733,-0.88749202,-0.100808964,-0.090117885,-0.988120832,-0.124482881,0.032411177,-0.52042369,-0.053513093,0.043467308,-0.71986262,-0.090739835,0.040390599,-0.848953711,-0.12106826,0.030211878,-0.95912932,-0.142052698,0.118068002,-0.460143282,-0.077367305,0.16150712,-0.620696834,-0.108144063,0.182310206,-0.726183586,-0.125927505,0.191585844,-0.826981112,-0.138925734,open_palm
0,0,0,-0.132960177,-0.095598885,-0.044408851,-0.220821732,-0.26528163,-0.065630742,-0.256558699,-0.413571966,-0.08830895,-0.303266626,-0.518680372,-0.111064029,-0.141018487,-0.512505994,-0.018623733,-0.197639912,-0.693447921,-0.061342757,-0.231166657,-0.810596921,-0.102123127,-0.260879443,-0.915416069,-0.132711019,-0.047830777,-0.544567545,-0.030460444,-0.05731466,-0.75542334,-0.06438687,-0.066771353,-0.883923452,-0.097214957,-0.079573159,-0.989283826,-0.122415782,0.04041378,-0.522866457,-0.052265517,0.051985916,-0.722875722,-0.087787697,0.049482422,-0.851243376,-0.117848913,0.041273656,-0.960541104,-0.138802538,0.12492349,-0.463012566,-0.079649611,0.170193672,-0.622063329,-0.107985863,0.191791565,-0.726551397,-0.12384371,0.201599019,-0.824707898,-0.135559002,open_palm
0,0,0,-0.144506154,-0.091710624,-0.046649326,-0.23718984,-0.268647183,-0.064709059,-0.264181808,-0.427223714,-0.083887273,-0.299270312,-0.541941728,-0.102263399,-0.13516421,-0.512059074,-0.011179644,-0.200180124,-0.695228804,-0.057199285,-0.240623671,-0.811823834,-0.103457523,-0.275990856,-0.909527653,-0.136862574,-0.048565276,-0.540900192,-0.019642891,-0.06851815,-0.756331218,-0.054321862,-0.086981065,-0.886146718,-0.08862671,-0.109502099,-0.987379092,-0.114419488,0.034786599,-0.519486071,-0.039138593,0.033827119,-0.72310636,-0.074157462,0.02458025,-0.849332783,-0.102685283,0.011345283,-0.95236617,-0.122261172,0.118792671,-0.459593246,-0.06512336,0.142403448,-0.616917964,-0.094379024,0.148735846,-0.718648586,-0.110153659,0.146701332,-0.809978627,-0.121291074,open_palm
0,0,0,-0.144219098,-0.104833068,-0.04108533,-0.227459187,-0.288168957,-0.056308831,-0.253806018,-0.459233105,-0.075771109,-0.27195639,-0.593961727,-0.092976713,-0.127461291,-0.515874678,0.014686106,-0.16477522,-0.69268654,-0.028899146,-0.201068235,-0.792655773,-0.074362008,-0.238764442,-0.875643371,-0.105954832,-0.035641819,-0.547400152,0.003731054,-0.0554767,-0.757213627,-0.028456997,-0.083159415,-0.88417992,-0.064069203,-0.118429744,-0.988841171,-0.090374408,0.050827354,-0.534615054,-0.019780423,0.039980221,-0.737300649,-0.053843591,0.018178069,-0.864922806,-0.082056253,-0.011742767,-0.97567621,-0.100198573,0.138781844,-0.484556768,-0.049598792,0.151245209,-0.653823366,-0.076737606,0.143615728,-0.760477332,-0.090399045,0.123010331,-0.860130951,-0.099409408,open_palm
0,0,0,-0.22559209,-0.182251331,-0.007748533,-0.350376697,-0.456643567,-0.02059484,-0.361989667,-0.716289459,-0.060041978,-0.327387945,-0.919292271,-0.092328936,-0.178744264,-0.745364762,0.083503613,-0.232685739,-0.972317832,-0.021339645,-0.253570739,-0.761485655,-0.092225786,-0.221366675,-0.563157938,-0.119877182,-0.059862754,-0.738840473,0.042916591,-0.123976704,-0.982760604,-0.073486423,-0.150131396,-0.712448593,-0.115963238,-0.113202575,-0.506689899,-0.110676822,0.073616926,-0.718072166,-0.015644768,-0.008472811,-0.933921378,-0.126755651,-0.048008526,-0.654868431,-0.10687975,-0.023124986,-0.45543239,-0.058023529,0.223602861,-0.665107395,-0.077050463,0.129062127,-0.869190578,-0.135288285,0.075449567,-0.67882873,-0.09969853,0.086201986,-0.515723928,-0.052541095,open_palm
0,0,0,-0.214406284,-0.13320597,-0.039841558,-0.383289336,-0.402627968,-0.071764404,-0.440423062,-0.664818566,-0.120616807,-0.39856838,-0.88308505,-0.156977888,-0.249039975,-0.751544928,0.04633243,-0.339466919,-0.937992928,-0.070224483,-0.334105828,-0.667746413,-0.145752377,-0.279359436,-0.456945152,-0.1767868,-0.114125183,-0.754342785,0.017711173,-0.22074804,-0.943223762,-0.107458193,-0.215448608,-0.636773265,-0.147996976,-0.163273191,-0.425168308,-0.139193615,0.028360267,-0.730514289,-0.03089282,-0.094917074,-0.889814908,-0.15437897,-0.096838366,-0.588471928,-0.126743875,-0.056038018,-0.394986578,-0.06843387,0.184052925,-0.67380123,-0.083830988,0.048737218,-0.815816633,-0.155624169,0.026235849,-0.60862867,-0.117862407,0.059747675,-0.463229521,-0.064138558,open_palm
0,0,0,0.252187444,-0.276411189,0.001280897,0.583436777,-0.290260606,-0.025094546,0.772515032,-0.112072543,-0.066741801,0.857780684,0.112650448,-0.09534644,0.851890766,-0.288712633,0.024378134,0.997748141,0.034796453,-0.057339809,0.91315135,0.16619338,-0.131766156,0.834032207,0.176444774,-0.177983157,0.822849808,-0.11045372,-0.020485572,0.913777126,0.20132455,-0.062187486,0.811483007,0.253334446,-0.092984473,0.729801016,0.205598518,-0.118888639,0.747885911,0.074205803,-0.075362884,0.817360096,0.343162443,-0.107426849,0.708748854,0.36322175,-0.086460329,0.62211063,0.293792374,-0.076155097,0.635683349,0.234318354,-0.135742435,0.682784501,0.437387342,-0.142353321,0.581998335,0.447964262,-0.10291204,0.503126017,0.384662438,-0.072692199,open_palm
0,0,0,0.165511345,0.028752264,-0.087223249,0.336891587,-0.037969836,-0.12370857,0.477259299,-0.137590927,-0.149307284,0.587796776,-0.201752798,-0.177108345,0.264195811,-0.369145841,-0.070076834,0.327225996,-0.601296044,-0.094071553,0.355825276,-0.738538056,-0.118164423,0.378865851,-0.855259302,-0.141439941,0.16520169,-0.427250959,-0.05752732,0.176803026,-0.684813738,-0.079458127,0.18816246,-0.829041549,-0.117666841,0.201611099,-0.946608724,-0.152312354,0.070411821,-0.434818421,-0.051870991,0.078784397,-0.672711953,-0.084735034,0.098151962,-0.841789521,-0.128878426,0.115521475,-0.97950875,-0.164976959,-0.015510738,-0.408711534,-0.052366813,-0.039256474,-0.598056123,-0.091837812,-0.048789601,-0.727521076,-0.117419142,-0.049777746,-0.836178055,-0.136119399,open_palm
0,0,0,0.161601051,-0.022649852,-0.077707077,0.311608598,-0.1342506,-0.101104865,0.419645427,-0.244046214,-0.118982619,0.520491803,-0.298618524,-0.137453373,0.257543037,-0.464372447,-0.053092027,0.324441558,-0.65414509,-0.086889186,0.357519465,-0.758536615,-0.117572638,0.384588185,-0.84232856,-0.14383625,0.159144103,-0.524621849,-0.049887573,0.197647941,-0.753090891,-0.078042036,0.223576496,-0.869006256,-0.111890833,0.245024511,-0.959015317,-0.14231167,0.057960489,-0.524812976,-0.057209135,0.078384167,-0.740286822,-0.097214148,0.096182309,-0.860497543,-0.136679102,0.115579765,-0.956915051,-0.167901656,-0.042033294,-0.478109981,-0.071965355,-0.077401445,-0.643660073,-0.119517418,-0.095041141,-0.750446259,-0.151189258,-0.101725994,-0.845975994,-0.173878572,open_palm
0,0,0,0.18775874,0.040418899,-0.057177239,0.373003138,-0.033613742,-0.063739768,0.49749818,-0.137140129,-0.069926213,0.596582737,-0.187847003,-0.080973364,0.374066832,-0.378724519,-0.016583786,0.45384256,-0.560820318,-0.046054218,0.488955185,-0.668464752,-0.084539974,0.515558303,-0.754349649,-0.11829513,0.276651284,-0.463674612,-0.027481597,0.337793206,-0.688340957,-0.05823858,0.371534912,-0.8138208,-0.113799254,0.385913662,-0.908421598,-0.160750882,0.169244412,-0.489942769,-0.047579072,0.215275465,-0.696306837,-0.095849326,0.246261741,-0.825313791,-0.155384453,0.264346863,-0.926432882,-0.200071997,0.051955001,-0.473345724,-0.072801548,0.022368702,-0.659655486,-0.131949228,0.016811045,-0.786199255,-0.174042156,0.016545191,-0.892038507,-0.204017068,open_palm
0,0,0,0.167473672,0.035924085,-0.064580983,0.338025118,-0.056156367,-0.07310015,0.458143153,-0.156500402,-0.077856023,0.555862727,-0.204789747,-0.08343591,0.349708222,-0.4026512,-0.013071714,0.434260022,-0.572437103,-0.027011115,0.473309786,-0.677889723,-0.049817567,0.501192223,-0.770291599,-0.072865202,0.258301577,-0.486317793,-0.014425777,0.321931485,-0.70917906,-0.026849102,0.356028556,-0.827240293,-0.061794058,0.378427911,-0.92092344,-0.093232689,0.154885334,-0.508503164,-0.026123828,0.197864733,-0.72151346,-0.06342324,0.225799001,-0.847128143,-0.112870365,0.244534537,-0.951332986,-0.148774746,0.043569718,-0.486201508,-0.043341293,0.030282279,-0.677923714,-0.096126494,0.021637689,-0.801830004,-0.134767882,0.020246544,-0.908406711,-0.16051951,open_palm
0,0,0,0.166564868,0.018062852,-0.062814306,0.321365532,-0.084145581,-0.065388012,0.428875008,-0.178536125,-0.065534753,0.516131176,-0.222834499,-0.064868603,0.323843249,-0.439256381,0.011326258,0.406899602,-0.596691273,0.008688676,0.447421636,-0.693578366,-0.008061626,0.475080482,-0.784316685,-0.027856213,0.236850338,-0.520372264,0.01354873,0.291676984,-0.723083717,0.012172451,0.320648699,-0.838300822,-0.01492941,0.33905438,-0.939911999,-0.040094416,0.139239923,-0.537921287,0.004025622,0.176001473,-0.738328609,-0.021322574,0.196246634,-0.85634933,-0.062384947,0.210689558,-0.964891001,-0.092586146,0.031984239,-0.508664752,-0.012266749,0.018738021,-0.683143326,-0.056183751,0.009036305,-0.798557093,-0.089713636,0.008240924,-0.905734669,-0.111118034,open_palm
0,0,0,0.179035634,0.019120887,-0.056650417,0.342189877,-0.082606429,-0.056104384,0.452217559,-0.175033261,-0.055031992,0.539556235,-0.214253284,-0.053393078,0.343639193,-0.437213301,0.024529506,0.427706575,-0.593410262,0.023438822,0.467481527,-0.691372796,0.004983103,0.49591674,-0.78229203,-0.016636329,0.256604916,-0.519221766,0.023910616,0.311246447,-0.725576736,0.022799312,0.342023458,-0.836245617,-0.007222094,0.362183784,-0.931463046,-0.034633803,0.15748638,-0.538727553,0.011730578,0.195191481,-0.742103339,-0.010801912,0.221792378,-0.855688508,-0.050843881,0.240836225,-0.958203127,-0.080835567,0.049129604,-0.510958716,-0.00710737,0.038727387,-0.693268804,-0.046866809,0.03459531,-0.810565138,-0.077827085,0.038817619,-0.916949367,-0.0978874,open_palm
0,0,0,0.164747372,0.017154031,-0.066401188,0.331351787,-0.082381031,-0.071718066,0.445321401,-0.185238059,-0.072723522,0.538041707,-0.218988149,-0.073013764,0.320905819,-0.444212485,-0.008082404,0.409539535,-0.600038892,-0.016763548,0.453650375,-0.694492074,-0.035223458,0.483688428,-0.780397623,-0.055739366,0.231636282,-0.529413931,-0.003566869,0.292643203,-0.731294368,-0.009855035,0.323541739,-0.843659519,-0.035199377,0.339843487,-0.938640657,-0.058822807,0.134301627,-0.548503196,-0.010126537,0.172489089,-0.749150745,-0.035778547,0.195304741,-0.862539642,-0.073214236,0.210624229,-0.962983801,-0.101709227,0.026709694,-0.520223205,-0.02364023,0.006643441,-0.695246938,-0.066814926,-0.004147795,-0.812760153,-0.099619424,-0.004993831,-0.919834429,-0.120861234,open_palm
0,0,0,0.169443418,0.023352599,-0.065243664,0.346627606,-0.081872729,-0.067015804,0.468311353,-0.178547584,-0.06468334,0.56881907,-0.211095996,-0.061444966,0.325677505,-0.45171843,6.76E-05,0.413438774,-0.611454938,-0.001667534,0.457546283,-0.706929839,-0.014558995,0.488406081,-0.789882773,-0.031831688,0.233038695,-0.533635687,0.004494378,0.289834424,-0.731235867,0.007099895,0.323431423,-0.844406774,-0.013467688,0.342796764,-0.938755494,-0.035049977,0.130953333,-0.550011418,-0.003029677,0.170176801,-0.74543481,-0.02348701,0.196030966,-0.859861879,-0.060338277,0.214256864,-0.962319313,-0.089843275,0.022833158,-0.520431538,-0.017746903,-0.00264314,-0.687096522,-0.058631846,-0.016647682,-0.799824132,-0.091962483,-0.017874993,-0.904913507,-0.114539993,open_palm
0,0,0,0.183743475,0.034863143,-0.069306334,0.374212385,-0.071340601,-0.075108982,0.505405579,-0.17079554,-0.07663687,0.607969315,-0.194744331,-0.079035832,0.355267599,-0.433878177,-0.006001234,0.442877324,-0.601386317,-0.012036467,0.489004438,-0.705682097,-0.031357153,0.524796143,-0.796827281,-0.054987081,0.261026642,-0.517048093,-0.004116049,0.319938757,-0.724586888,-0.007825269,0.358429801,-0.831675866,-0.042134237,0.385367517,-0.919647661,-0.075763158,0.156352817,-0.534706461,-0.01300933,0.194413177,-0.733280128,-0.039179195,0.224814482,-0.84365302,-0.086940868,0.24576772,-0.941612864,-0.125562722,0.045183111,-0.50281734,-0.028875343,0.022721561,-0.679138287,-0.07299819,0.016079527,-0.79273326,-0.109492045,0.017883785,-0.894471603,-0.136376759,open_palm
0,0,0,0.177196702,0.016133039,-0.077987997,0.359591106,-0.082184682,-0.091811393,0.490119345,-0.169097947,-0.100476715,0.594598658,-0.194699831,-0.108430301,0.331334069,-0.446672468,-0.015124599,0.418483918,-0.614917374,-0.024782544,0.465662545,-0.717136629,-0.044352694,0.501733889,-0.80842328,-0.066997619,0.238925254,-0.522883976,-0.008880778,0.293391011,-0.726501477,-0.015237085,0.327625678,-0.838363175,-0.04383526,0.352062665,-0.933232954,-0.071610985,0.137654531,-0.537046367,-0.014733576,0.173488345,-0.734957927,-0.037541955,0.201565944,-0.846230409,-0.074614146,0.222582532,-0.947046258,-0.105738761,0.03284743,-0.505271178,-0.029421494,0.007390419,-0.670498208,-0.067750143,-0.00216936,-0.780895641,-0.09776639,-0.000572947,-0.882552919,-0.119507938,open_palm
0,0,0,0.169768119,0.034131551,-0.091523271,0.353149133,-0.04072006,-0.113882376,0.4928908,-0.111172514,-0.12871473,0.607402583,-0.145525032,-0.143011513,0.329893137,-0.422310242,-0.040285649,0.429609828,-0.59086838,-0.056877597,0.480727744,-0.691703296,-0.078172701,0.518305334,-0.780554626,-0.100998927,0.233466337,-0.502121736,-0.03170462,0.298659539,-0.714010962,-0.04300137,0.337969986,-0.830577085,-0.072957976,0.360518488,-0.927208046,-0.101546338,0.126196684,-0.517300687,-0.035701251,0.160374454,-0.72347762,-0.064149717,0.189749533,-0.838752757,-0.10312947,0.212001469,-0.940315296,-0.135258233,0.015901884,-0.48493704,-0.049512289,-0.01463448,-0.653849594,-0.09371373,-0.026989385,-0.763286482,-0.125734208,-0.026923394,-0.86376695,-0.148569823,open_palm
0,0,0,0.147286983,0.171417851,-0.154774342,0.337569669,0.197695363,-0.213535954,0.523974301,0.145765917,-0.249296496,0.669558382,0.083632419,-0.281393651,0.295273343,-0.012355714,-0.158283487,0.259690552,-0.120372433,-0.238498696,0.180952086,-0.162260068,-0.294325401,0.128891992,-0.199668307,-0.320775766,0.226620112,-0.184499215,-0.111587886,0.162467499,-0.324081784,-0.235868019,0.046488629,-0.353091925,-0.342158073,-0.027638912,-0.381878636,-0.404195263,0.194644622,-0.295061981,-0.072584554,0.129153542,-0.457332863,-0.213925475,0.03247832,-0.469009471,-0.316499495,-0.042594268,-0.487725082,-0.360754019,0.164661517,-0.354529395,-0.036223764,0.205774264,-0.589509637,-0.116820603,0.243643093,-0.783421422,-0.164241134,0.292802248,-0.936213461,-0.194348141,open_palm
0,0,0,0.151366538,0.20043144,-0.101246564,0.301010274,0.23645859,-0.145392533,0.472535088,0.19222299,-0.175010181,0.621253795,0.149333897,-0.209485378,0.245628981,-0.049065097,-0.107899333,0.150250975,-0.210583564,-0.163678902,0.003088391,-0.277826599,-0.2238728,-0.09239346,-0.333022678,-0.265959475,0.192208218,-0.183264565,-0.089292532,0.14188954,-0.402372973,-0.185077171,0.042850502,-0.52480972,-0.317092039,-0.010580615,-0.617424724,-0.416709709,0.17669085,-0.284040275,-0.070963477,0.213125535,-0.543124988,-0.183473835,0.234893296,-0.737809163,-0.311310601,0.242282577,-0.886697146,-0.393785886,0.172384625,-0.314685747,-0.049852593,0.255124037,-0.524661577,-0.125080185,0.313526434,-0.711812216,-0.181494346,0.378442221,-0.873093201,-0.228145083,open_palm
0,0,0,0.179214948,0.121272481,-0.07710246,0.412040346,0.100311835,-0.09266216,0.586260395,0.052295096,-0.100813887,0.713154215,0.024843959,-0.115299,0.403081195,-0.268907178,-0.047118766,0.516989729,-0.482376332,-0.068132268,0.563627529,-0.620720592,-0.102359389,0.604890206,-0.742625622,-0.136202882,0.289111992,-0.370056095,-0.046386306,0.340745975,-0.618495234,-0.071620016,0.373627524,-0.762777403,-0.136805009,0.407008171,-0.886264726,-0.195614129,0.175600654,-0.406642594,-0.051594871,0.195620233,-0.63502519,-0.101116018,0.221815956,-0.799215562,-0.176191072,0.249294825,-0.939137151,-0.236375764,0.065892142,-0.39474373,-0.061671594,0.016700406,-0.56456266,-0.121647797,-0.015420106,-0.690988585,-0.163027613,-0.030320359,-0.79598052,-0.195336675,open_palm
0,0,0,0.160971463,0.021056237,-0.079987954,0.336964557,-0.061715607,-0.098365216,0.470381737,-0.134683404,-0.110650096,0.580352253,-0.160756068,-0.122993174,0.322361357,-0.43413758,-0.039466244,0.415519788,-0.591923535,-0.057128015,0.465504849,-0.688929479,-0.078536035,0.502242616,-0.776090236,-0.101758296,0.22791709,-0.518490419,-0.03492296,0.281340815,-0.722298051,-0.050149907,0.312943692,-0.837170891,-0.080071794,0.332314599,-0.936869749,-0.108821329,0.1244004,-0.535356455,-0.041567487,0.154650227,-0.733121291,-0.07587911,0.176309969,-0.85092006,-0.118983316,0.189432902,-0.959436496,-0.153632567,0.01680998,-0.504330972,-0.055989449,-0.020945364,-0.670969032,-0.106988072,-0.042989647,-0.786383798,-0.144691577,-0.053865224,-0.894385509,-0.170950153,open_palm
0,0,0,0.168346611,0.014390555,-0.071266319,0.3441947,-0.079711699,-0.081857511,0.476507835,-0.151533131,-0.089309915,0.583046896,-0.176522103,-0.096058831,0.326896695,-0.447439003,-0.008712978,0.418656286,-0.594579477,-0.014371672,0.469893286,-0.688855066,-0.026262914,0.505131553,-0.770511802,-0.042288447,0.232375207,-0.536130115,-0.00590259,0.288874288,-0.732585767,-0.00435925,0.321483438,-0.843375189,-0.02022942,0.340778663,-0.936941242,-0.037759281,0.126693094,-0.556772142,-0.016261406,0.16266001,-0.75511752,-0.039664239,0.186631512,-0.870229868,-0.073470825,0.200672057,-0.97447701,-0.100624464,0.014512892,-0.528992305,-0.034810033,-0.02284379,-0.693462795,-0.080996291,-0.042510465,-0.810000599,-0.115784518,-0.050399208,-0.916910814,-0.138528637,open_palm
0,0,0,0.164685341,0.008874036,-0.070628158,0.33735011,-0.083847747,-0.081606541,0.46820813,-0.155368572,-0.090303849,0.575195974,-0.18022978,-0.097834471,0.32782499,-0.452463003,0.000542081,0.419489113,-0.59720932,0.000657002,0.472232838,-0.691671525,-0.006802728,0.506740458,-0.773435227,-0.019326659,0.236048447,-0.53698025,0.004559688,0.290355519,-0.732000239,0.015242419,0.322951108,-0.840954823,0.009175125,0.3411774,-0.931796431,-0.000705697,0.133941431,-0.55565537,-0.005608095,0.1666735,-0.756320362,-0.020713739,0.190072669,-0.872299546,-0.045643522,0.203600407,-0.976783732,-0.066636445,0.024974166,-0.528846598,-0.024971543,-0.010324717,-0.692896224,-0.065898576,-0.030008097,-0.807881642,-0.096370841,-0.038398759,-0.913058313,-0.115313412,open_palm
0,0,0,0.16090145,0.008707319,-0.070890358,0.328905222,-0.083528006,-0.081118037,0.456720096,-0.154191177,-0.08763703,0.556270921,-0.169308603,-0.093423107,0.315204134,-0.449943227,-0.010214891,0.405415256,-0.593866565,-0.013333358,0.454860178,-0.683652483,-0.0234091,0.488104562,-0.76433932,-0.038170789,0.222589571,-0.533519789,-0.00610933,0.278965044,-0.735335986,-0.004650798,0.308174647,-0.842725442,-0.018042223,0.323145348,-0.934858713,-0.032340231,0.120609682,-0.550421707,-0.014543628,0.148303387,-0.75649186,-0.038569274,0.168307057,-0.872541807,-0.070771163,0.180651782,-0.978914267,-0.095350888,0.012617735,-0.521979698,-0.030803714,-0.019523288,-0.694263191,-0.076188251,-0.040152816,-0.809348056,-0.108688606,-0.048743351,-0.915838357,-0.129147887,open_palm
0,0,0,0.161048445,0.020819629,-0.075774826,0.328905925,-0.064514651,-0.08867745,0.453928372,-0.145628963,-0.096548936,0.557280308,-0.170897163,-0.103998324,0.319643162,-0.441385493,-0.022273748,0.414217281,-0.58779259,-0.034503462,0.462539969,-0.676734504,-0.052150245,0.495730081,-0.758126407,-0.071622857,0.229664259,-0.5282841,-0.016686931,0.288674404,-0.730418452,-0.02623489,0.317852533,-0.838323685,-0.050509946,0.331543614,-0.93161625,-0.07253556,0.130694009,-0.546668424,-0.022915,0.158890207,-0.751041769,-0.055294198,0.176557997,-0.868642323,-0.095304003,0.185800245,-0.974634617,-0.1247623,0.02447311,-0.518216825,-0.03674354,-0.008978369,-0.687408092,-0.087435285,-0.02983233,-0.803484461,-0.123990722,-0.04039795,-0.910412735,-0.147136823,open_palm
0,0,0,0.16204803,0.019937844,-0.078630543,0.321722619,-0.075035452,-0.089182496,0.436131243,-0.171859972,-0.093427924,0.53184379,-0.211474833,-0.096581212,0.312705933,-0.438184532,-0.022955794,0.412393688,-0.581543746,-0.035706163,0.465555643,-0.668445948,-0.053084808,0.503195339,-0.74997504,-0.071944661,0.224672395,-0.526004073,-0.01377023,0.281638225,-0.733545686,-0.023461581,0.313276553,-0.840823295,-0.046653887,0.330236959,-0.93221431,-0.067132201,0.126084567,-0.543795194,-0.016677117,0.152337626,-0.750369487,-0.048704573,0.173219544,-0.86921925,-0.088143476,0.186778233,-0.975512428,-0.116143857,0.020800811,-0.512339118,-0.027384546,-0.008853853,-0.683985993,-0.07702722,-0.023993597,-0.801980669,-0.113309855,-0.0293541,-0.909296833,-0.135539737,open_palm
0,0,0,0.173127537,-0.041738004,-0.061333387,0.325968894,-0.196750344,-0.073980566,0.405113613,-0.375302736,-0.085150835,0.493968559,-0.471683847,-0.09690597,0.335155897,-0.349250804,-0.016604009,0.42721186,-0.503861783,-0.063358673,0.480325869,-0.608609555,-0.107172483,0.532226183,-0.705578426,-0.141180797,0.255727676,-0.418449042,-0.022831285,0.351497668,-0.609540014,-0.06743295,0.408622824,-0.747790268,-0.116163853,0.46499511,-0.87200528,-0.15292593,0.160264345,-0.445950121,-0.040539899,0.235194366,-0.640737704,-0.095607309,0.286561244,-0.7702495,-0.13415968,0.343153898,-0.88719709,-0.157303401,0.049155118,-0.448326523,-0.06414495,0.116197589,-0.599641852,-0.114353371,0.166705217,-0.692981918,-0.137964724,0.219640903,-0.777861623,-0.152368435,open_palm
0,0,0,0.182694708,-0.014847226,-0.076635174,0.373633525,-0.207388466,-0.081961673,0.455819759,-0.44227974,-0.085681673,0.527103419,-0.598953753,-0.086305462,0.428890791,-0.343306286,0.042397529,0.513753848,-0.499682668,0.007283432,0.569006685,-0.621334673,-0.037453331,0.612174882,-0.726970189,-0.074562516,0.342713119,-0.431837705,0.046933955,0.430306872,-0.590595615,0.013676928,0.495365575,-0.719609468,-0.037992377,0.550907104,-0.830861071,-0.078557266,0.235707665,-0.477415292,0.031996498,0.324920187,-0.625124149,-0.020145602,0.385946704,-0.722701412,-0.06701268,0.444236645,-0.811313198,-0.095562219,0.108894313,-0.506637529,0.008484293,0.195113216,-0.611304779,-0.045022435,0.263180275,-0.665021791,-0.079406462,0.334954027,-0.708891706,-0.102464807,open_palm
0,0,0,0.151115889,0.015201277,-0.068374812,0.306515108,-0.077480293,-0.090336518,0.438766887,-0.131456993,-0.108869611,0.549451696,-0.103705232,-0.12852944,0.316882997,-0.38264089,-0.033336947,0.403754247,-0.544480652,-0.056225163,0.449674319,-0.656634505,-0.076781133,0.487004553,-0.754080721,-0.098355113,0.236769153,-0.462396717,-0.036073317,0.302904228,-0.678378139,-0.054240117,0.344221847,-0.809336461,-0.088111595,0.3762683,-0.918858572,-0.118832193,0.138032533,-0.485730601,-0.048211051,0.165712385,-0.655373046,-0.094227918,0.169899554,-0.753069586,-0.140926863,0.174993725,-0.839505255,-0.173304086,0.033213561,-0.459362522,-0.065865362,-0.006157372,-0.577963531,-0.119152151,-0.036158605,-0.658236627,-0.153152526,-0.052252129,-0.737560774,-0.176366448,open_palm
0,0,0,0.175050085,0.034374567,-0.073520592,0.367747652,-0.053495698,-0.085569427,0.517591191,-0.121555684,-0.093766149,0.645856849,-0.117185419,-0.102873875,0.331400637,-0.486467537,0.011814575,0.427953679,-0.654364598,0.022709352,0.46977534,-0.74994385,0.016515892,0.494790712,-0.832066791,0.003737396,0.231767054,-0.564840235,0.016896709,0.279482485,-0.77608753,0.036246952,0.306626768,-0.873676592,0.016632789,0.30574562,-0.952104627,-0.004049066,0.125251297,-0.575980232,0.00956475,0.123905648,-0.772996439,-0.001256126,0.131291925,-0.88363147,-0.04293766,0.12505747,-0.983911064,-0.076271727,0.015982541,-0.542709811,-0.006060763,-0.050132224,-0.695222076,-0.037876597,-0.091808736,-0.792167426,-0.067943404,-0.120396318,-0.883802196,-0.089253792,open_palm
0,0,0,0.178163495,0.034855587,-0.064246579,0.374318198,-0.045827748,-0.073145067,0.52568856,-0.085442542,-0.081609729,0.646250487,-0.050178483,-0.091580908,0.345818489,-0.484653155,0.022090234,0.440572585,-0.6508061,0.031672417,0.480777628,-0.747878022,0.023848596,0.505769331,-0.827554586,0.009974347,0.244839422,-0.565948673,0.020705559,0.292773525,-0.779106771,0.039191721,0.318232445,-0.875371958,0.019989461,0.316823619,-0.948484441,-0.000244763,0.135359211,-0.58178248,0.006912417,0.132194923,-0.777848103,-0.006161127,0.142352823,-0.884929342,-0.046575074,0.135834187,-0.981060996,-0.078479611,0.022239621,-0.552793911,-0.015041465,-0.046708745,-0.700405652,-0.049272769,-0.089220005,-0.789592347,-0.078745545,-0.121455759,-0.873856084,-0.099125443,open_palm
0,0,0,0.174303254,0.031120739,-0.059611299,0.36625317,-0.051169905,-0.068235718,0.515836514,-0.077940302,-0.077776003,0.632201754,-0.023718192,-0.0900939,0.336474405,-0.486526992,0.024622542,0.432276308,-0.653151651,0.039134826,0.474749316,-0.751446603,0.035810958,0.501003305,-0.832166102,0.024886533,0.235633615,-0.566797101,0.022276261,0.284101153,-0.77292691,0.04876691,0.309570143,-0.873609047,0.036306976,0.307595511,-0.951296137,0.020510037,0.127050195,-0.580655674,0.007847495,0.125631792,-0.771205433,0.002962392,0.138092906,-0.880624919,-0.035888046,0.133837699,-0.980376832,-0.067900225,0.014934654,-0.552323657,-0.014514599,-0.056031032,-0.700002658,-0.043309969,-0.09923691,-0.790975738,-0.072668671,-0.131520975,-0.876276356,-0.093642553,open_palm
0,0,0,0.171093392,0.019983681,-0.066996792,0.35744437,-0.062243231,-0.084567187,0.507504229,-0.079872306,-0.103354436,0.618442213,-0.012615504,-0.124669206,0.319822689,-0.502841404,0.012687535,0.41490102,-0.664032433,0.017537727,0.459561108,-0.758747114,0.010829177,0.48649389,-0.837116554,-0.00080684,0.215933004,-0.577205342,0.010217485,0.263476433,-0.786162243,0.026348175,0.285487906,-0.886304853,0.016130117,0.280988687,-0.959694091,0.005710542,0.108129625,-0.583380981,-0.005213698,0.105183411,-0.781971192,-0.014406175,0.114957186,-0.892719364,-0.044790184,0.108890466,-0.987681386,-0.067954282,-0.002021766,-0.542294414,-0.030017316,-0.076699585,-0.694969296,-0.060377852,-0.119353284,-0.798242816,-0.086134624,-0.150223408,-0.892817254,-0.1019158,open_palm
0,0,0,0.173642035,0.029150102,-0.062845121,0.362386815,-0.049365998,-0.075394068,0.512322393,-0.06572385,-0.088918934,0.622366856,-0.003542211,-0.105411955,0.326404835,-0.485753964,0.012671768,0.42103833,-0.653298024,0.022631696,0.464375742,-0.75151251,0.018377064,0.491357541,-0.835119265,0.006649153,0.223586482,-0.562446693,0.00833056,0.270072657,-0.769640404,0.028428471,0.293541063,-0.87401123,0.015430584,0.29115659,-0.95667541,-9.19E-07,0.116086647,-0.570717895,-0.007912439,0.111952892,-0.76427527,-0.017314422,0.123255511,-0.877115785,-0.053230239,0.118316393,-0.979744325,-0.082429155,0.005856847,-0.535268366,-0.032595332,-0.067445207,-0.68482068,-0.065251068,-0.109354208,-0.784411088,-0.093662042,-0.138995686,-0.87817358,-0.113208709,open_palm
0,0,0,0.174196217,0.031886546,-0.066244882,0.364381811,-0.036217254,-0.078776685,0.513165359,-0.053901191,-0.091597526,0.623828026,0.00552943,-0.107165329,0.327160169,-0.485353619,0.011388735,0.42227417,-0.652762917,0.01872358,0.466915761,-0.751287659,0.011697253,0.496556116,-0.834510786,-0.001789506,0.222624781,-0.563506681,0.009302046,0.268221631,-0.775840473,0.026495257,0.294246938,-0.878001383,0.01043444,0.292728563,-0.956170523,-0.006922364,0.11379073,-0.572654129,-0.004710595,0.10635588,-0.770720047,-0.017221124,0.119731574,-0.884428875,-0.053233076,0.115133985,-0.985787742,-0.081689455,0.001349978,-0.539332005,-0.027539829,-0.072676431,-0.686247555,-0.062909432,-0.114245055,-0.783776144,-0.090628437,-0.145542267,-0.876415279,-0.108758989,open_palm
0,0,0,0.166630997,0.014800449,-0.069121534,0.350608544,-0.060088053,-0.086402602,0.49894263,-0.071630332,-0.103018963,0.607062964,-0.011330319,-0.122153095,0.311403327,-0.494628764,-0.000284585,0.405401449,-0.656106153,0.002164779,0.450519238,-0.751690678,-0.005163736,0.479778563,-0.833774245,-0.017499609,0.211635252,-0.566707512,-0.001228692,0.261809465,-0.772993871,0.01402556,0.286505678,-0.875352995,0.005298011,0.286292639,-0.958126832,-0.005431179,0.10601364,-0.572238416,-0.014615028,0.105742485,-0.767738006,-0.026255061,0.120051133,-0.878588071,-0.055058106,0.118091806,-0.980189204,-0.077632629,-0.003827838,-0.535666716,-0.037180229,-0.074636234,-0.688001963,-0.071872788,-0.111924106,-0.791229321,-0.097509306,-0.137095014,-0.889436895,-0.113114922,open_palm
0,0,0,0.178295404,0.006311845,-0.070898292,0.361169962,-0.068539314,-0.088849377,0.506037919,-0.076225224,-0.106839599,0.611346796,-0.031520529,-0.126654855,0.30779937,-0.492176893,-0.012916893,0.398220012,-0.653232802,-0.026375951,0.448851847,-0.741889788,-0.045048048,0.4853309,-0.818470745,-0.063952769,0.203012374,-0.564707259,-0.01524365,0.256870092,-0.761474608,-0.018006701,0.289713925,-0.864230373,-0.035289263,0.306511171,-0.950434027,-0.052211706,0.092619466,-0.568350906,-0.030706471,0.106966172,-0.760575202,-0.056950015,0.12275486,-0.870262429,-0.090698133,0.12691246,-0.969589314,-0.115594554,-0.023007916,-0.526319495,-0.055139143,-0.087857658,-0.680252016,-0.099233771,-0.125127511,-0.784037433,-0.128093196,-0.153021646,-0.880636134,-0.145558925,open_palm
0,0,0,0.181602155,0.003196445,-0.065727964,0.362179968,-0.079607797,-0.078123093,0.505255035,-0.089441682,-0.090946674,0.612711146,-0.049784595,-0.104788424,0.314044959,-0.494395893,0.005002502,0.403179695,-0.658134963,0.005026779,0.450716057,-0.750069747,-0.004418736,0.485882721,-0.832629578,-0.018975133,0.21457021,-0.566598681,0.002155342,0.259237856,-0.764034784,0.010304487,0.287562862,-0.866394501,-0.005065678,0.297406268,-0.954522382,-0.020893373,0.109076032,-0.569015013,-0.013390465,0.111245755,-0.762365696,-0.030608819,0.125228371,-0.873906723,-0.065165534,0.127429406,-0.980290013,-0.092316954,-0.000180116,-0.525392492,-0.037707,-0.06966171,-0.668975336,-0.077975216,-0.10793935,-0.771775854,-0.109004713,-0.135460758,-0.871963147,-0.128730781,open_palm
0,0,0,0.169730865,-0.00152755,-0.075642479,0.344201194,-0.080039966,-0.098554627,0.484667458,-0.083893326,-0.120280828,0.589202932,-0.048931313,-0.143293666,0.297010229,-0.485472335,-0.014830692,0.38281014,-0.652457563,-0.022540178,0.43070678,-0.746494142,-0.036772673,0.465294881,-0.829597093,-0.05473695,0.197264542,-0.556794833,-0.016187483,0.241971346,-0.760186528,-0.017241145,0.271817066,-0.866758201,-0.037073499,0.285103816,-0.956845312,-0.056239337,0.091938604,-0.558749093,-0.030369378,0.096461013,-0.759999393,-0.055263666,0.110271338,-0.87451821,-0.094038054,0.113157081,-0.979692793,-0.124160989,-0.015161968,-0.510741778,-0.053553538,-0.081850333,-0.656825854,-0.098235541,-0.120413388,-0.761228687,-0.131605922,-0.147830819,-0.861391415,-0.153712217,open_palm
0,0,0,0.174566124,0.018326418,-0.059496347,0.359311181,-0.047417411,-0.07191476,0.50610831,-0.047373876,-0.084956626,0.616565836,-0.009160732,-0.101314559,0.312412028,-0.463880941,-0.010456886,0.413706239,-0.63582797,-0.014925031,0.462712264,-0.737426823,-0.027740068,0.496548277,-0.827048702,-0.044657528,0.208844446,-0.541859423,-0.018901199,0.259648379,-0.749756927,-0.015026493,0.287403486,-0.860583289,-0.037797784,0.290808401,-0.954801294,-0.061522058,0.098032841,-0.553994252,-0.037202604,0.097738162,-0.751213458,-0.059158172,0.110145954,-0.869962856,-0.095639686,0.105946442,-0.975960292,-0.125745667,-0.017341763,-0.523453736,-0.062869132,-0.085656514,-0.678279945,-0.10460808,-0.126302569,-0.782978862,-0.130912335,-0.155574292,-0.879002891,-0.148732563,open_palm
0,0,0,0.168167262,0.021094374,-0.06712369,0.352556518,-0.046539713,-0.082915333,0.499829942,-0.052397556,-0.097162819,0.613421447,-0.014235834,-0.113933236,0.316430566,-0.470580255,-0.017341144,0.416723732,-0.637037441,-0.02041027,0.466480853,-0.733353644,-0.029857378,0.500362174,-0.817383078,-0.043647899,0.216766644,-0.553832464,-0.020526443,0.266612621,-0.763961548,-0.013966498,0.293219267,-0.869288101,-0.030238348,0.293018845,-0.954267375,-0.04745574,0.111954485,-0.566025336,-0.034389212,0.111284862,-0.763588397,-0.05784991,0.123682291,-0.881576852,-0.094843271,0.118646752,-0.985288301,-0.123003708,0.004690986,-0.533357876,-0.055769446,-0.067907849,-0.687911469,-0.100483645,-0.109368473,-0.79466301,-0.130052236,-0.138265112,-0.891676359,-0.14850769,open_palm
0,0,0,0.169887877,0.012976667,-0.07209701,0.355072999,-0.056381451,-0.087844265,0.499930766,-0.059061116,-0.10140489,0.605164098,-0.016490278,-0.11685984,0.309014994,-0.479688769,-0.014592943,0.40716306,-0.640586837,-0.022881133,0.459325585,-0.731438079,-0.039942592,0.498374586,-0.813632467,-0.059723361,0.210498836,-0.556954491,-0.014872415,0.260296794,-0.758094541,-0.016342581,0.285739036,-0.864807165,-0.042016793,0.291164165,-0.954366051,-0.066399326,0.105272687,-0.565400152,-0.026559194,0.108215967,-0.759238276,-0.049876571,0.120146296,-0.874965436,-0.090134371,0.117072094,-0.976689165,-0.121495688,-0.006275864,-0.526839858,-0.046807587,-0.077275925,-0.683697085,-0.087770735,-0.114377957,-0.7934469,-0.118379724,-0.140453832,-0.893107522,-0.138759735,open_palm
0,0,0,0.169401042,0.012136699,-0.076030937,0.354461294,-0.056810136,-0.096926991,0.498635671,-0.04937446,-0.115015159,0.606729076,-0.005808037,-0.135734394,0.31239891,-0.461118242,-0.037443924,0.405502103,-0.62892785,-0.057951655,0.457456876,-0.721374432,-0.08238192,0.499649416,-0.8054134,-0.10756367,0.214235784,-0.535939786,-0.039935047,0.264067796,-0.741831305,-0.05645702,0.293283222,-0.852486988,-0.09057282,0.303150427,-0.945128212,-0.121788678,0.106562724,-0.543646704,-0.053263588,0.116304599,-0.738801502,-0.091067977,0.128719008,-0.856216985,-0.139451776,0.129123003,-0.963837537,-0.176741648,-0.003316575,-0.502703082,-0.074412543,-0.068359036,-0.654481318,-0.124216587,-0.106413759,-0.761404317,-0.159689745,-0.133283545,-0.862183459,-0.185283243,open_palm
0,0,0,0.181638086,0.029871602,-0.064239294,0.372544765,-0.033420756,-0.073618082,0.516674663,-0.028573758,-0.081223134,0.623905817,0.010644491,-0.0909768,0.332740312,-0.440924543,-0.011788508,0.431355354,-0.61541514,-0.010524886,0.480024557,-0.716042286,-0.020872325,0.522611909,-0.807550177,-0.038927325,0.235787871,-0.52186764,-0.016738755,0.285127788,-0.732193455,-0.014410515,0.320073898,-0.844266052,-0.044863495,0.331941308,-0.940237441,-0.075950793,0.131351392,-0.532361775,-0.030651754,0.130636897,-0.725909213,-0.057388385,0.14393717,-0.844571107,-0.104300675,0.142379499,-0.954164686,-0.142288874,0.024588559,-0.497461011,-0.051364639,-0.036127009,-0.640952003,-0.092636537,-0.079222239,-0.7381924,-0.121670656,-0.112381368,-0.828288322,-0.143840969,open_palm
0,0,0,0.157382448,0.036152212,-0.085015909,0.358638787,-0.034488231,-0.110363346,0.512512347,-0.029974798,-0.128195782,0.619728209,0.007952772,-0.147121143,0.329411303,-0.415156749,-0.043018257,0.420267491,-0.604225116,-0.043813094,0.472501143,-0.721273872,-0.049347337,0.515141014,-0.812970599,-0.063907101,0.235562517,-0.493159761,-0.037617488,0.279393348,-0.699830228,-0.03074252,0.298621682,-0.788828492,-0.045053889,0.307211374,-0.853840635,-0.062148497,0.138990503,-0.506695873,-0.042983993,0.167510672,-0.700118206,-0.059393849,0.200704833,-0.841233749,-0.094060259,0.218536654,-0.96762426,-0.126273603,0.032904987,-0.484715358,-0.057348696,-0.016198763,-0.628811995,-0.098954446,-0.052265102,-0.746672371,-0.127063713,-0.073139474,-0.858926541,-0.147967266,open_palm
0,0,0,0.16828147,0.039196158,-0.077874419,0.362608876,-0.021888831,-0.102351042,0.509895646,-0.023981026,-0.120780054,0.61408307,0.011109043,-0.14331788,0.318741505,-0.402605569,-0.065907649,0.411368372,-0.583456173,-0.085208306,0.457822741,-0.693982985,-0.105819813,0.495865334,-0.791082509,-0.129634384,0.223940798,-0.478053802,-0.070613653,0.259764464,-0.698732878,-0.089879337,0.286136273,-0.828958718,-0.131665126,0.296601847,-0.939614601,-0.170738826,0.122284507,-0.486551738,-0.082068112,0.118508761,-0.680214156,-0.129466612,0.122882098,-0.813485071,-0.185523522,0.114780648,-0.931373593,-0.229100162,0.017974697,-0.453758144,-0.099549286,-0.047938612,-0.58795624,-0.159230654,-0.099114127,-0.684884826,-0.19344338,-0.138021977,-0.773438029,-0.218410043,open_palm
0,0,0,0.158874918,0.040479945,-0.081291406,0.339112463,-0.009471106,-0.106032551,0.488235196,-0.031106577,-0.123376408,0.601236166,-0.021554415,-0.144211219,0.310270283,-0.397525422,-0.060782125,0.406346258,-0.572642021,-0.076426389,0.452060553,-0.681154831,-0.093969519,0.485762544,-0.778686081,-0.114955482,0.216270179,-0.477278553,-0.060863884,0.262578711,-0.706331233,-0.075001797,0.287133768,-0.833104546,-0.11183447,0.298293642,-0.943063274,-0.147148102,0.11628499,-0.487974489,-0.068554399,0.110651612,-0.692860232,-0.114133942,0.110428333,-0.822752672,-0.167643782,0.105431377,-0.939616446,-0.208694504,0.015380963,-0.454507862,-0.082626834,-0.053517967,-0.594447251,-0.142719652,-0.101428702,-0.688478366,-0.178610906,-0.132257569,-0.776485043,-0.204056062,open_palm
0,0,0,0.143543904,0.011807339,-0.087094639,0.298263148,-0.046955751,-0.122238495,0.42893079,-0.071703776,-0.150742162,0.535554166,-0.070356961,-0.18168464,0.260568175,-0.429713358,-0.070437871,0.352861062,-0.602463474,-0.097356072,0.401251747,-0.705070719,-0.121439497,0.43604058,-0.796457267,-0.145193009,0.168524127,-0.506276365,-0.066894385,0.215437625,-0.728465667,-0.08821733,0.24063047,-0.854230302,-0.120110847,0.246282366,-0.957556479,-0.149768438,0.071211851,-0.515455175,-0.073106369,0.067621923,-0.726333576,-0.112716684,0.070118332,-0.860197549,-0.16074475,0.060237739,-0.972334552,-0.199296206,-0.02429006,-0.474592529,-0.087138013,-0.094389494,-0.618556319,-0.140054927,-0.136944798,-0.720257168,-0.178682739,-0.169414473,-0.812942299,-0.206939766,open_palm
0,0,0,0.142778369,0.012151826,-0.092684811,0.295948645,-0.045169371,-0.129829047,0.422329266,-0.069342239,-0.157684835,0.528842003,-0.065001475,-0.187614843,0.258541458,-0.405787522,-0.086067755,0.351869305,-0.583492965,-0.114124955,0.400007745,-0.687496911,-0.136909347,0.43752392,-0.781675847,-0.159915916,0.170962398,-0.482894366,-0.080137309,0.219877012,-0.710716198,-0.102494312,0.248267951,-0.842457435,-0.135484012,0.256222843,-0.952211489,-0.166262246,0.075254892,-0.492633727,-0.083251247,0.071335765,-0.705713861,-0.125700189,0.072868242,-0.843577964,-0.175936642,0.065280218,-0.961139503,-0.215443535,-0.018320213,-0.452615697,-0.093818317,-0.080497165,-0.595647323,-0.148528664,-0.119469361,-0.694900208,-0.186906991,-0.147175746,-0.787059968,-0.214864253,open_palm
0,0,0,0.142875903,0.033394546,-0.089610552,0.303400924,-0.023048287,-0.120187552,0.432464952,-0.043901597,-0.140863827,0.536659422,-0.045697656,-0.163494478,0.277519744,-0.385918708,-0.086582008,0.374105522,-0.556040117,-0.111420241,0.422445965,-0.658978003,-0.13089759,0.462329072,-0.752979239,-0.152443455,0.191046913,-0.469868908,-0.082499605,0.240214669,-0.694420515,-0.106911971,0.276420068,-0.826744738,-0.144172945,0.294260441,-0.938955076,-0.178253072,0.095919585,-0.482842313,-0.086264423,0.091118246,-0.684424334,-0.138998543,0.091925925,-0.821476446,-0.196567836,0.084946346,-0.943205073,-0.238965631,0.002288553,-0.448313582,-0.096130364,-0.063510027,-0.573835316,-0.162192308,-0.108796596,-0.668430007,-0.205269395,-0.141402905,-0.760053325,-0.235053297,open_palm
0,0,0,0.137243153,0.011624504,-0.0885972,0.287271948,-0.047933046,-0.12134521,0.413803677,-0.073659227,-0.144499638,0.516473262,-0.08293409,-0.169129214,0.258017419,-0.401999096,-0.080252172,0.352069775,-0.575555936,-0.104142457,0.399681858,-0.677220651,-0.124892126,0.438875015,-0.771273663,-0.146916328,0.171544363,-0.478369978,-0.073133258,0.219899193,-0.705127726,-0.091519644,0.250999914,-0.837627044,-0.124090472,0.263539579,-0.952094915,-0.155119833,0.076617789,-0.488191529,-0.074303857,0.071871983,-0.700247274,-0.114048594,0.069577788,-0.838143847,-0.163737008,0.060748244,-0.959370657,-0.202433531,-0.015293136,-0.448812932,-0.082320464,-0.073078494,-0.585022808,-0.134426814,-0.109302416,-0.68172672,-0.171731222,-0.134011193,-0.77360141,-0.198629746,open_palm
0,0,0,0.145607426,0.010995045,-0.082737116,0.296042437,-0.053317594,-0.114873939,0.420439131,-0.082054279,-0.139788582,0.523552493,-0.090562827,-0.16678002,0.259604697,-0.415470091,-0.073064095,0.352003793,-0.589403876,-0.098275924,0.398125462,-0.693564113,-0.119590271,0.434643863,-0.788197218,-0.141876195,0.173583683,-0.490980908,-0.070650556,0.217102676,-0.713390037,-0.090300857,0.246474506,-0.843558168,-0.122651989,0.259405151,-0.953454425,-0.153732324,0.079095986,-0.499388877,-0.076839507,0.070297142,-0.709774497,-0.11819059,0.071315726,-0.844034176,-0.169389198,0.062922318,-0.960155359,-0.210236619,-0.013263377,-0.456982391,-0.089698267,-0.080412043,-0.588957771,-0.143914922,-0.122873473,-0.681883633,-0.183313373,-0.156397048,-0.768872889,-0.212565538,open_palm
0,0,0,0.155941289,0.010092874,-0.079154038,0.314631486,-0.049844472,-0.111131966,0.442683343,-0.072787794,-0.137094005,0.548090103,-0.06839519,-0.165981431,0.266281897,-0.406087228,-0.080796868,0.352567724,-0.588190314,-0.112543094,0.395093457,-0.696293966,-0.137302278,0.428491595,-0.790938999,-0.16187204,0.173526085,-0.483069582,-0.083739468,0.213745966,-0.705944576,-0.11641937,0.240051012,-0.838857192,-0.158396787,0.24886348,-0.948535453,-0.195825085,0.07572114,-0.491656574,-0.094158113,0.06609826,-0.69028071,-0.14992342,0.068001517,-0.821008107,-0.209835669,0.060190745,-0.936303362,-0.255082944,-0.020645836,-0.453286844,-0.110140508,-0.093902127,-0.57361206,-0.175070309,-0.145421128,-0.661776965,-0.219616134,-0.187072046,-0.747553514,-0.252203774,open_palm
0,0,0,0.140885442,-0.007140108,-0.091500235,0.271378978,-0.064111483,-0.140277683,0.389187611,-0.085185973,-0.18151781,0.495522605,-0.067315872,-0.225118617,0.221830234,-0.421893148,-0.101096223,0.302513357,-0.60005205,-0.14602996,0.348622899,-0.71050503,-0.178881558,0.384124971,-0.811352891,-0.206708981,0.129382724,-0.492435217,-0.099980515,0.170268178,-0.709741834,-0.1393597,0.193455813,-0.846378173,-0.174091332,0.202107174,-0.958589289,-0.200647114,0.032094613,-0.491368287,-0.107629235,0.022825233,-0.700840731,-0.158646348,0.014750548,-0.841808133,-0.207513043,0.002268205,-0.960555914,-0.241693663,-0.064485159,-0.430357584,-0.122333051,-0.135055477,-0.567602271,-0.179972802,-0.188782058,-0.658422002,-0.215444049,-0.234199229,-0.741052553,-0.237739399,open_palm
0,0,0,0.135094974,-0.00375025,-0.096556489,0.265499267,-0.055912224,-0.149608029,0.383838588,-0.073914434,-0.19429378,0.488342777,-0.058005818,-0.240483798,0.21333014,-0.407977425,-0.110225103,0.29260701,-0.591627604,-0.1593011,0.339181702,-0.709384126,-0.194517901,0.374144893,-0.812207333,-0.222827157,0.11801769,-0.477441022,-0.105637652,0.151517018,-0.694371048,-0.147690611,0.173125406,-0.84082857,-0.182555701,0.180779053,-0.961140694,-0.208632454,0.020645301,-0.477659357,-0.110056316,0.003179345,-0.690434349,-0.16060672,-0.007274135,-0.828529202,-0.208124812,-0.020906047,-0.946410125,-0.241053488,-0.071298234,-0.418447285,-0.122266407,-0.139782836,-0.551060194,-0.178533622,-0.192078658,-0.629384469,-0.213210542,-0.235855054,-0.700483398,-0.234538024,open_palm
0,0,0,0.125407949,-0.005714004,-0.089026855,0.251722588,-0.064155442,-0.136439862,0.358233882,-0.087627928,-0.176780841,0.450017902,-0.084082031,-0.220754206,0.201854104,-0.389822361,-0.115920165,0.274637034,-0.570288823,-0.170661615,0.318765149,-0.67744995,-0.211332379,0.356681668,-0.777185692,-0.244290966,0.115472751,-0.456685268,-0.118665735,0.146914741,-0.687380279,-0.170245194,0.165806438,-0.833614186,-0.217572522,0.166777419,-0.952582357,-0.254503723,0.022778705,-0.453541382,-0.128136407,0.00086743,-0.672868727,-0.191034976,-0.014372997,-0.822932457,-0.245019084,-0.035415615,-0.945292876,-0.283136213,-0.069923944,-0.399018278,-0.143843534,-0.146302779,-0.53677243,-0.207609281,-0.19802136,-0.632652706,-0.244698622,-0.242292953,-0.7190623,-0.269559809,open_palm
0,0,0,0.152993578,0.021367307,-0.072162973,0.314874633,-0.04386976,-0.094946051,0.440352374,-0.090872777,-0.110610154,0.536427727,-0.11307827,-0.130781186,0.267477455,-0.380159743,-0.0860199,0.369057048,-0.546420462,-0.113065099,0.42334885,-0.646775446,-0.133691812,0.471672008,-0.741586289,-0.156751913,0.183393757,-0.459568385,-0.090831735,0.224745876,-0.694742676,-0.121715126,0.254263416,-0.82695771,-0.164111461,0.269531247,-0.94153732,-0.202139512,0.092664352,-0.471815077,-0.100234815,0.07716844,-0.687581232,-0.154984461,0.072536826,-0.831126942,-0.213210625,0.061479999,-0.955000023,-0.257243683,-0.000489793,-0.43752169,-0.114215796,-0.076382142,-0.56836136,-0.177299696,-0.125896783,-0.666366198,-0.218203225,-0.16333071,-0.757471962,-0.247966218,open_palm
0,0,0,0.14200338,0.017753227,-0.091024673,0.300912313,-0.048602691,-0.122535161,0.43508347,-0.101203576,-0.141678227,0.539403673,-0.126345431,-0.162007685,0.264686312,-0.388631447,-0.087629785,0.369809985,-0.540781681,-0.116164242,0.428895225,-0.644955738,-0.141272406,0.478832925,-0.734869478,-0.165960367,0.179821184,-0.465316199,-0.077223935,0.231604064,-0.690049578,-0.09964322,0.266069411,-0.825315627,-0.137649475,0.288612781,-0.941911183,-0.171773065,0.081913736,-0.476334908,-0.073120393,0.084308272,-0.68267582,-0.116718453,0.079850809,-0.818895169,-0.162784832,0.073695116,-0.9344174,-0.196488168,-0.018467415,-0.435390096,-0.075521468,-0.057289489,-0.555806621,-0.1295105,-0.081392043,-0.637962684,-0.160013829,-0.099072198,-0.714690436,-0.179138769,open_palm
0,0,0,0.141786062,0.032940961,-0.094734408,0.306984634,-0.031032665,-0.126342031,0.440862916,-0.085707511,-0.144761275,0.544523374,-0.108232253,-0.16465407,0.268094622,-0.378732697,-0.089811938,0.365698356,-0.543034036,-0.116952911,0.422115224,-0.652001915,-0.142068897,0.469485026,-0.748555431,-0.168264457,0.183638607,-0.455472422,-0.079485881,0.232213687,-0.68175806,-0.103414804,0.268008341,-0.820204896,-0.146657044,0.289260323,-0.939186436,-0.18508729,0.089084531,-0.465157165,-0.075396038,0.089199983,-0.672144624,-0.123090374,0.080140081,-0.808800755,-0.176391262,0.07026268,-0.927350824,-0.215139569,-0.007313277,-0.42390003,-0.077772,-0.047630071,-0.534818341,-0.137647121,-0.078641928,-0.61352963,-0.173631419,-0.10126598,-0.690414172,-0.196886778,open_palm
0,0,0,0.141063771,0.025114183,-0.093935557,0.302791671,-0.047247028,-0.125846852,0.435642354,-0.10440089,-0.145218873,0.538425807,-0.132230632,-0.166173656,0.252114484,-0.391944956,-0.094327286,0.346070177,-0.557645335,-0.123207324,0.401376379,-0.667632432,-0.148647873,0.447469879,-0.768992187,-0.175063238,0.16595138,-0.461798385,-0.085601335,0.213378975,-0.681386091,-0.116993368,0.246454381,-0.821492547,-0.162858577,0.262604018,-0.943555264,-0.201847947,0.070701848,-0.466194084,-0.082673904,0.067674007,-0.6684482,-0.132434666,0.058311101,-0.804018584,-0.184473358,0.047191868,-0.920798163,-0.221315894,-0.023679045,-0.421246939,-0.086230491,-0.063755327,-0.553172462,-0.143894719,-0.089733141,-0.65194893,-0.179096597,-0.107182368,-0.7447472,-0.201991411,open_palm
0,0,0,0.150536493,0.014272209,-0.087521822,0.314097269,-0.06321176,-0.112684823,0.44552379,-0.122939767,-0.127120713,0.545139316,-0.160920999,-0.141641315,0.264929194,-0.415765538,-0.070679518,0.363192253,-0.580809263,-0.091422565,0.412298198,-0.679281678,-0.11160227,0.455235669,-0.775372307,-0.134190048,0.182461998,-0.492032039,-0.061471131,0.232858006,-0.710000013,-0.079233889,0.265061164,-0.835031134,-0.112900678,0.282115308,-0.948421229,-0.14459642,0.089800649,-0.50161294,-0.060820991,0.090886589,-0.714552963,-0.098443417,0.090005599,-0.843795211,-0.147807477,0.082492147,-0.960806098,-0.18624172,-0.003394746,-0.461552802,-0.067194174,-0.052524761,-0.601755353,-0.117328708,-0.082933937,-0.701682352,-0.155249504,-0.104068865,-0.79858705,-0.18267645,open_palm
0,0,0,0.166550956,0.002341058,-0.071505674,0.333415145,-0.08045575,-0.087423833,0.461797453,-0.143984727,-0.097762507,0.566673605,-0.182773074,-0.10997951,0.291159422,-0.435257935,-0.046648899,0.382894675,-0.603202728,-0.061992665,0.428975879,-0.702004043,-0.078554901,0.467355209,-0.792280396,-0.098692739,0.199978715,-0.509385481,-0.048519315,0.243348951,-0.722989747,-0.064798189,0.273707091,-0.845616126,-0.099630582,0.289441686,-0.947966265,-0.132602677,0.098559684,-0.516423331,-0.059205691,0.10046789,-0.71362433,-0.102095133,0.105760931,-0.844512278,-0.158440582,0.103896434,-0.960861045,-0.202157414,-0.005267494,-0.479228021,-0.075249935,-0.0670487,-0.623630104,-0.134966033,-0.109651269,-0.728028008,-0.179741821,-0.139539867,-0.827512716,-0.211925739,open_palm
0,0,0,0.178328163,0.044269576,-0.076471721,0.377735182,-0.045127302,-0.095676636,0.520046852,-0.104585147,-0.106616747,0.626681817,-0.143225776,-0.122152876,0.34386068,-0.382674362,-0.062455156,0.431350912,-0.583856433,-0.078590165,0.473228762,-0.706343671,-0.09867727,0.515458427,-0.807142024,-0.125073883,0.244740028,-0.466196878,-0.065550394,0.278611881,-0.698079173,-0.094093808,0.292164967,-0.82124187,-0.141803643,0.302649687,-0.912220812,-0.183615003,0.142313627,-0.481886493,-0.07534746,0.163468023,-0.69213877,-0.133461954,0.183766446,-0.832590553,-0.204475372,0.198639795,-0.945118143,-0.259410731,0.040405734,-0.453067885,-0.089823208,-0.023460961,-0.581303639,-0.172690496,-0.077543874,-0.683226575,-0.228643997,-0.111866073,-0.76928297,-0.26835982,open_palm
0,0,0,0.163151119,0.069217683,-0.094143756,0.355110162,-0.005974875,-0.120606619,0.499083187,-0.051779348,-0.135200316,0.6070298,-0.076097787,-0.153272743,0.335577352,-0.349896277,-0.066091106,0.418358295,-0.554791577,-0.08042951,0.463038211,-0.676070359,-0.103776554,0.501941928,-0.784206078,-0.132891324,0.239021951,-0.434078312,-0.053870866,0.263921198,-0.678832496,-0.073942925,0.276907249,-0.816444448,-0.120406712,0.284667758,-0.928148232,-0.163973395,0.145713918,-0.463385516,-0.049727331,0.177573323,-0.667608549,-0.091354346,0.215594674,-0.814257973,-0.153741027,0.243762354,-0.947689894,-0.206067416,0.05654803,-0.439169689,-0.052629117,0.017466182,-0.559110666,-0.111934297,-0.009876753,-0.656819407,-0.156200599,-0.024439112,-0.754112195,-0.190867205,open_palm
0,0,0,0.133365169,8.21E-05,-0.087383706,0.272765252,-0.04932796,-0.129032703,0.397589578,-0.085768083,-0.161022484,0.500954657,-0.104910666,-0.194449403,0.226077846,-0.400000532,-0.100086232,0.316057534,-0.57041196,-0.134401883,0.364308377,-0.672336119,-0.159401487,0.402430303,-0.773064857,-0.18185088,0.13222049,-0.474352156,-0.092923874,0.177066879,-0.700383177,-0.123014743,0.205352852,-0.838643853,-0.155359894,0.216913235,-0.958958398,-0.182612813,0.032694007,-0.47456879,-0.091906914,0.006042948,-0.691258448,-0.140808932,-0.005422067,-0.828075707,-0.19014162,-0.024366506,-0.944579491,-0.226417129,-0.059656894,-0.420110947,-0.096575669,-0.091223588,-0.492036155,-0.150941406,-0.110855424,-0.491856438,-0.181894412,-0.138288248,-0.496654223,-0.201996996,open_palm
0,0,0,0.147483333,0.043219198,-0.096875695,0.309158691,0.023094095,-0.140520231,0.447935862,0.00062863,-0.174560686,0.55881648,-0.016125996,-0.212065646,0.265491912,-0.324111491,-0.102300552,0.363804859,-0.501197742,-0.147880012,0.418665606,-0.613987048,-0.186299265,0.466174512,-0.715579813,-0.218701881,0.162067869,-0.404251637,-0.095816884,0.212470219,-0.652470879,-0.137738542,0.247385641,-0.810678614,-0.189923086,0.263498923,-0.936415134,-0.231721848,0.056556926,-0.412106147,-0.096111085,0.0535861,-0.636842612,-0.151581894,0.048400786,-0.795555883,-0.209255718,0.043767609,-0.925459342,-0.250535343,-0.039312198,-0.361868878,-0.103046008,-0.093514539,-0.495537821,-0.161446631,-0.130870384,-0.58879665,-0.198584229,-0.158030825,-0.672121286,-0.223365647,open_palm
0,0,0,0.137903333,0.025786025,-0.097013503,0.285061336,0.000268204,-0.147576365,0.417281702,-0.026728411,-0.188400497,0.525285974,-0.037283698,-0.2299979,0.240731029,-0.362480701,-0.102226023,0.33366692,-0.544579555,-0.149734904,0.381185631,-0.658996132,-0.186487827,0.419808929,-0.767518589,-0.215362683,0.142425873,-0.442809425,-0.092027552,0.18125102,-0.68701146,-0.131099969,0.203422803,-0.8381369,-0.170995102,0.210460293,-0.956618213,-0.201464787,0.043786728,-0.450043827,-0.089569211,0.01651451,-0.665774309,-0.132955447,-0.0036314,-0.812235581,-0.174590309,-0.019915407,-0.93054233,-0.203306137,-0.046021081,-0.398839882,-0.095271199,-0.095005099,-0.542135698,-0.136330038,-0.126020568,-0.642400515,-0.162067436,-0.147220288,-0.73029416,-0.178384136,open_palm
0,0,0,0.145438923,0.026968397,-0.088803405,0.309386249,-0.011379076,-0.126274521,0.447218392,-0.048919444,-0.155529742,0.554943709,-0.065569424,-0.18536966,0.262492387,-0.365222436,-0.071604288,0.351245305,-0.548275395,-0.104990127,0.400372032,-0.661615543,-0.136807088,0.440829987,-0.768188802,-0.164665893,0.163265459,-0.442234017,-0.061612783,0.200266302,-0.684730597,-0.09027343,0.224099712,-0.835907218,-0.129925107,0.231455106,-0.959165834,-0.162571328,0.06927145,-0.455377714,-0.059978636,0.061001048,-0.671947491,-0.094761483,0.058632006,-0.820320679,-0.137180228,0.052571041,-0.943209333,-0.16880556,-0.016419386,-0.417887922,-0.066675087,-0.057891876,-0.575743489,-0.105165993,-0.084446441,-0.691267948,-0.133752284,-0.101594829,-0.793820058,-0.153058142,open_palm
0,0,0,0.214640076,0.173281902,-0.072635711,0.455951374,0.177062453,-0.074356346,0.640464784,0.116282282,-0.076252494,0.769673619,0.086145977,-0.085676936,0.439439387,-0.178695886,-0.00115552,0.542681379,-0.409019969,-0.027275282,0.617221867,-0.54131745,-0.0649415,0.68531348,-0.660098907,-0.096917431,0.36199781,-0.307319975,0.00366078,0.282935178,-0.413372453,-0.106494697,0.145422855,-0.397400268,-0.206226938,0.044253707,-0.413593046,-0.254276957,0.285744076,-0.372829218,0.001839281,0.216038798,-0.520809232,-0.122304394,0.132166811,-0.555983765,-0.210919609,0.065766539,-0.599959575,-0.244006954,0.213510783,-0.406327265,-0.000455685,0.214146916,-0.609440134,-0.082197329,0.20342794,-0.797853236,-0.124756689,0.212855391,-0.966259785,-0.145033135,open_palm
0,0,0,0.154260654,0.079791581,-0.081394064,0.352208052,0.018287958,-0.099495714,0.503875855,-0.012615936,-0.107113576,0.606968078,-0.030601094,-0.118852938,0.333112324,-0.32224812,-0.073706384,0.424028079,-0.514150828,-0.093826803,0.472588417,-0.631777599,-0.114797232,0.513876127,-0.738880474,-0.140845893,0.239499818,-0.41658898,-0.067051076,0.270229943,-0.665104428,-0.093914403,0.294044524,-0.81264612,-0.136084416,0.309952545,-0.934482511,-0.175133827,0.145458825,-0.448382038,-0.066984681,0.175338555,-0.65302446,-0.122352012,0.209970863,-0.787637017,-0.187779582,0.235233424,-0.910813122,-0.239565529,0.055424051,-0.429634017,-0.071579043,0.00562933,-0.516664331,-0.147342761,-0.033806329,-0.57520039,-0.198646667,-0.058395775,-0.636790556,-0.235498937,open_palm
0,0,0,0.150342992,0.056449577,-0.082266653,0.334053157,0.008155687,-0.109958538,0.47634542,-0.01659353,-0.128033416,0.578798743,-0.008328895,-0.149922467,0.317568194,-0.337073572,-0.08989222,0.418987369,-0.50904464,-0.116906263,0.47309021,-0.617778723,-0.138025082,0.519652647,-0.714085111,-0.161554748,0.232680267,-0.427697758,-0.088660795,0.282394725,-0.658151202,-0.112650987,0.312926557,-0.802342922,-0.149729343,0.330954326,-0.925372305,-0.18481161,0.138899826,-0.44980632,-0.093526765,0.160743927,-0.640824626,-0.147566084,0.180882978,-0.776174039,-0.205471637,0.188162251,-0.896112398,-0.249820574,0.04148511,-0.423892183,-0.103543733,-0.014080039,-0.539048452,-0.174829191,-0.063129077,-0.632344105,-0.218116727,-0.100183856,-0.719984343,-0.247999932,open_palm
0,0,0,0.138500267,0.036750166,-0.093034919,0.287446972,0.005336031,-0.136400739,0.414390377,0.000200057,-0.171016688,0.519198604,0.02460895,-0.208422058,0.290820531,-0.349728227,-0.10326179,0.400097358,-0.495971925,-0.149240538,0.464164176,-0.585203699,-0.187183742,0.521528726,-0.66828961,-0.221016056,0.211373778,-0.44465581,-0.104298033,0.279172921,-0.653079471,-0.149589753,0.324564896,-0.78663974,-0.200461996,0.352233344,-0.903959397,-0.242464595,0.113038764,-0.468969369,-0.112895867,0.129677288,-0.676022062,-0.176948953,0.139497735,-0.815650051,-0.23473931,0.139816309,-0.937323509,-0.275934495,0.007846817,-0.437061158,-0.127835017,-0.036615362,-0.580111817,-0.197914195,-0.06696461,-0.683639536,-0.238592952,-0.092321173,-0.780110699,-0.265514455,open_palm
0,0,0,0.142177638,0.080465354,-0.108007755,0.328427545,0.070253462,-0.149714329,0.478525455,0.074401232,-0.176344123,0.591253184,0.100662023,-0.206800714,0.34816361,-0.286560094,-0.120001107,0.478532738,-0.440228011,-0.155297344,0.553159028,-0.540565707,-0.183564029,0.615746209,-0.624470331,-0.21249701,0.269462933,-0.391595894,-0.10930047,0.345810916,-0.623137798,-0.141402977,0.390827073,-0.767393477,-0.18584425,0.416342554,-0.880598671,-0.226284905,0.177064429,-0.427819018,-0.106066783,0.215720992,-0.622967996,-0.166192869,0.25799771,-0.757537972,-0.23071556,0.285710964,-0.869925146,-0.279995023,0.0772872,-0.420493648,-0.109897054,0.035413772,-0.555873966,-0.188183466,0.0036348,-0.658274425,-0.234734197,-0.016430182,-0.746196756,-0.266868012,open_palm
0,0,0,0.141318316,0.083926999,-0.099363395,0.334823189,0.078036249,-0.131312002,0.486259986,0.082658152,-0.150761784,0.594627131,0.113837362,-0.173157641,0.357379835,-0.278922024,-0.105527429,0.494887616,-0.430620819,-0.13925397,0.568139597,-0.526305429,-0.163483757,0.630017514,-0.610897413,-0.187562135,0.285402549,-0.389673806,-0.094700726,0.366228728,-0.619114725,-0.128365278,0.422966181,-0.752153493,-0.171668509,0.458233164,-0.86381113,-0.209410363,0.196541192,-0.433669083,-0.091203067,0.220890147,-0.639425991,-0.153920844,0.244355324,-0.769160923,-0.215166736,0.258878111,-0.88091737,-0.257481695,0.09994212,-0.431436842,-0.093951387,0.05971722,-0.57886437,-0.169679423,0.025147925,-0.683480538,-0.214425347,0.004531495,-0.776358536,-0.242851016,open_palm
0,0,0,-0.138558321,-0.085145751,-0.039034834,-0.251685674,-0.281547437,-0.065850256,-0.313132724,-0.427817363,-0.098468195,-0.37573569,-0.506747336,-0.131911166,-0.11510209,-0.481455267,-0.051552865,-0.130014328,-0.731530839,-0.103914745,-0.135674007,-0.863769962,-0.133002772,-0.1376002,-0.978119063,-0.15604257,-0.013020971,-0.473635418,-0.065314542,-0.081983639,-0.497429348,-0.1576037,-0.08414401,-0.313367656,-0.176657202,-0.061275687,-0.207101729,-0.171470414,0.083320566,-0.444623129,-0.084381272,0.001014254,-0.443593347,-0.161988891,-0.007902264,-0.272286336,-0.140261233,0.013114391,-0.187344411,-0.110090704,0.176518334,-0.395635424,-0.108813163,0.103477998,-0.407046645,-0.153175241,0.079348579,-0.281708146,-0.133214298,0.097478509,-0.219459815,-0.108592904,one
0,0,0,-0.138318051,-0.071784389,-0.055261957,-0.245525486,-0.259567436,-0.088500955,-0.296904367,-0.426623619,-0.124822184,-0.352215204,-0.532151451,-0.158328135,-0.142960051,-0.487503232,-0.054007013,-0.163037204,-0.729366389,-0.112544393,-0.166040828,-0.855452823,-0.142767965,-0.165944762,-0.972117283,-0.165681392,-0.041512407,-0.491478214,-0.061929186,-0.119361071,-0.510879889,-0.161578926,-0.106209873,-0.319671324,-0.179333924,-0.076343449,-0.216637032,-0.169562471,0.054962062,-0.470162799,-0.078413003,-0.031168325,-0.452948477,-0.165037442,-0.023295467,-0.280641615,-0.14294499,0.007549655,-0.208294636,-0.108397078,0.148814546,-0.429369868,-0.101853821,0.069468154,-0.427884245,-0.153313004,0.05757549,-0.306479336,-0.136806174,0.083506166,-0.254744388,-0.111999779,one
0,0,0,-0.135495787,-0.079400922,-0.042300055,-0.239153612,-0.274002172,-0.066480088,-0.276720302,-0.438369244,-0.096487703,-0.31564897,-0.552274294,-0.123485304,-0.147032319,-0.491163981,-0.041154138,-0.166610356,-0.733753722,-0.10144627,-0.172399234,-0.856969502,-0.132890738,-0.170609509,-0.973123904,-0.154668235,-0.049729912,-0.48463914,-0.052691224,-0.121306236,-0.523694948,-0.147122669,-0.107547899,-0.334751391,-0.167088794,-0.077477942,-0.229191776,-0.161661588,0.047436928,-0.462504595,-0.072236988,-0.027369839,-0.477215657,-0.157309612,-0.026802576,-0.297014749,-0.13977925,-0.002924201,-0.205004125,-0.109598142,0.144010885,-0.427956931,-0.097120443,0.078443188,-0.466575167,-0.150367909,0.053156746,-0.334415243,-0.136046102,0.067713123,-0.259017375,-0.113472962,one
0,0,0,-0.129147413,-0.067088417,-0.049785964,-0.236322457,-0.254815732,-0.076195595,-0.272154349,-0.417025544,-0.105358836,-0.284702249,-0.548811517,-0.129643845,-0.139265834,-0.48595276,-0.051171332,-0.174883859,-0.727586889,-0.11429689,-0.191688984,-0.847649416,-0.144894994,-0.195528095,-0.9666998,-0.165106819,-0.044887586,-0.484499389,-0.055554961,-0.130980852,-0.525004273,-0.14370758,-0.126071549,-0.327894124,-0.157798461,-0.089920078,-0.234095646,-0.150148247,0.046507781,-0.468247856,-0.069022051,-0.053475732,-0.47958396,-0.150658769,-0.049999031,-0.291841427,-0.136059292,-0.00781394,-0.215447702,-0.109997947,0.139426006,-0.4417452,-0.087941443,0.044541495,-0.464548436,-0.140159969,0.028194348,-0.329773792,-0.130822658,0.06178622,-0.268882852,-0.112639259,one
0,0,0,-0.133885058,-0.063136918,-0.053038561,-0.247417669,-0.237293782,-0.083009023,-0.272961842,-0.395340311,-0.116004362,-0.259498282,-0.526888138,-0.144831289,-0.163869973,-0.475381498,-0.044216236,-0.214332941,-0.715986352,-0.105496408,-0.242287369,-0.842214438,-0.137800273,-0.252497942,-0.954381204,-0.159377872,-0.069208332,-0.479928878,-0.048519732,-0.151395686,-0.53050045,-0.142570339,-0.137446704,-0.342948432,-0.165040893,-0.101035964,-0.232277393,-0.160575886,0.024699623,-0.472510736,-0.062140042,-0.069438954,-0.490497203,-0.144500922,-0.059989685,-0.310792139,-0.133524216,-0.024313271,-0.213418757,-0.108004664,0.119954307,-0.452365471,-0.081818368,0.025852193,-0.494160622,-0.1363723,0.008363532,-0.361356634,-0.128378486,0.031945376,-0.281579043,-0.109715877,one
0,0,0,-0.140304425,-0.051403998,-0.057541389,-0.260892424,-0.217288547,-0.093140136,-0.28485296,-0.378904488,-0.131836246,-0.239182891,-0.499689138,-0.165716548,-0.181550237,-0.465557911,-0.047435031,-0.222120045,-0.711110964,-0.113444932,-0.242824338,-0.841237727,-0.148309435,-0.251918243,-0.952344056,-0.171982554,-0.084507229,-0.4740654,-0.054185578,-0.150281387,-0.528989533,-0.164812503,-0.126679251,-0.336753274,-0.190861254,-0.091562054,-0.21568172,-0.182816794,0.013722397,-0.471894708,-0.070843066,-0.061959176,-0.491165864,-0.164861627,-0.045929041,-0.310157608,-0.14807177,-0.012506105,-0.212174193,-0.113437359,0.115607462,-0.451959234,-0.094287438,0.037094159,-0.496079006,-0.150898388,0.022976616,-0.366554905,-0.137917172,0.044103167,-0.295678129,-0.114028413,one
0,0,0,-0.142216682,-0.049841795,-0.054608397,-0.264601906,-0.212252444,-0.091208874,-0.284643398,-0.366489026,-0.131011955,-0.238515772,-0.479569107,-0.166297403,-0.182546396,-0.463058653,-0.048157746,-0.223877198,-0.710024561,-0.112846062,-0.247337553,-0.841214765,-0.147354606,-0.257103674,-0.951228341,-0.170476815,-0.08847261,-0.467530579,-0.055312053,-0.154590057,-0.536458257,-0.163227649,-0.136420598,-0.351044375,-0.189296704,-0.102487732,-0.230600721,-0.181896268,0.006846558,-0.465039205,-0.071576271,-0.070245745,-0.499494212,-0.162295262,-0.060713564,-0.322984997,-0.146753524,-0.029549309,-0.220742627,-0.113424468,0.106348235,-0.447245503,-0.09418,0.023964375,-0.502781868,-0.148705005,0.007676949,-0.376685367,-0.136439871,0.028286364,-0.301108678,-0.113177343,one
0,0,0,-0.13542705,-0.044395616,-0.048242925,-0.256555434,-0.192239421,-0.081692775,-0.279426563,-0.325195947,-0.119543851,-0.240466372,-0.414407891,-0.153514728,-0.185502279,-0.467416812,-0.046906289,-0.231311244,-0.708436452,-0.10999302,-0.254999797,-0.838250746,-0.146541844,-0.266635281,-0.948363925,-0.171789096,-0.092348932,-0.473492129,-0.056878008,-0.161166221,-0.529894982,-0.15953762,-0.137941238,-0.346734754,-0.187338263,-0.102879391,-0.227026727,-0.183828161,0.003190736,-0.470456487,-0.074858699,-0.072805785,-0.49781175,-0.158615787,-0.060384441,-0.32580483,-0.143533101,-0.029791299,-0.224053809,-0.113274905,0.102352139,-0.451296035,-0.099052885,0.026154236,-0.502578745,-0.147129903,0.009085345,-0.380255083,-0.132910852,0.026383047,-0.307409061,-0.110088114,one
0,0,0,-0.139085358,-0.044829653,-0.049449486,-0.260998218,-0.183990526,-0.08643322,-0.280470283,-0.317121934,-0.126748915,-0.235907768,-0.405279744,-0.163688973,-0.19175274,-0.46045699,-0.054228913,-0.236383229,-0.70305321,-0.11938103,-0.26312251,-0.832672051,-0.159300354,-0.276808712,-0.942576794,-0.186884789,-0.098348199,-0.465879501,-0.061698727,-0.164660279,-0.523892917,-0.161703576,-0.144898402,-0.339648919,-0.190489332,-0.112577229,-0.215481438,-0.189127555,-0.003521373,-0.465078393,-0.076582737,-0.077154622,-0.496302876,-0.158339244,-0.067044,-0.322849947,-0.145502537,-0.037603232,-0.211842946,-0.117738716,0.095249954,-0.449573907,-0.097373382,0.019200879,-0.503687262,-0.148526279,0.003131346,-0.376954696,-0.136431842,0.022322204,-0.293523464,-0.114237892,one
0,0,0,-0.13519774,-0.042119881,-0.048867889,-0.255876184,-0.185257768,-0.086936571,-0.27728698,-0.316160441,-0.128972294,-0.224501436,-0.400399298,-0.166881215,-0.190887445,-0.455065841,-0.057573098,-0.232720408,-0.697405829,-0.128072045,-0.256297714,-0.825261284,-0.16824631,-0.272334435,-0.941995064,-0.196161296,-0.09584037,-0.462829505,-0.067481827,-0.16300336,-0.516319927,-0.16850523,-0.135042217,-0.324691061,-0.188895038,-0.098002054,-0.222885389,-0.182831354,-0.000274954,-0.461648558,-0.085952378,-0.073395304,-0.494237227,-0.173208155,-0.05956847,-0.306720913,-0.148574499,-0.027531068,-0.215028633,-0.112662805,0.098121385,-0.445667933,-0.110320843,0.025339526,-0.499016304,-0.161725495,0.008559774,-0.362489284,-0.141532465,0.027783252,-0.294840977,-0.114710485,one
0,0,0,-0.137377437,-0.050229492,-0.049262602,-0.257025093,-0.188079338,-0.089682461,-0.2783651,-0.317578019,-0.134405523,-0.231607684,-0.408578549,-0.17568433,-0.190569218,-0.464327342,-0.054032422,-0.234650062,-0.707538784,-0.119267266,-0.258891706,-0.834047615,-0.156750165,-0.270483304,-0.945147797,-0.183124068,-0.099651119,-0.470538885,-0.063757986,-0.168031717,-0.522731376,-0.163417646,-0.145991544,-0.335036085,-0.18811468,-0.109859827,-0.223957931,-0.185148204,-0.008306013,-0.469798799,-0.081535398,-0.085948855,-0.503782771,-0.167358034,-0.074284644,-0.323191213,-0.150338251,-0.040952297,-0.223528432,-0.1200658,0.08608516,-0.454657976,-0.104914361,0.006140973,-0.514912774,-0.15980281,-0.008840669,-0.379534667,-0.145319929,0.012754505,-0.299252681,-0.121828265,one
0,0,0,-0.132947852,-0.041716466,-0.047691059,-0.252247273,-0.17956616,-0.082240566,-0.273855891,-0.308193719,-0.121414311,-0.225716686,-0.397954526,-0.156227803,-0.191901711,-0.45501789,-0.048925252,-0.234479416,-0.697773811,-0.119767618,-0.253490882,-0.827291062,-0.164262485,-0.264789922,-0.944313072,-0.195343592,-0.098510664,-0.46331018,-0.060110819,-0.163677202,-0.508206471,-0.169736784,-0.134315239,-0.323807075,-0.196341904,-0.097557983,-0.216347017,-0.19169297,-0.003237449,-0.46416677,-0.080211069,-0.072691483,-0.497161732,-0.171098053,-0.057223821,-0.318918872,-0.14730413,-0.026184744,-0.219819353,-0.109600797,0.097986483,-0.451212276,-0.106999507,0.031748696,-0.507547477,-0.159840712,0.012748418,-0.377906192,-0.139641932,0.027289504,-0.306307566,-0.111102511,one
0,0,0,-0.135286628,-0.046474802,-0.047324966,-0.253160107,-0.191059647,-0.082512023,-0.275484814,-0.321382549,-0.122837822,-0.225146644,-0.405809123,-0.1590602,-0.193538495,-0.4525513,-0.049562394,-0.23430082,-0.698096044,-0.116872759,-0.25481552,-0.828848353,-0.155465878,-0.268747165,-0.945810948,-0.182254253,-0.102037038,-0.459841089,-0.060280432,-0.164945402,-0.516513232,-0.165782596,-0.13647122,-0.330386754,-0.189184706,-0.102658031,-0.224371457,-0.182663546,-0.007433427,-0.461228323,-0.079434302,-0.075186657,-0.49910149,-0.168859142,-0.060257883,-0.31574556,-0.146234442,-0.030436976,-0.22064228,-0.109576248,0.091848341,-0.448638578,-0.10460911,0.02511556,-0.507660104,-0.156743989,0.010429033,-0.374692803,-0.137891399,0.029698227,-0.305460568,-0.11092771,one
0,0,0,-0.134565319,-0.041416173,-0.053357304,-0.256066141,-0.18809407,-0.092313078,-0.27808138,-0.320924726,-0.135322161,-0.227045307,-0.41273988,-0.173989709,-0.193906047,-0.45663697,-0.055232863,-0.23527598,-0.700895106,-0.123983645,-0.257486378,-0.828753776,-0.163077871,-0.271004217,-0.943634496,-0.190028031,-0.099592987,-0.462327369,-0.064109542,-0.161780373,-0.522325343,-0.168022454,-0.132963744,-0.33282732,-0.191499534,-0.097591547,-0.224739696,-0.185801835,-0.00353818,-0.459604602,-0.081967127,-0.071178889,-0.502987134,-0.17196868,-0.055916688,-0.317155855,-0.150109383,-0.026027569,-0.21813437,-0.114309162,0.095347906,-0.442577634,-0.106051575,0.029537503,-0.512326887,-0.160592468,0.014142968,-0.378805261,-0.141904292,0.030912305,-0.303870719,-0.114916789,one
0,0,0,-0.134565424,-0.05075508,-0.055012775,-0.254685998,-0.200889231,-0.09391729,-0.274164698,-0.339238775,-0.137433291,-0.214430665,-0.420256738,-0.175703386,-0.187876551,-0.45761879,-0.048279708,-0.233890302,-0.702308646,-0.118802516,-0.259151772,-0.828451817,-0.157648871,-0.271546772,-0.944729288,-0.1837088,-0.095364307,-0.461640142,-0.056359682,-0.16251967,-0.523514244,-0.15983147,-0.138499448,-0.332327036,-0.18282567,-0.10315391,-0.230666175,-0.176825842,-0.000838243,-0.458411323,-0.074805647,-0.073512848,-0.50106781,-0.166887224,-0.0602565,-0.315220149,-0.148560248,-0.02871654,-0.22287747,-0.114405045,0.09605604,-0.442741795,-0.099526267,0.02605021,-0.511901297,-0.155812364,0.013451812,-0.379124938,-0.14033785,0.034137425,-0.304716909,-0.115336305,one
0,0,0,-0.129331877,-0.057071674,-0.063850473,-0.247979348,-0.206886941,-0.107533323,-0.275087084,-0.339570993,-0.155773611,-0.216460603,-0.421182189,-0.198832622,-0.181756564,-0.467938476,-0.045104362,-0.228291115,-0.7059471,-0.114908663,-0.255305835,-0.834202413,-0.155133657,-0.26869911,-0.945904499,-0.181839125,-0.088967051,-0.473743306,-0.049889775,-0.161760306,-0.523841994,-0.158448642,-0.141825094,-0.341445562,-0.188620946,-0.108652583,-0.230145352,-0.185377614,0.004101756,-0.469188746,-0.065955287,-0.073580064,-0.499379773,-0.160704743,-0.063315458,-0.324701538,-0.149595808,-0.031695545,-0.229514865,-0.118408636,0.099541351,-0.452893694,-0.089154372,0.022443364,-0.504570911,-0.145602059,0.010184063,-0.376541508,-0.134451331,0.03270021,-0.302515123,-0.111757893,one
0,0,0,-0.133423704,-0.05282515,-0.063629649,-0.254511889,-0.196526688,-0.106217978,-0.28262212,-0.328905611,-0.152649103,-0.230152157,-0.425656257,-0.193720453,-0.186221416,-0.483975965,-0.043515002,-0.225270375,-0.711055919,-0.109083964,-0.250817477,-0.837671093,-0.147938244,-0.264585397,-0.948427728,-0.174583542,-0.091092617,-0.492595283,-0.047648127,-0.161102535,-0.534520391,-0.15033606,-0.140419511,-0.351479521,-0.180219479,-0.108008094,-0.237368279,-0.178076742,0.003471877,-0.487295821,-0.062628226,-0.072626764,-0.506070609,-0.151390828,-0.062036161,-0.330261193,-0.140678228,-0.031919138,-0.230615585,-0.111704101,0.100260453,-0.466543141,-0.085009562,0.023589941,-0.506058907,-0.138897513,0.008952817,-0.380113706,-0.129193164,0.029029824,-0.30515114,-0.108223283,one
0,0,0,-0.123811476,-0.063686659,-0.058462067,-0.247828959,-0.230019117,-0.099460943,-0.269245935,-0.368598154,-0.143301609,-0.205457804,-0.446672628,-0.182891563,-0.144292164,-0.49643529,-0.050255754,-0.202748759,-0.716049681,-0.114782198,-0.236686175,-0.843980612,-0.154298016,-0.248752612,-0.951354556,-0.181787369,-0.052362605,-0.505459835,-0.051797579,-0.144563001,-0.553424372,-0.140298097,-0.139995424,-0.373200283,-0.166576911,-0.105068651,-0.258142661,-0.167343994,0.037979114,-0.495977109,-0.06220004,-0.064679953,-0.503718084,-0.137773093,-0.067349876,-0.335757205,-0.130639701,-0.036025233,-0.237183721,-0.109800324,0.129159876,-0.469405006,-0.079336338,0.033377567,-0.498785682,-0.127678567,0.011152358,-0.37253799,-0.120111269,0.034051038,-0.291720744,-0.102859781,one
0,0,0,-0.134535837,-0.065072649,-0.063404222,-0.255168905,-0.234427854,-0.113635046,-0.266684944,-0.377856662,-0.166304471,-0.197604346,-0.465426049,-0.215625879,-0.148108548,-0.497855162,-0.059503133,-0.198444636,-0.715538461,-0.145652542,-0.239756918,-0.83817743,-0.205853344,-0.26715718,-0.932150527,-0.244381741,-0.042564787,-0.512930593,-0.061751698,-0.112131883,-0.611813821,-0.162342611,-0.115158577,-0.411998402,-0.199410841,-0.093354003,-0.268857583,-0.206122308,0.063582044,-0.506283276,-0.073873306,-0.012990566,-0.563401259,-0.16320684,-0.035949188,-0.372049524,-0.15790835,-0.02149566,-0.243859138,-0.134796441,0.176958227,-0.470041914,-0.092275926,0.110136168,-0.537195794,-0.149758686,0.065231896,-0.396780904,-0.137439691,0.065121216,-0.289571652,-0.114027004,one
0,0,0,-0.136283919,-0.044498921,-0.057441749,-0.251723162,-0.207253076,-0.092552663,-0.249880974,-0.367725532,-0.128122532,-0.165001111,-0.424592574,-0.159909871,-0.173557746,-0.461513855,-0.048294267,-0.197984618,-0.707421795,-0.110550065,-0.207246446,-0.85004906,-0.148345192,-0.208954483,-0.962010806,-0.175707803,-0.070682762,-0.456201365,-0.052011713,-0.090485943,-0.563014585,-0.154914192,-0.090174465,-0.383075201,-0.176385794,-0.085014117,-0.248342398,-0.165225547,0.031513395,-0.433607841,-0.064793567,0.005500404,-0.510405327,-0.155229036,-0.00984649,-0.346346563,-0.135381421,-0.008795074,-0.232324132,-0.096913977,0.135294285,-0.396141628,-0.083485451,0.105058049,-0.487880985,-0.143028655,0.072340891,-0.375022944,-0.129345531,0.066221028,-0.286996645,-0.103869889,one
0,0,0,-0.128461411,-0.078444334,-0.058878531,-0.225846715,-0.239368362,-0.101009787,-0.219302822,-0.390807765,-0.145113706,-0.134549185,-0.437076178,-0.184605579,-0.137383163,-0.484946367,-0.052449419,-0.125742111,-0.729520254,-0.121640186,-0.115356403,-0.862624955,-0.164165966,-0.099905092,-0.97589768,-0.194017245,-0.042735505,-0.465926042,-0.054680451,-0.062250257,-0.565153633,-0.156244284,-0.06808211,-0.376048632,-0.179189509,-0.0679461,-0.25156798,-0.172381682,0.052431677,-0.436354743,-0.066358483,0.03171349,-0.518370831,-0.15364837,0.007143605,-0.344839452,-0.131790141,0.000168005,-0.234124871,-0.093946087,0.148255911,-0.391362466,-0.084737976,0.132665949,-0.490449743,-0.138400498,0.094211793,-0.374473374,-0.121209177,0.081286042,-0.293039776,-0.094354279,one
0,0,0,-0.124159537,-0.076770382,-0.062912369,-0.222115383,-0.243530518,-0.107922927,-0.212878178,-0.388779464,-0.154890876,-0.131579526,-0.439017886,-0.197903314,-0.12943277,-0.495418781,-0.06064659,-0.107466641,-0.737741474,-0.130205232,-0.09194039,-0.867482607,-0.171671648,-0.068430243,-0.977235978,-0.200816198,-0.030943145,-0.475187801,-0.062640399,-0.052970213,-0.561383292,-0.167678111,-0.065866695,-0.376361495,-0.191703341,-0.067633927,-0.249076851,-0.18508764,0.065139339,-0.440876282,-0.074203461,0.03762942,-0.508506395,-0.164286823,0.00992475,-0.338053921,-0.145505615,0.001663157,-0.224414341,-0.109525511,0.160287685,-0.39004549,-0.092736065,0.133916729,-0.472464912,-0.148968247,0.093709285,-0.36158813,-0.135969768,0.080667351,-0.281885533,-0.111916183,one
0,0,0,-0.128097327,-0.09015513,-0.061119541,-0.220952295,-0.263643325,-0.099143732,-0.202738239,-0.408180801,-0.137858715,-0.124689586,-0.449283321,-0.171904383,-0.113979926,-0.503701257,-0.056567662,-0.086796434,-0.743777748,-0.12689157,-0.068319408,-0.873899644,-0.170559855,-0.043582802,-0.978662382,-0.200799605,-0.017425144,-0.479835623,-0.055838725,-0.040228591,-0.556674859,-0.158181199,-0.060970065,-0.376138269,-0.182437186,-0.066863718,-0.255186472,-0.177142601,0.077619465,-0.442148764,-0.065006749,0.043944816,-0.500371378,-0.152159568,0.01175286,-0.338052469,-0.136425544,0.00165807,-0.229411152,-0.103740732,0.169216163,-0.387640371,-0.081228231,0.133368285,-0.453122158,-0.140189704,0.089856855,-0.344502215,-0.132681611,0.078381469,-0.264838048,-0.111955201,one
0,0,0,-0.120685377,-0.07607098,-0.064553791,-0.216295193,-0.241189792,-0.11239842,-0.210026066,-0.386098772,-0.160116807,-0.130690168,-0.433283977,-0.202116113,-0.125813377,-0.491713191,-0.068011312,-0.122505392,-0.743558772,-0.138325866,-0.115825131,-0.868259009,-0.181288375,-0.101130656,-0.972067357,-0.211796233,-0.027196611,-0.465009638,-0.069997481,-0.047127815,-0.541866486,-0.172953507,-0.061126524,-0.351949985,-0.195124795,-0.067069986,-0.231772606,-0.189681814,0.068181188,-0.422944965,-0.081277241,0.046297982,-0.486854364,-0.168811849,0.013813398,-0.316541936,-0.142806674,-0.001010794,-0.210769247,-0.104913937,0.161376671,-0.363642994,-0.099938794,0.140703279,-0.439847851,-0.15541976,0.093133177,-0.324896044,-0.136480843,0.073246788,-0.24822271,-0.109355543,one
0,0,0,-0.121771527,-0.060785107,-0.059318379,-0.223755108,-0.226531832,-0.103102824,-0.215285152,-0.369727319,-0.147012806,-0.140474523,-0.448567174,-0.185341754,-0.154566714,-0.496310062,-0.069702195,-0.211840166,-0.700077894,-0.151525186,-0.25412314,-0.819305879,-0.205908479,-0.281999603,-0.928173977,-0.242835936,-0.045644568,-0.489812527,-0.070811673,-0.083966878,-0.539475231,-0.158607625,-0.0791132,-0.329049842,-0.177289445,-0.05995813,-0.22464375,-0.176511906,0.058074105,-0.459573009,-0.080841671,0.017943588,-0.48401278,-0.158913447,-0.007121667,-0.300832013,-0.132947098,-0.004603142,-0.217015151,-0.100715911,0.157421781,-0.412407734,-0.097440121,0.122230047,-0.449781901,-0.144190701,0.075483174,-0.318830595,-0.119825138,0.065380856,-0.250331063,-0.091654443,one
0,0,0,-0.116051358,-0.052352494,-0.073759512,-0.227668092,-0.212107537,-0.125184105,-0.240638452,-0.368382108,-0.175863297,-0.164638521,-0.455417274,-0.22021171,-0.179711353,-0.489204233,-0.067054033,-0.247397529,-0.688695853,-0.151725057,-0.292545445,-0.807231897,-0.204371301,-0.324758971,-0.914972943,-0.239491388,-0.070374676,-0.492689325,-0.06456783,-0.116650071,-0.550095,-0.166430682,-0.100985956,-0.340658476,-0.188659437,-0.077944298,-0.236345623,-0.183710509,0.035814954,-0.470935426,-0.073584657,-0.012636575,-0.497007977,-0.163618518,-0.025564804,-0.309155651,-0.140553564,-0.014857285,-0.227535719,-0.104854788,0.137375612,-0.428963733,-0.090580089,0.086574897,-0.4537237,-0.144901866,0.056434397,-0.322580482,-0.127312433,0.060657914,-0.26170693,-0.101512228,one
0,0,0,-0.120284435,-0.058669172,-0.075589964,-0.215720366,-0.208054244,-0.131997196,-0.220494031,-0.348441074,-0.186888212,-0.143899852,-0.406520473,-0.235890191,-0.137988623,-0.470943306,-0.084876522,-0.128386506,-0.724222898,-0.163651459,-0.118630519,-0.854597136,-0.207832776,-0.103056743,-0.965850362,-0.237723337,-0.039169127,-0.453823712,-0.084093534,-0.064532317,-0.515518313,-0.194785,-0.07195418,-0.317003168,-0.21206029,-0.069172409,-0.204244671,-0.200876083,0.057136114,-0.416956253,-0.094202253,0.032655919,-0.471048166,-0.188935853,0.010774959,-0.294152014,-0.158423201,0.007220972,-0.201075821,-0.115714143,0.151065157,-0.363507652,-0.11245918,0.129857378,-0.430786139,-0.171219643,0.089129672,-0.308021292,-0.149457588,0.077857687,-0.238925587,-0.119173914,one
0,0,0,-0.124274676,-0.075625392,-0.081420842,-0.208269748,-0.226856387,-0.138969276,-0.185477035,-0.345598986,-0.192719924,-0.112813895,-0.404673775,-0.241478294,-0.098470151,-0.488852816,-0.091450584,-0.070186744,-0.736048244,-0.164579306,-0.048495043,-0.865574753,-0.206763905,-0.025091465,-0.971545837,-0.2355188,0.001660418,-0.453379714,-0.08737863,-0.01244103,-0.522544781,-0.194905955,-0.047680285,-0.341381346,-0.215195752,-0.062438456,-0.228660926,-0.206080257,0.096178582,-0.405761053,-0.093916872,0.070752656,-0.456681124,-0.186461752,0.024821159,-0.291057185,-0.162085493,0.011561395,-0.198702373,-0.123572015,0.19188414,-0.343444128,-0.108496473,0.166259517,-0.408305534,-0.165167717,0.115656783,-0.292183046,-0.145890574,0.102373887,-0.225247472,-0.117553754,one
0,0,0,-0.178985204,-0.120477939,-0.084914288,-0.309849816,-0.387353726,-0.169706551,-0.397960041,-0.625396817,-0.256289794,-0.442107443,-0.82949045,-0.341301337,-0.147094577,-0.4995867,-0.159122512,-0.294680994,-0.547846577,-0.289781938,-0.355743304,-0.400984688,-0.368179128,-0.355244497,-0.350152122,-0.407275593,-0.006214599,-0.480183091,-0.172490819,-0.142900783,-0.456467009,-0.296472291,-0.153957574,-0.185634415,-0.32972161,-0.114092253,-0.043372912,-0.338604781,0.142808049,-0.445561736,-0.194249605,-0.015279569,-0.439236686,-0.299043033,-0.045190754,-0.181585245,-0.29437619,-0.015191579,-0.04295483,-0.275968677,0.292442327,-0.393590712,-0.224973567,0.156860651,-0.44467042,-0.282122194,0.111660631,-0.266683351,-0.260455716,0.127283561,-0.144732042,-0.233819841,one
0,0,0,-0.121629251,-0.054622883,-0.074917078,-0.226743376,-0.152010443,-0.140031343,-0.239093769,-0.206964752,-0.201286754,-0.188175503,-0.227511018,-0.257525007,-0.142745171,-0.399469628,-0.16773507,-0.12625655,-0.659782218,-0.271591283,-0.110059879,-0.798543179,-0.327140295,-0.090883644,-0.927225675,-0.363308011,-0.015550671,-0.396590869,-0.16248987,-0.078559857,-0.335307294,-0.267427801,-0.102227809,-0.133553539,-0.268798725,-0.096177982,-0.056971361,-0.259401675,0.092653019,-0.345781172,-0.164437126,0.024449637,-0.264950919,-0.264077999,-0.006777942,-0.092199747,-0.231261643,-0.003881514,-0.035212964,-0.195007011,0.197858146,-0.281596266,-0.172811849,0.141138547,-0.217806824,-0.243000583,0.098200957,-0.095571406,-0.226229228,0.094916214,-0.054002723,-0.201338805,one
0,0,0,-0.17962806,-0.133371534,-0.07779371,-0.363275604,-0.340567643,-0.165436381,-0.502147281,-0.454617695,-0.263964774,-0.587172691,-0.53854118,-0.36514342,-0.192896978,-0.735798333,-0.128699816,-0.385912584,-0.844456417,-0.262387579,-0.537700091,-0.753926731,-0.361100538,-0.644425005,-0.644210236,-0.411958231,-0.033716998,-0.72828784,-0.150211519,-0.293043648,-0.694380746,-0.262847018,-0.371308253,-0.472697719,-0.313313642,-0.384019889,-0.308553001,-0.336125554,0.12237611,-0.662215874,-0.180896204,-0.137607854,-0.568996404,-0.281648957,-0.170730742,-0.317286233,-0.284538562,-0.145679884,-0.156943435,-0.271316013,0.273344162,-0.567637533,-0.220617695,0.065791684,-0.502017471,-0.275597609,0.018364438,-0.296121647,-0.245274474,0.029669315,-0.154014693,-0.208413113,one
0,0,0,-0.213517399,-0.157344318,-0.097384135,-0.386292471,-0.448108987,-0.189880295,-0.469410994,-0.641476515,-0.287821335,-0.478909468,-0.776073432,-0.376962327,-0.211697705,-0.766900887,-0.170467459,-0.377934456,-0.860082719,-0.342670779,-0.458685719,-0.692340234,-0.430857823,-0.489674969,-0.650302134,-0.468345069,-0.013348314,-0.725995399,-0.189250866,-0.182444851,-0.594905026,-0.361968493,-0.180191402,-0.20499171,-0.390328547,-0.12211582,-0.057632505,-0.380700514,0.183808616,-0.641684318,-0.222457191,-0.021339682,-0.482549053,-0.387600281,-0.027725633,-0.108299803,-0.361578937,0.038296086,0.031761592,-0.310281929,0.383578186,-0.526713841,-0.26476071,0.211315066,-0.425746972,-0.357216607,0.160994106,-0.14775558,-0.317618199,0.190566218,-0.020037728,-0.26416448,one
0,0,0,-0.1075675,-0.060223881,-0.059929877,-0.205725542,-0.191443099,-0.116905544,-0.221130686,-0.264269458,-0.175793051,-0.193125108,-0.297257749,-0.235683636,-0.113447526,-0.426377734,-0.121177768,-0.117816442,-0.673091964,-0.208628253,-0.118275992,-0.823667818,-0.26484963,-0.116487097,-0.945435104,-0.304274911,-0.003008163,-0.415626019,-0.128452684,-0.075411165,-0.412893945,-0.241313297,-0.108127156,-0.209354381,-0.268981866,-0.114234016,-0.071211602,-0.270284314,0.098101109,-0.369891174,-0.140545335,0.010077495,-0.345500127,-0.23283807,-0.018385788,-0.166294777,-0.216432315,-0.016734739,-0.050688493,-0.189355035,0.197568006,-0.305294838,-0.158559353,0.114189447,-0.297908038,-0.219620848,0.072064995,-0.169619111,-0.205005982,0.076888126,-0.085487564,-0.181276803,one
0,0,0,-0.295215791,-0.072697547,-0.092311727,-0.549693458,-0.232053035,-0.223355076,-0.71423678,-0.327825099,-0.350672901,-0.767919991,-0.428535628,-0.476084133,-0.45715344,-0.300903633,-0.355244643,-0.648868521,-0.249986163,-0.523629876,-0.688459184,-0.001721132,-0.601265659,-0.663786541,0.083165179,-0.646432684,-0.271191293,-0.267743239,-0.383244654,-0.410099018,-0.211736963,-0.53007804,-0.44040472,0.168703805,-0.531577602,-0.402608852,0.290922922,-0.542346373,-0.03666914,-0.249593754,-0.40778329,-0.197990147,-0.225023034,-0.534700715,-0.260268014,0.142016302,-0.482963969,-0.241106003,0.285116245,-0.454149577,0.199376782,-0.214626287,-0.440591235,0.050547763,-0.174860962,-0.512295425,-0.026187379,0.065023106,-0.46225294,-0.034382792,0.17081665,-0.432303366,one
0,0,0,-0.124510308,-0.068136347,-0.065285326,-0.230270637,-0.226970862,-0.113893669,-0.235021837,-0.345648017,-0.162846904,-0.158534164,-0.390035763,-0.207687128,-0.14117703,-0.496559932,-0.077911882,-0.182827576,-0.710456482,-0.154278412,-0.209270271,-0.834496887,-0.203097317,-0.228626738,-0.944263012,-0.236848431,-0.025679618,-0.491234719,-0.080599585,-0.073769625,-0.481424612,-0.17893468,-0.075959099,-0.272976896,-0.202673704,-0.063290861,-0.158996353,-0.200517962,0.080735911,-0.451154241,-0.091532811,0.020096757,-0.424384013,-0.177464719,-0.000884545,-0.242884869,-0.154031417,0.005481399,-0.156368105,-0.119176213,0.18219745,-0.390187374,-0.109363572,0.124471912,-0.393342491,-0.157651346,0.089240911,-0.265323697,-0.132695736,0.093060513,-0.2064234,-0.101645523,one
0,0,0,-0.190029417,-0.188503171,-0.051212031,-0.324489473,-0.496212185,-0.118866055,-0.368702695,-0.707227014,-0.202027632,-0.390332759,-0.876337822,-0.282262926,-0.138854876,-0.72396165,-0.135613439,-0.312011144,-0.768436554,-0.285855245,-0.381194281,-0.539716979,-0.37749511,-0.379745067,-0.411083108,-0.421129858,0.041813419,-0.666140289,-0.175773255,-0.09549684,-0.580926664,-0.327160542,-0.142154227,-0.189819404,-0.3729081,-0.140455337,0.015621945,-0.385389273,0.229238552,-0.573235729,-0.223082431,0.100292376,-0.514306477,-0.352423086,0.032213998,-0.167065584,-0.348244255,0.029038755,0.028914334,-0.322622982,0.420750167,-0.450867586,-0.276287217,0.365017034,-0.504507481,-0.334137387,0.284513457,-0.360346233,-0.296635258,0.251660861,-0.278539575,-0.256733665,one
0,0,0,-0.117570083,-0.075920996,-0.064013678,-0.215721215,-0.223622454,-0.111205246,-0.222414734,-0.357156829,-0.161390716,-0.153077719,-0.441451817,-0.207000227,-0.150885366,-0.508853756,-0.053698947,-0.207355251,-0.71476288,-0.133246969,-0.243096496,-0.83209474,-0.183404951,-0.270964001,-0.937876407,-0.216717223,-0.037927046,-0.506324071,-0.062669492,-0.095400667,-0.541081237,-0.178144848,-0.089774787,-0.327888414,-0.207714639,-0.070436536,-0.200237474,-0.20131981,0.071811469,-0.474647689,-0.082303986,0.004755813,-0.481340423,-0.18505661,-0.009382064,-0.288312085,-0.162343165,0.003110037,-0.196440409,-0.120556811,0.176734005,-0.422301403,-0.108726973,0.112761116,-0.4435428,-0.163283746,0.085677165,-0.313837604,-0.137594383,0.097872584,-0.257579271,-0.103574896,one
0,0,0,-0.164035102,-0.128804746,-0.061122753,-0.306289023,-0.450640498,-0.134446947,-0.362194719,-0.665916849,-0.225894433,-0.388740343,-0.798969238,-0.311061448,-0.130112371,-0.79701765,-0.106903242,-0.313153308,-0.910320344,-0.270650839,-0.413382239,-0.657082271,-0.372377788,-0.427309709,-0.503831245,-0.421935329,0.024856218,-0.774851705,-0.144111552,-0.16119548,-0.738703266,-0.318559322,-0.207017678,-0.316771814,-0.378167004,-0.199724051,-0.085464867,-0.388795735,0.194435941,-0.703523158,-0.192717216,-0.009895245,-0.682316588,-0.335211044,-0.03877742,-0.289340543,-0.33742531,-0.011366845,-0.064302077,-0.311650312,0.369036617,-0.596884556,-0.249528397,0.201199134,-0.599662986,-0.330840818,0.15472601,-0.35598564,-0.313855573,0.174824152,-0.197539535,-0.280561482,one
0,0,0,-0.122850872,-0.060048762,-0.085783204,-0.227558756,-0.20475356,-0.146947479,-0.243936189,-0.34028078,-0.206757041,-0.183711782,-0.419316927,-0.261990488,-0.10801665,-0.495586994,-0.092162855,-0.087388195,-0.738888539,-0.164079976,-0.069200226,-0.866524894,-0.201698913,-0.048886956,-0.972582082,-0.227363494,-0.004026726,-0.480624662,-0.087933702,-0.058732542,-0.503686634,-0.2011145,-0.069659969,-0.308419006,-0.224364034,-0.062994762,-0.1860131,-0.215060972,0.092514327,-0.443194856,-0.094438837,0.027581153,-0.445721632,-0.19321828,0.00765537,-0.2700186,-0.173834312,0.013010491,-0.174933912,-0.136871545,0.185315075,-0.389983787,-0.109736903,0.123751865,-0.406900236,-0.171697394,0.097575126,-0.286249849,-0.159355794,0.1055862,-0.224984212,-0.13388031,one
0,0,0,-0.257340297,-0.07149197,-0.113918989,-0.506677195,-0.240542655,-0.260791075,-0.665536445,-0.328696009,-0.412787986,-0.742326271,-0.36475566,-0.562054282,-0.321904353,-0.490172916,-0.287573482,-0.621643989,-0.47120032,-0.484432837,-0.742895149,-0.172970562,-0.59545424,-0.745457077,0.050416091,-0.647969254,-0.156565343,-0.465848914,-0.316405793,-0.409654656,-0.418710378,-0.516438806,-0.483091848,-0.016642308,-0.570021675,-0.487519696,0.227843932,-0.584619395,0.03917506,-0.418630258,-0.349543659,-0.212176416,-0.418694299,-0.53073577,-0.277562927,-0.006792473,-0.526065042,-0.274900441,0.260335798,-0.49353114,0.246748127,-0.338330011,-0.391480945,0.05987432,-0.380173279,-0.504313186,-0.018518856,-0.125136019,-0.474759899,-0.040317176,0.062190438,-0.431249375,one
0,0,0,-0.126352519,-0.055755754,-0.067877712,-0.237420496,-0.213858824,-0.113222708,-0.245559639,-0.35336913,-0.159045828,-0.178042808,-0.422867656,-0.199343803,-0.145621302,-0.490925165,-0.0636897,-0.169541768,-0.724547455,-0.129461421,-0.187182859,-0.854148421,-0.167687193,-0.196265827,-0.961123829,-0.194218201,-0.039099281,-0.485878687,-0.065705897,-0.087676645,-0.521913046,-0.170201455,-0.085031754,-0.335955279,-0.197768701,-0.070104456,-0.212407313,-0.192630162,0.062106996,-0.45809417,-0.076967718,0.003459216,-0.468978911,-0.16560745,-0.008130701,-0.304727198,-0.150507439,0.00262746,-0.208620788,-0.117803913,0.160795189,-0.413288774,-0.095864104,0.103895566,-0.44254707,-0.14793501,0.07836201,-0.331442405,-0.134669158,0.085301888,-0.266152031,-0.110624611,one
0,0,0,-0.133726597,-0.090585713,-0.068267621,-0.230719035,-0.256407287,-0.114656269,-0.219772959,-0.388317672,-0.163044311,-0.144030357,-0.460155842,-0.205191683,-0.115953431,-0.527573131,-0.052264481,-0.116485492,-0.747873539,-0.118359276,-0.122335416,-0.873963594,-0.15545933,-0.122379998,-0.976059968,-0.179805661,-0.011421543,-0.520152344,-0.054736117,-0.060829591,-0.556347428,-0.159847062,-0.063153938,-0.374030018,-0.187819329,-0.046271079,-0.251746199,-0.181990615,0.085693594,-0.493550871,-0.067981131,0.025103394,-0.495783458,-0.152328138,0.00691563,-0.339618141,-0.138485901,0.017330318,-0.251515407,-0.107025109,0.180392433,-0.448002962,-0.089812228,0.11526,-0.460517114,-0.131420874,0.08513708,-0.354384481,-0.117808732,0.08955085,-0.2960678,-0.095012198,one
0,0,0,-0.137123221,-0.073710787,-0.059640425,-0.246822979,-0.225567238,-0.103778423,-0.266810961,-0.374127551,-0.154316976,-0.209094417,-0.467847458,-0.200228205,-0.152639391,-0.509466995,-0.032825142,-0.161069864,-0.7463626,-0.095382819,-0.170050874,-0.870763656,-0.130014112,-0.167478816,-0.973895873,-0.153224264,-0.060972712,-0.501554396,-0.040743731,-0.124260906,-0.584130329,-0.150989061,-0.121287456,-0.399522523,-0.179365564,-0.09834137,-0.262739079,-0.171342667,0.033094,-0.485197271,-0.059653151,-0.037325989,-0.536986871,-0.150522597,-0.044787893,-0.361093323,-0.136029851,-0.023895091,-0.248309086,-0.101604925,0.130391469,-0.452898466,-0.086126709,0.053439862,-0.516755467,-0.133032592,0.031348,-0.401224673,-0.119743166,0.048916386,-0.325078211,-0.096758824,one
0,0,0,-0.146088504,-0.052378924,-0.048584047,-0.265365272,-0.213968037,-0.079178324,-0.29069071,-0.369111253,-0.116112046,-0.235179568,-0.457200246,-0.150185989,-0.171642522,-0.48600289,-0.022166299,-0.188877664,-0.722001811,-0.077708934,-0.196346546,-0.856531814,-0.111959656,-0.194762833,-0.971329569,-0.136331605,-0.086514942,-0.485917917,-0.03076806,-0.1458993,-0.602494412,-0.129585804,-0.134700544,-0.421564032,-0.157934258,-0.109819427,-0.280860521,-0.151034014,0.006595659,-0.478177836,-0.048105471,-0.054604499,-0.569781425,-0.136475353,-0.054503908,-0.389187231,-0.12340735,-0.032946199,-0.257855889,-0.088070014,0.106704879,-0.455066658,-0.071067182,0.052696116,-0.579983073,-0.124437994,0.023174379,-0.461081735,-0.108959124,0.025755729,-0.359038256,-0.081618805,one
0,0,0,-0.145304845,-0.061537341,-0.052630835,-0.266655441,-0.21903841,-0.087733864,-0.293072515,-0.371202726,-0.129147329,-0.226848992,-0.454907354,-0.167007078,-0.165209904,-0.491196062,-0.022611038,-0.183147806,-0.723753911,-0.079214284,-0.192989257,-0.857580484,-0.113976453,-0.191307774,-0.971620799,-0.139119946,-0.079078297,-0.491220131,-0.030853203,-0.141822628,-0.60752306,-0.13188175,-0.13642699,-0.424609252,-0.162957309,-0.115882429,-0.281635044,-0.157868808,0.013942577,-0.481229181,-0.048395907,-0.052266531,-0.57196363,-0.137720549,-0.055151078,-0.387742373,-0.126636648,-0.03489837,-0.256084069,-0.092855435,0.113500307,-0.452531474,-0.071962888,0.053828506,-0.572959468,-0.12534553,0.025392211,-0.454148473,-0.111563022,0.030540015,-0.354562813,-0.085785039,one
0,0,0,-0.141510108,-0.049011996,-0.048749577,-0.263207005,-0.206664242,-0.078826076,-0.291028963,-0.358027727,-0.114981614,-0.231625833,-0.44478323,-0.148033313,-0.171143372,-0.492976761,-0.01739162,-0.188830673,-0.724423638,-0.073753446,-0.194339699,-0.857328481,-0.109688532,-0.190317074,-0.972259529,-0.135980956,-0.080226481,-0.493106494,-0.025897514,-0.143780442,-0.589778587,-0.127032493,-0.135071327,-0.401104294,-0.156706736,-0.112326332,-0.263292222,-0.150281532,0.015257726,-0.483184944,-0.04382046,-0.053578674,-0.553102836,-0.135522819,-0.055887864,-0.368503315,-0.123533301,-0.035626819,-0.244359036,-0.088009077,0.114718514,-0.456772883,-0.067119253,0.048895617,-0.554477883,-0.122763438,0.022546261,-0.431175344,-0.109279467,0.031537419,-0.338327969,-0.082861245,one
0,0,0,-0.159638799,-0.062484602,-0.037434329,-0.283236794,-0.234855404,-0.060056573,-0.295161302,-0.397079016,-0.092474284,-0.249587516,-0.46851143,-0.122360689,-0.183756668,-0.524500735,0.001113012,-0.209289885,-0.752472749,-0.041484776,-0.222139668,-0.875918621,-0.067066814,-0.222479832,-0.971111307,-0.086287621,-0.090436107,-0.531142616,-0.011018925,-0.166956868,-0.591912756,-0.098767715,-0.15705107,-0.416485261,-0.128323818,-0.129329062,-0.276483313,-0.125956884,0.004295486,-0.526242485,-0.031545961,-0.086307438,-0.548264971,-0.104627742,-0.081461007,-0.384871718,-0.102738737,-0.052275432,-0.26367242,-0.081524059,0.099995561,-0.503241139,-0.057697124,0.003042932,-0.544501829,-0.095944462,-0.012637254,-0.432572315,-0.090496018,0.00999495,-0.347305368,-0.075488499,one
0,0,0,-0.157314307,-0.044275823,-0.02660328,-0.27443112,-0.203805635,-0.03954037,-0.295497356,-0.369479218,-0.062759701,-0.243338589,-0.416612021,-0.084540783,-0.193648209,-0.490448173,0.005178676,-0.221968537,-0.720292786,-0.043937984,-0.234408599,-0.857281574,-0.076688039,-0.241438459,-0.965218698,-0.10030122,-0.097316883,-0.505932587,-0.009902117,-0.163385418,-0.566531107,-0.10355596,-0.146676808,-0.395143452,-0.127054177,-0.119000468,-0.263136509,-0.117147315,-0.000883912,-0.511956171,-0.032764057,-0.075336967,-0.53552274,-0.105997512,-0.068477611,-0.378754072,-0.08965755,-0.043377892,-0.26879518,-0.055452232,0.100052002,-0.500148927,-0.061298107,0.022352257,-0.535903179,-0.092539355,0.003985285,-0.440348034,-0.075094691,0.018397465,-0.374263749,-0.049800197,one
0,0,0,-0.158080862,-0.01943986,-0.032723984,-0.297512337,-0.170078574,-0.050561196,-0.326065254,-0.337022361,-0.076717939,-0.26353449,-0.393343534,-0.100947743,-0.214288874,-0.477613694,-0.005613595,-0.25395879,-0.700445811,-0.055227417,-0.276117982,-0.835509232,-0.088488676,-0.292900041,-0.94923795,-0.114703449,-0.117670503,-0.496440893,-0.018466476,-0.1944512,-0.548118878,-0.113570523,-0.166363871,-0.364554244,-0.138599686,-0.129945202,-0.233339653,-0.130397042,-0.021242053,-0.505697216,-0.038908611,-0.101602767,-0.524033494,-0.115379214,-0.080038645,-0.355408797,-0.099273383,-0.044123082,-0.24503271,-0.065287032,0.078810988,-0.495272329,-0.065082528,-0.00335994,-0.531340652,-0.103188002,-0.011998981,-0.419414939,-0.088422183,0.012288051,-0.350067557,-0.064501476,one
0,0,0,-0.144484623,-0.009557035,-0.053616875,-0.289453654,-0.144839691,-0.091247061,-0.31902899,-0.288772367,-0.129836372,-0.262601794,-0.353256307,-0.163314864,-0.221050269,-0.441929703,-0.061487644,-0.282347764,-0.675346862,-0.1223787,-0.316991826,-0.80954836,-0.160090315,-0.337416781,-0.922314947,-0.18837477,-0.119171134,-0.464055908,-0.064466429,-0.196205403,-0.472192083,-0.143550491,-0.163046159,-0.302245036,-0.162621999,-0.121292291,-0.211033404,-0.1632058,-0.01956741,-0.463265378,-0.075017645,-0.098995167,-0.452187914,-0.140672229,-0.078887827,-0.29949627,-0.123515913,-0.045461067,-0.21755452,-0.100520638,0.081297519,-0.450341139,-0.092464793,0.002967417,-0.472948781,-0.136174908,-0.008845432,-0.360174866,-0.123461564,0.010313021,-0.295330246,-0.104391648,one
0,0,0,-0.128486478,-0.022611493,-0.067766792,-0.250634512,-0.172279286,-0.115117051,-0.253212976,-0.310746633,-0.15976159,-0.167264383,-0.350438445,-0.20075624,-0.172133852,-0.438428171,-0.0964547,-0.170472359,-0.69925044,-0.172056886,-0.15059728,-0.839656942,-0.217370909,-0.136629088,-0.958579479,-0.249915735,-0.06281237,-0.439781619,-0.09764066,-0.082322871,-0.461613031,-0.205601951,-0.073783747,-0.263274373,-0.221270066,-0.070059845,-0.150563273,-0.209906966,0.040326287,-0.411687717,-0.107169797,0.017479336,-0.408220678,-0.202029634,0.012516781,-0.239412746,-0.171163121,0.009899994,-0.150359492,-0.127680656,0.140222228,-0.366636404,-0.123641988,0.120849998,-0.382209295,-0.183990051,0.100255773,-0.261153704,-0.160432499,0.092102806,-0.197412192,-0.127040118,one
0,0,0,-0.109961378,-0.018995136,-0.087337004,-0.221719457,-0.125642742,-0.154612445,-0.224860142,-0.216261642,-0.213192904,-0.149786288,-0.244845016,-0.265726154,-0.157169364,-0.423046971,-0.151367571,-0.140538486,-0.672029853,-0.240584037,-0.118265808,-0.814886544,-0.293092849,-0.096450423,-0.938645547,-0.331122111,-0.035602832,-0.43021315,-0.138462859,-0.060575225,-0.386633049,-0.236995432,-0.081458091,-0.197217539,-0.241693165,-0.088354594,-0.114978492,-0.232017419,0.07172089,-0.385695238,-0.133913832,0.035091641,-0.317170457,-0.218752217,0.01524721,-0.168314357,-0.181636955,0.012660405,-0.114305783,-0.143192687,0.170068549,-0.32326735,-0.138187926,0.132946225,-0.273049122,-0.19773429,0.107022389,-0.162617179,-0.178176215,0.105928082,-0.123822902,-0.151316654,one
0,0,0,-0.18605085,-0.092277779,-0.107190322,-0.351210884,-0.273660061,-0.220246565,-0.448296971,-0.521638115,-0.322765043,-0.505829484,-0.745925859,-0.433279524,-0.344630367,-0.078220081,-0.303122116,-0.46207983,-0.110606666,-0.433160182,-0.514108703,-0.185108434,-0.526417132,-0.54050604,-0.278745366,-0.588766151,-0.222667991,0.034749905,-0.306155334,-0.311879197,0.02428494,-0.417537602,-0.378682218,-0.016908144,-0.460426187,-0.422894601,-0.062201722,-0.506482569,-0.074791804,0.11458798,-0.306655938,-0.150378526,0.095984894,-0.417465293,-0.210583592,0.056406445,-0.429530775,-0.265038015,0.013924438,-0.441784748,0.071575974,0.172949967,-0.312713015,0.039995346,0.145916326,-0.384836985,-0.009413926,0.10868168,-0.377809216,-0.064020645,0.051995917,-0.381227815,one
0,0,0,-0.118037044,-0.013639465,-0.075431596,-0.233178354,-0.111081644,-0.142352643,-0.271048532,-0.203056839,-0.210300099,-0.226732331,-0.289242135,-0.274781806,-0.196172141,-0.423984758,-0.103990482,-0.274375635,-0.659759467,-0.198082723,-0.309869703,-0.782325496,-0.25207155,-0.336369198,-0.896181426,-0.28933478,-0.087081473,-0.445976352,-0.114773132,-0.169071436,-0.411518786,-0.242010836,-0.138068844,-0.191281312,-0.260575941,-0.09508725,-0.10306106,-0.249509688,0.022599129,-0.422930017,-0.136352122,-0.061402403,-0.38202329,-0.250847776,-0.042326793,-0.181379628,-0.206583351,-0.009977681,-0.1176929,-0.153206154,0.135096133,-0.380428528,-0.165671562,0.054257501,-0.363473531,-0.233390266,0.048188914,-0.211260993,-0.193758673,0.070823197,-0.164391781,-0.148391653,one
0,0,0,-0.117119898,-0.002345754,-0.063941679,-0.252812267,-0.090695012,-0.120519588,-0.298702103,-0.189225015,-0.178596132,-0.246236343,-0.27547852,-0.236559778,-0.232277163,-0.398521122,-0.09969254,-0.336230213,-0.615245285,-0.186913909,-0.390787964,-0.742779692,-0.244703186,-0.436160445,-0.853054209,-0.286465674,-0.118613272,-0.438908949,-0.113928775,-0.18598787,-0.406062348,-0.240098138,-0.141101406,-0.202522805,-0.266172478,-0.102780024,-0.091352937,-0.259048258,-0.002456498,-0.427667308,-0.135827896,-0.077411035,-0.387727107,-0.245531507,-0.046961178,-0.204489152,-0.208981372,-0.021011591,-0.113527504,-0.159361641,0.116340885,-0.393474957,-0.164297384,0.04114694,-0.382212722,-0.232696863,0.037999697,-0.243130733,-0.198350662,0.050198273,-0.177924265,-0.155711276,one
0,0,0,-0.135817125,-0.014527702,-0.047171525,-0.275514807,-0.112539786,-0.08801687,-0.307332219,-0.220744385,-0.130817485,-0.260133581,-0.30823985,-0.169169834,-0.264588815,-0.431024633,-0.069859122,-0.362203178,-0.617107219,-0.155270249,-0.43047028,-0.737961389,-0.22115167,-0.483442422,-0.833947877,-0.266109683,-0.155507613,-0.463677593,-0.076592761,-0.22284265,-0.461085947,-0.172628247,-0.17666022,-0.265602855,-0.203587404,-0.134590991,-0.134155106,-0.208624744,-0.041258114,-0.465630156,-0.089354091,-0.111062897,-0.439262598,-0.159559706,-0.088249988,-0.263808458,-0.134663074,-0.059421355,-0.15266038,-0.103518991,0.075389769,-0.444425655,-0.108679755,0.004974991,-0.454062734,-0.146357376,-0.005587244,-0.334959874,-0.118272269,0.01318667,-0.266096777,-0.086879,one
0,0,0,-0.144728044,-0.04242081,-0.059687487,-0.28162027,-0.152705131,-0.110717081,-0.303091063,-0.269220779,-0.163556678,-0.243680222,-0.365924481,-0.210141673,-0.25222252,-0.449153336,-0.074217932,-0.346636378,-0.642551932,-0.1600087,-0.417549099,-0.750611262,-0.222465392,-0.469602996,-0.842489346,-0.26397865,-0.144448886,-0.47594708,-0.078343408,-0.199272968,-0.471913878,-0.171075185,-0.146817237,-0.27948335,-0.203020341,-0.096371567,-0.173420738,-0.211650332,-0.033602112,-0.481676224,-0.090641428,-0.094029905,-0.472018851,-0.162664059,-0.070170657,-0.297107135,-0.143052552,-0.030519854,-0.208432118,-0.116708248,0.082432126,-0.471939321,-0.110581261,0.019748339,-0.497369122,-0.150428889,0.011637278,-0.365013792,-0.126095893,0.037593903,-0.297451946,-0.098134832,one
0,0,0,-0.145527212,-0.036011889,-0.082076515,-0.27639491,-0.187588964,-0.142181267,-0.280568245,-0.325413405,-0.20124708,-0.215496158,-0.416882371,-0.254460616,-0.189885271,-0.479723521,-0.095717335,-0.266486159,-0.68408475,-0.17784825,-0.331768962,-0.796839171,-0.233629377,-0.372339104,-0.88767054,-0.270932839,-0.082967148,-0.510684855,-0.09139863,-0.152170258,-0.569146857,-0.186864139,-0.123649876,-0.371899719,-0.220801877,-0.076064923,-0.227936989,-0.229841986,0.021763602,-0.514375392,-0.096024292,-0.048750162,-0.554292583,-0.177796734,-0.044678258,-0.375337578,-0.173825562,-0.010420659,-0.24736197,-0.155824418,0.133690767,-0.49355538,-0.109209377,0.074047101,-0.574502206,-0.162123033,0.046882837,-0.465717708,-0.152243491,0.054564902,-0.367163161,-0.133525602,one
0,0,0,-0.130531317,-0.023971436,-0.075337011,-0.255060721,-0.153956579,-0.125051353,-0.261933914,-0.287126611,-0.170822705,-0.201716526,-0.365310832,-0.21105507,-0.185938694,-0.449594458,-0.089249445,-0.215077384,-0.689751674,-0.164020546,-0.234839086,-0.823873937,-0.213252094,-0.240973183,-0.938082503,-0.248863704,-0.08794221,-0.465442259,-0.084688535,-0.129035243,-0.489843284,-0.184296709,-0.116226296,-0.293986133,-0.209294962,-0.091489902,-0.173498555,-0.208972255,0.007920405,-0.458485919,-0.089306422,-0.042742179,-0.472673368,-0.171074479,-0.039914084,-0.29914245,-0.153175486,-0.019723781,-0.191346382,-0.12492922,0.107517715,-0.437218954,-0.10257821,0.056275294,-0.471882502,-0.162731579,0.036312873,-0.345958011,-0.152526733,0.046194396,-0.263019898,-0.130860335,one
0,0,0,-0.136557837,-0.027424062,-0.08963379,-0.260591896,-0.150585871,-0.152685416,-0.264707229,-0.285257545,-0.210875367,-0.193359007,-0.36635626,-0.263512773,-0.202960353,-0.460498701,-0.10711005,-0.207819889,-0.699278594,-0.182663749,-0.206313543,-0.827392709,-0.228710958,-0.197894873,-0.944308408,-0.262905401,-0.094443525,-0.479520686,-0.100492442,-0.118863724,-0.491515221,-0.205002404,-0.096685151,-0.290181314,-0.227956065,-0.076658966,-0.172404985,-0.225242155,0.01021462,-0.469649722,-0.10390101,-0.022311314,-0.473202117,-0.192563691,-0.018414055,-0.295890094,-0.170082129,-0.006344969,-0.193128617,-0.137032063,0.114712417,-0.440196717,-0.116919802,0.074678266,-0.472414224,-0.177315219,0.056453841,-0.342579778,-0.16299678,0.059608013,-0.264537353,-0.138759122,one
0,0,0,-0.183422522,0.053905167,-0.124721305,-0.345169811,-0.124397197,-0.267047188,-0.470107853,-0.204152225,-0.42444443,-0.540867617,-0.264924543,-0.574087228,-0.220154437,-0.725698866,-0.233090582,-0.49668659,-0.71346976,-0.434632361,-0.575191191,-0.34899368,-0.551920134,-0.558631687,-0.108505526,-0.615298945,-0.011016791,-0.801962123,-0.281032419,-0.270319077,-0.746929088,-0.508431531,-0.284615097,-0.182251482,-0.584524627,-0.247732788,0.157163232,-0.603380825,0.227568916,-0.814679255,-0.338794468,-0.04154765,-0.801822326,-0.53863978,-0.042275735,-0.254203793,-0.535078031,0.011957103,0.074054332,-0.495600576,0.494850721,-0.766603828,-0.409195961,0.304107024,-0.787069592,-0.527485168,0.262329752,-0.412468957,-0.483523049,0.278943182,-0.155666894,-0.423302686,one
0,0,0,-0.132293662,-0.031457029,-0.091901892,-0.2524218,-0.156981176,-0.154425167,-0.255709301,-0.286288315,-0.208487533,-0.184645814,-0.384043874,-0.253141082,-0.193820306,-0.446666494,-0.13009184,-0.252832613,-0.653575479,-0.222591829,-0.30044563,-0.774630759,-0.277698683,-0.335744081,-0.888457343,-0.312920857,-0.088020311,-0.489183056,-0.117907164,-0.131717764,-0.469356949,-0.209066801,-0.097493645,-0.268851995,-0.225229457,-0.060026595,-0.177864622,-0.224897176,0.010373943,-0.497371027,-0.115753587,-0.038453998,-0.468932133,-0.19998629,-0.027728479,-0.289125796,-0.182764835,0.002577751,-0.223000799,-0.157273115,0.115970596,-0.48300401,-0.121956935,0.069802047,-0.485951896,-0.172605625,0.054337914,-0.355012707,-0.153658589,0.063721634,-0.301776654,-0.129498179,one
0,0,0,-0.139820125,0.00552436,-0.08814238,-0.279334081,-0.098602,-0.146072754,-0.305895526,-0.247434603,-0.198990371,-0.250592787,-0.372693662,-0.243917572,-0.282396743,-0.422789537,-0.087460527,-0.35865829,-0.627654885,-0.173551874,-0.412905664,-0.746952292,-0.228424406,-0.454708317,-0.850087647,-0.265690304,-0.168114509,-0.465946995,-0.082440055,-0.201206299,-0.471625226,-0.199283086,-0.152517499,-0.277899682,-0.224508034,-0.113882022,-0.16956916,-0.21664332,-0.055472005,-0.476984157,-0.089830847,-0.087193755,-0.470437168,-0.189022709,-0.069383097,-0.291667214,-0.161407172,-0.04522232,-0.213892668,-0.118523657,0.057938188,-0.469701566,-0.107072251,0.024571207,-0.480637011,-0.164769843,0.010451178,-0.347011517,-0.142971578,0.019060624,-0.292227954,-0.111909719,one
0,0,0,0.252130586,-0.00526081,-0.10470131,0.488759305,-0.213575243,-0.157749102,0.595657925,-0.377292415,-0.213412023,0.606171301,-0.505161618,-0.260340124,0.383419259,-0.827533376,-0.072489229,0.34669941,-0.914865662,-0.206930761,0.322015471,-0.619821668,-0.282310194,0.342688143,-0.423455535,-0.321650815,0.178044262,-0.877131685,-0.096118639,0.14528852,-0.89613306,-0.252533715,0.178011097,-0.521735797,-0.305229427,0.224797838,-0.320681673,-0.316862921,-0.030116998,-0.854981723,-0.14243126,-0.060345664,-0.886170839,-0.318602035,0.016174566,-0.512428445,-0.324467439,0.093011112,-0.30445525,-0.2936013,-0.228041896,-0.780868559,-0.195333895,-0.270097321,-0.823305672,-0.323905356,-0.221936427,-0.595927751,-0.32375465,-0.157126589,-0.461002023,-0.298009688,one
0,0,0,-0.119857651,-0.033621998,-0.07823605,-0.225751456,-0.158503385,-0.130233784,-0.224816638,-0.275492146,-0.176898191,-0.167565091,-0.356659229,-0.217901105,-0.171055203,-0.461461491,-0.098998002,-0.197562959,-0.685293334,-0.18330062,-0.216405995,-0.819670793,-0.241572966,-0.226480057,-0.931910402,-0.283283932,-0.068485858,-0.492706706,-0.095673008,-0.103939208,-0.49017213,-0.203499569,-0.084410561,-0.276071591,-0.234645362,-0.059347488,-0.147495476,-0.237972758,0.029792282,-0.491097534,-0.101176447,-0.021768406,-0.47675813,-0.191262826,-0.012721693,-0.287036412,-0.175162026,0.012135066,-0.176540331,-0.14763796,0.134683339,-0.466491147,-0.115112685,0.080223241,-0.463736671,-0.178894407,0.065825029,-0.329576007,-0.166625882,0.081671612,-0.255920557,-0.143201858,one
0,0,0,0.21870902,0.028204817,-0.086189723,0.423986311,-0.106056004,-0.13477746,0.536872772,-0.197241283,-0.182789463,0.53259648,-0.2550142,-0.222548398,0.343345148,-0.588204989,-0.127505223,0.340614006,-0.659259947,-0.237346112,0.297062743,-0.414402314,-0.275137844,0.29930239,-0.273224441,-0.29160295,0.180867681,-0.638921576,-0.150801792,0.174198269,-0.639086091,-0.287961612,0.17047767,-0.325219767,-0.312703801,0.204775386,-0.185906137,-0.314466346,0.015019624,-0.639170951,-0.191618138,0.020260451,-0.641591202,-0.354791975,0.065511915,-0.319630351,-0.368979283,0.121906642,-0.156526054,-0.352265846,-0.133949614,-0.599360793,-0.235047513,-0.168072246,-0.756183858,-0.358080544,-0.204027102,-0.794153433,-0.387175722,-0.217349679,-0.8922422,-0.395806738,one
0,0,0,-0.02891788,0.084668855,-0.178952564,0.06483158,-0.044756072,-0.267748894,0.275053534,-0.186044227,-0.339156886,0.446118286,-0.318619911,-0.37812105,-0.023195872,-0.674490667,-0.201910914,-0.022714112,-0.653000858,-0.348153105,-0.00870453,-0.359811701,-0.379016042,0.04166708,-0.23990767,-0.381728885,0.099711858,-0.797028204,-0.182723045,0.07705353,-0.673285383,-0.364809967,0.112981642,-0.273832074,-0.381199601,0.163565114,-0.147084182,-0.360105058,0.231250786,-0.837089613,-0.187095715,0.210632734,-0.765379858,-0.388956566,0.223009095,-0.364300485,-0.370895991,0.23933091,-0.213519277,-0.313242362,0.380107305,-0.822017394,-0.20326551,0.434277608,-0.836057857,-0.335276333,0.408105291,-0.602371504,-0.319151868,0.38972467,-0.505205702,-0.275386498,one
0,0,0,-0.219508838,-0.041078922,-0.142725069,-0.412427443,-0.250296751,-0.243134995,-0.404250027,-0.467975271,-0.335867746,-0.28248292,-0.594727709,-0.408630705,-0.290791001,-0.736215788,-0.144839992,-0.417350267,-0.863218753,-0.284028412,-0.415244072,-0.705580153,-0.354686484,-0.371426987,-0.6492278,-0.391741947,-0.124328556,-0.795817829,-0.133338371,-0.219292641,-0.78112857,-0.304118813,-0.145439139,-0.423860614,-0.351734743,-0.067366512,-0.257437152,-0.353591452,0.038244838,-0.810609825,-0.140836805,-0.071109937,-0.801012541,-0.295326408,-0.025915044,-0.472025244,-0.290005061,0.042696451,-0.309244963,-0.254117943,0.214580777,-0.782353104,-0.160898551,0.104289398,-0.823789112,-0.262395457,0.107938398,-0.597963765,-0.259219975,0.155778026,-0.474076165,-0.231676181,one
0,0,0,-0.129987912,-0.039347873,-0.082303774,-0.242830819,-0.157426902,-0.137645257,-0.24294281,-0.271797178,-0.187013705,-0.180958521,-0.368869375,-0.229008876,-0.185077529,-0.443394172,-0.113481214,-0.227073939,-0.667406525,-0.195045018,-0.255947813,-0.79874909,-0.243195636,-0.270149935,-0.922165013,-0.276822509,-0.079895478,-0.468934864,-0.107068618,-0.115623165,-0.475559604,-0.199429902,-0.089442469,-0.281369171,-0.219594958,-0.052915577,-0.183691703,-0.220775161,0.019236291,-0.467706301,-0.109649637,-0.021443757,-0.455502125,-0.190222734,-0.017474084,-0.284822138,-0.172425022,0.009675244,-0.214922739,-0.147493758,0.121034885,-0.451121159,-0.120328145,0.078045382,-0.461565742,-0.170048557,0.057999345,-0.332227744,-0.153251259,0.069064605,-0.276684398,-0.131543147,one
0,0,0,-0.202837022,-0.070102059,-0.117012075,-0.380288007,-0.38809227,-0.198197954,-0.421614352,-0.642524355,-0.277796715,-0.372504503,-0.793218507,-0.338763328,-0.238255379,-0.841635418,-0.140756512,-0.357704175,-0.868642554,-0.29093489,-0.361511121,-0.590957888,-0.365720741,-0.317721693,-0.467471037,-0.396820038,-0.065792351,-0.898713461,-0.145620956,-0.200769569,-0.841624646,-0.307329117,-0.154302598,-0.465763175,-0.346814149,-0.084260079,-0.296306434,-0.343074259,0.116203563,-0.905268557,-0.167532061,-0.042738955,-0.873720114,-0.308577869,-0.005601181,-0.501915599,-0.306015366,0.070527066,-0.322580483,-0.273916029,0.308632812,-0.877131725,-0.201026625,0.17540723,-0.942035185,-0.286010513,0.168792593,-0.712867708,-0.273560159,0.222128617,-0.585572051,-0.239713471,one
0,0,0,-0.229578205,-0.114405631,-0.111818567,-0.414971967,-0.318157353,-0.193802775,-0.432390818,-0.505985386,-0.272668281,-0.325298337,-0.626778452,-0.335159036,-0.309317606,-0.723869601,-0.094563667,-0.398668485,-0.850956976,-0.210047151,-0.419117214,-0.831090045,-0.267864051,-0.426323914,-0.854312173,-0.297319074,-0.166507229,-0.778349121,-0.092703788,-0.266637693,-0.748346788,-0.233682937,-0.205298444,-0.458081914,-0.260919609,-0.12601614,-0.327401737,-0.249079388,-0.020942468,-0.787150216,-0.109889779,-0.124023077,-0.732393259,-0.238859551,-0.098506646,-0.465515809,-0.220429526,-0.034551106,-0.37228796,-0.177187835,0.135031524,-0.761608664,-0.138425029,0.03520556,-0.759039284,-0.206772659,0.020869326,-0.561233097,-0.184364349,0.061250911,-0.483216123,-0.149220879,one
0,0,0,-0.152412816,-0.09784321,-0.046124585,-0.256167511,-0.230337065,-0.077541206,-0.255214441,-0.34095146,-0.1084128,-0.194044308,-0.422293421,-0.132379213,-0.194161553,-0.492212334,-0.061831917,-0.270959813,-0.671721926,-0.140484347,-0.330649545,-0.788785346,-0.199318563,-0.375329138,-0.896154084,-0.236719022,-0.092728529,-0.516458202,-0.064321305,-0.14985357,-0.505981464,-0.132292538,-0.115563463,-0.322405772,-0.151810285,-0.076033717,-0.222577109,-0.156700662,0.010451692,-0.515401998,-0.074708233,-0.047091012,-0.48852837,-0.130342136,-0.040633457,-0.323651184,-0.114884194,-0.007892628,-0.257897285,-0.095688656,0.114891799,-0.488470201,-0.09120854,0.061148444,-0.494176462,-0.114830302,0.040311986,-0.367292948,-0.088186456,0.055717329,-0.309084751,-0.062631755,one
0,0,0,-0.13054321,-0.084015974,-0.048178518,-0.225254913,-0.228767265,-0.080978955,-0.21969,-0.341589592,-0.112976871,-0.159703512,-0.412612415,-0.138879205,-0.143899055,-0.479913456,-0.072141689,-0.174447654,-0.698565321,-0.148664637,-0.20125572,-0.827583783,-0.201517695,-0.217691172,-0.946937936,-0.236472196,-0.04694204,-0.492950332,-0.075223641,-0.100642645,-0.52003337,-0.145360251,-0.081245373,-0.336821109,-0.165461352,-0.044740723,-0.233585153,-0.172131713,0.047162784,-0.483525249,-0.085882378,-0.010331006,-0.494622258,-0.150155893,-0.007602959,-0.320344907,-0.141390835,0.028278404,-0.237886812,-0.126127478,0.145618493,-0.450135142,-0.10142033,0.098352165,-0.499557438,-0.135422444,0.072430911,-0.373155501,-0.115991421,0.084800143,-0.304498077,-0.095702188,one
0,0,0,-0.132875391,-0.040127539,-0.084160702,-0.24882534,-0.169520452,-0.144075196,-0.257257019,-0.298909885,-0.200468507,-0.195117637,-0.382034723,-0.250521962,-0.180169993,-0.475911073,-0.097829897,-0.19439547,-0.704897468,-0.175940556,-0.20166869,-0.830110853,-0.221545657,-0.201874042,-0.946018988,-0.25356448,-0.075513535,-0.486481596,-0.093838418,-0.117800849,-0.494981569,-0.197944991,-0.100213961,-0.296708766,-0.21920741,-0.074398677,-0.191328824,-0.214650383,0.026463748,-0.473141214,-0.100566691,-0.025229846,-0.471622565,-0.188067732,-0.023667596,-0.296290254,-0.164450204,-0.002569022,-0.212189357,-0.130697103,0.129198755,-0.444735884,-0.116394325,0.067973441,-0.462452164,-0.169996048,0.053170287,-0.335513508,-0.152934429,0.071302916,-0.275705531,-0.127628881,one
0,0,0,-0.150480463,-0.039975053,-0.08473378,-0.281747932,-0.186917904,-0.143577043,-0.280635141,-0.325862691,-0.199541738,-0.215292203,-0.41454087,-0.250897472,-0.199308834,-0.504562791,-0.095319635,-0.230284396,-0.688444811,-0.180843365,-0.262654791,-0.804815276,-0.236993939,-0.284875374,-0.917712192,-0.276858002,-0.08291851,-0.531948744,-0.092511732,-0.145878375,-0.531939134,-0.197163858,-0.128624617,-0.305567657,-0.228079173,-0.088860335,-0.178418006,-0.232388408,0.028988299,-0.525296129,-0.100090377,-0.046865505,-0.517331698,-0.193412326,-0.040912309,-0.312668079,-0.182578217,-0.002300697,-0.201815336,-0.157742784,0.143679647,-0.495007439,-0.115953853,0.066638791,-0.527602965,-0.178494287,0.052187885,-0.377295369,-0.16756172,0.08246483,-0.29287584,-0.146324065,one
0,0,0,-0.151719151,-0.06912472,-0.051737096,-0.269822307,-0.203842018,-0.093782626,-0.277662371,-0.326039859,-0.136366725,-0.213232516,-0.40203661,-0.172751359,-0.200347468,-0.475239368,-0.070113832,-0.271268113,-0.675093637,-0.149826926,-0.322925646,-0.790953311,-0.203775517,-0.364336311,-0.899757751,-0.240197923,-0.100984189,-0.483633743,-0.074397102,-0.173788471,-0.505075922,-0.164828674,-0.143284969,-0.312725529,-0.186000347,-0.099913338,-0.214709489,-0.185646778,5.57E-05,-0.479067889,-0.086645906,-0.068532637,-0.475180833,-0.15666942,-0.063690034,-0.302967676,-0.131630719,-0.032260796,-0.233816992,-0.101906913,0.103048766,-0.458753241,-0.105707061,0.038382603,-0.474134092,-0.140536409,0.020591985,-0.344557496,-0.115566613,0.04484598,-0.294370919,-0.088984201,one
0,0,0,-0.138467318,-0.064490148,-0.079884763,-0.2491321,-0.225100654,-0.127784137,-0.251882663,-0.356059855,-0.17325865,-0.185024495,-0.412026507,-0.210871441,-0.16445018,-0.501214033,-0.082486736,-0.167711167,-0.721612386,-0.150607117,-0.172670336,-0.845081764,-0.185464024,-0.171253982,-0.962595903,-0.209955238,-0.058039239,-0.514256235,-0.07789755,-0.117331187,-0.506284167,-0.175257172,-0.104729768,-0.323040319,-0.193892091,-0.074320272,-0.222150822,-0.187161493,0.041345785,-0.499554511,-0.083952913,-0.019959912,-0.463484749,-0.171238064,-0.023815858,-0.304305765,-0.155099013,-0.001091179,-0.235549825,-0.124655237,0.13957146,-0.46907873,-0.098755714,0.082713312,-0.456484252,-0.148462223,0.061922352,-0.340920151,-0.136601676,0.077345124,-0.293177746,-0.115506272,one
0,0,0,-0.135133487,-0.068566893,-0.068983671,-0.246746474,-0.216016012,-0.113715589,-0.256209429,-0.335429174,-0.157073364,-0.189858012,-0.407824193,-0.192221802,-0.184846134,-0.496085827,-0.072166429,-0.248615689,-0.688571049,-0.146718668,-0.298779728,-0.804105819,-0.190795804,-0.335145427,-0.916134956,-0.219941548,-0.074945464,-0.517365035,-0.070049584,-0.151623325,-0.49656654,-0.155032919,-0.128771625,-0.313777526,-0.172142588,-0.084933752,-0.233023989,-0.169778068,0.028665919,-0.505447749,-0.078161667,-0.047415262,-0.45558476,-0.152120437,-0.047977611,-0.296760443,-0.132076407,-0.013685605,-0.24980067,-0.104389556,0.131551635,-0.474983005,-0.094307777,0.064680214,-0.459794797,-0.130652834,0.040349996,-0.339755133,-0.10908593,0.058881429,-0.301514117,-0.084690502,one
0,0,0,-0.140714974,-0.06458131,-0.052104538,-0.261304141,-0.206023614,-0.094318635,-0.278639973,-0.33231124,-0.138460996,-0.215618716,-0.416868779,-0.17708236,-0.197434859,-0.490646224,-0.063447489,-0.27960739,-0.680208031,-0.144015655,-0.337681287,-0.792740476,-0.198330753,-0.38160241,-0.894262973,-0.233823303,-0.093040157,-0.51152429,-0.068407263,-0.172397552,-0.516612159,-0.1565186,-0.144500969,-0.319446176,-0.178606332,-0.102640654,-0.217566944,-0.178644994,0.010575867,-0.506946269,-0.081702414,-0.06658684,-0.478648766,-0.149903805,-0.06224965,-0.30684306,-0.127225472,-0.030756462,-0.234111262,-0.098701301,0.113066292,-0.481772499,-0.102140549,0.03978288,-0.478273427,-0.13372899,0.01872761,-0.350665371,-0.109050313,0.038836579,-0.298278722,-0.082531381,one
0,0,0,-0.138390241,-0.046321669,-0.05121988,-0.272946633,-0.184367181,-0.092517275,-0.29478484,-0.316117621,-0.136311433,-0.234949351,-0.409418776,-0.175192673,-0.221991379,-0.469249899,-0.06360285,-0.313774984,-0.659615075,-0.142786358,-0.379487909,-0.772412036,-0.198041477,-0.428763883,-0.872074083,-0.235898975,-0.118732235,-0.495693805,-0.068230438,-0.201214869,-0.511667769,-0.156811391,-0.162879806,-0.31262451,-0.181455728,-0.115792953,-0.202921614,-0.183565427,-0.012666246,-0.500498886,-0.080623683,-0.096461226,-0.481492076,-0.149901917,-0.080180325,-0.303774415,-0.130596432,-0.042191259,-0.220378058,-0.104672331,0.094906354,-0.486081766,-0.099888998,0.011429296,-0.48319314,-0.138264882,6.53E-05,-0.349073023,-0.118849507,0.028155627,-0.288959375,-0.095373983,one
0,0,0,-0.149858169,-0.036028655,-0.062859159,-0.295980127,-0.169587886,-0.109829959,-0.312995382,-0.31393218,-0.158644357,-0.245777443,-0.409257942,-0.201867663,-0.246351628,-0.457863419,-0.062812872,-0.334847463,-0.653552215,-0.14047854,-0.400459144,-0.766365449,-0.193276771,-0.445198725,-0.865409648,-0.229922239,-0.137334333,-0.488420156,-0.067364527,-0.204399061,-0.516160275,-0.165765113,-0.166283729,-0.321237814,-0.196708117,-0.117881903,-0.202989243,-0.200245684,-0.029425149,-0.496823624,-0.0811289,-0.099559175,-0.49330139,-0.164862009,-0.085605251,-0.314622805,-0.150793931,-0.049475712,-0.214460406,-0.123267895,0.081884644,-0.484805713,-0.1023289,0.01118209,-0.509052919,-0.152618419,-0.003846286,-0.375651141,-0.136845252,0.017747034,-0.297224053,-0.113275188,one
0,0,0,-0.151370923,-0.012614453,-0.071141431,-0.294526099,-0.15790107,-0.120389404,-0.297919347,-0.302268315,-0.171164343,-0.229559208,-0.400724061,-0.217765459,-0.200997566,-0.459428833,-0.063873111,-0.277340865,-0.666136653,-0.141888668,-0.3437508,-0.792568446,-0.199325327,-0.386453057,-0.890488135,-0.240176845,-0.096354612,-0.49065616,-0.063658308,-0.172811134,-0.553703053,-0.162530985,-0.14228061,-0.35852841,-0.202968467,-0.093438368,-0.208060145,-0.214682327,0.008672764,-0.499511972,-0.073248254,-0.075871732,-0.529217719,-0.157276641,-0.062211897,-0.341187917,-0.156288463,-0.020495214,-0.202065652,-0.13974303,0.123579435,-0.484044758,-0.090934946,0.045367589,-0.543546366,-0.148729195,0.026911686,-0.413076929,-0.144393769,0.048303014,-0.303932266,-0.129241806,one
0,0,0,-0.150317487,-0.020824702,-0.080129998,-0.297399975,-0.150061417,-0.13056758,-0.327412957,-0.305877309,-0.180330863,-0.264114457,-0.413152773,-0.224230071,-0.242323133,-0.436730933,-0.059604327,-0.30001765,-0.665984191,-0.128009225,-0.337577011,-0.79811246,-0.166444281,-0.354455325,-0.914889834,-0.193230467,-0.141524554,-0.463642388,-0.0570726,-0.19792214,-0.556662623,-0.166055366,-0.173482442,-0.365267648,-0.195164599,-0.136997642,-0.230653109,-0.188316989,-0.039754138,-0.472831799,-0.066153624,-0.097967192,-0.527948393,-0.164838724,-0.089000544,-0.346698924,-0.154690487,-0.05823716,-0.228462366,-0.120471898,0.066679958,-0.464684577,-0.083055824,0.014630404,-0.552583699,-0.145319563,-0.005778878,-0.430863107,-0.135897536,0.003142016,-0.336776772,-0.11260585,one
0,0,0,-0.132627971,-0.013655979,-0.085176959,-0.26644309,-0.142520531,-0.141803565,-0.292830029,-0.288962787,-0.197052321,-0.223394132,-0.382980161,-0.245729787,-0.226553286,-0.437318614,-0.076345989,-0.256217965,-0.695675987,-0.147497676,-0.262327675,-0.827070662,-0.18450523,-0.256455423,-0.943338653,-0.210577308,-0.125344306,-0.454595423,-0.07502626,-0.155731789,-0.525328004,-0.195896261,-0.127155626,-0.326069008,-0.22142332,-0.103785442,-0.192418053,-0.210137468,-0.02365341,-0.452795771,-0.085580039,-0.055709766,-0.499845225,-0.194002919,-0.044917951,-0.314331743,-0.174699121,-0.031328933,-0.199414825,-0.132985162,0.081960545,-0.435013661,-0.104628133,0.046975159,-0.50327908,-0.175160095,0.028977498,-0.368720297,-0.162303036,0.027080882,-0.278275272,-0.134831569,one
0,0,0,-0.132042541,-0.044921253,-0.084963475,-0.252216682,-0.171756266,-0.144718296,-0.270184694,-0.302421366,-0.204203296,-0.203697114,-0.398351725,-0.256217283,-0.188246262,-0.479876003,-0.073398221,-0.204219222,-0.719398005,-0.142108019,-0.21178606,-0.847123029,-0.177063453,-0.206319646,-0.957547179,-0.201334558,-0.086857836,-0.486907082,-0.072839059,-0.132723744,-0.534603414,-0.186679055,-0.118910281,-0.342374334,-0.213631108,-0.096045138,-0.213114066,-0.205931368,0.012762099,-0.476113059,-0.084350775,-0.037064723,-0.500175426,-0.183573808,-0.037992455,-0.322319225,-0.167574597,-0.021219039,-0.217950279,-0.131307966,0.116807597,-0.448547371,-0.1047725,0.063784486,-0.499627771,-0.162136843,0.042188138,-0.376888648,-0.148828229,0.047519621,-0.303271534,-0.124007082,one
0,0,0,-0.140386808,-0.02050261,-0.078858998,-0.267615685,-0.146662968,-0.13249378,-0.293442105,-0.289247003,-0.186446187,-0.231976059,-0.381085659,-0.234051262,-0.215354033,-0.453496297,-0.066532546,-0.24370042,-0.705474338,-0.135072717,-0.253379531,-0.836577202,-0.169725907,-0.247936444,-0.94936125,-0.192978588,-0.114086819,-0.47199324,-0.065368629,-0.16695891,-0.527631406,-0.181450603,-0.151608486,-0.338773319,-0.206199241,-0.126122687,-0.207356463,-0.194015197,-0.015046185,-0.472894198,-0.075853408,-0.075986696,-0.493446622,-0.175247348,-0.071329067,-0.31831125,-0.158972995,-0.049971585,-0.208327314,-0.120508145,0.088885181,-0.455862137,-0.094862858,0.022657719,-0.488182092,-0.154343034,0.005042135,-0.365348673,-0.144330964,0.015357213,-0.285919394,-0.119931505,one
0,0,0,-0.144492207,-0.016286296,-0.074198849,-0.289045339,-0.136921241,-0.127008992,-0.315205211,-0.283200704,-0.180160342,-0.253869851,-0.389475811,-0.227671655,-0.2532647,-0.458441326,-0.062494902,-0.31094973,-0.675714657,-0.131685668,-0.34811154,-0.79965564,-0.17378047,-0.36683049,-0.907492619,-0.204676667,-0.145778665,-0.493231986,-0.064755584,-0.201186824,-0.533904876,-0.169992963,-0.166214981,-0.342616644,-0.200076941,-0.126903837,-0.212738868,-0.198140181,-0.038875802,-0.500993342,-0.077739162,-0.100913966,-0.506170407,-0.167342433,-0.084838448,-0.331237493,-0.154096412,-0.054620715,-0.220002993,-0.123780279,0.070679025,-0.485525289,-0.099253844,-0.001268335,-0.512863361,-0.155996781,-0.015808538,-0.382443625,-0.146222208,-0.001356348,-0.292090326,-0.125134349,one
0,0,0,-0.15164084,0.010793518,-0.086798964,-0.313229119,-0.101069568,-0.141459335,-0.356253547,-0.263986339,-0.195014187,-0.288538105,-0.379809685,-0.241338881,-0.306147828,-0.42429063,-0.064327525,-0.379938439,-0.643768816,-0.136819645,-0.428597553,-0.762405108,-0.177404695,-0.45859979,-0.864456894,-0.205913842,-0.19514394,-0.466932783,-0.062355065,-0.243571103,-0.527537248,-0.181635872,-0.192356016,-0.33115781,-0.212433428,-0.145718718,-0.198082578,-0.2047589,-0.081443372,-0.488290201,-0.072881827,-0.130049576,-0.509976548,-0.181039695,-0.103163584,-0.321572727,-0.166998093,-0.070073622,-0.212509469,-0.128325662,0.035172804,-0.49079686,-0.092103118,-0.021567311,-0.528694377,-0.158328556,-0.027041225,-0.389840303,-0.14740626,-0.010904295,-0.304381283,-0.122243741,one
0,0,0,-0.151523343,0.009985434,-0.091393816,-0.313374384,-0.109043581,-0.149106391,-0.350491372,-0.276150171,-0.204828264,-0.285147568,-0.397962913,-0.253339729,-0.301246901,-0.432430009,-0.068267713,-0.365971688,-0.653780748,-0.137345756,-0.410211149,-0.771536234,-0.176434709,-0.43875989,-0.87503058,-0.204477978,-0.19103904,-0.470025316,-0.06413413,-0.232515559,-0.541314134,-0.178053687,-0.182621167,-0.352819733,-0.208108305,-0.14160648,-0.22334982,-0.201794073,-0.08025758,-0.48739186,-0.072611528,-0.128008047,-0.523091659,-0.17766951,-0.098948798,-0.33938678,-0.165959859,-0.068386363,-0.225707605,-0.130314241,0.034032565,-0.487281178,-0.09003414,-0.017809764,-0.548714299,-0.156216263,-0.022382858,-0.421350792,-0.146515703,-0.011920536,-0.3294985,-0.123038556,one
0,0,0,-0.145966951,-0.003276694,-0.088687854,-0.289286916,-0.127956451,-0.143676449,-0.312325797,-0.28456853,-0.195671224,-0.250981392,-0.398102241,-0.240358597,-0.257161339,-0.457290667,-0.071770986,-0.286778482,-0.687612144,-0.136779616,-0.303406705,-0.817659863,-0.172423177,-0.309208691,-0.929877999,-0.199290974,-0.14811914,-0.489792747,-0.066944046,-0.180504189,-0.544564282,-0.178833009,-0.146372992,-0.351701901,-0.206152561,-0.117470378,-0.212295674,-0.19828231,-0.040042101,-0.498839607,-0.074006146,-0.084062553,-0.513201718,-0.173564358,-0.06517706,-0.335373034,-0.160789596,-0.042518715,-0.218987616,-0.126513056,0.070373143,-0.486804235,-0.090105455,0.012188013,-0.51915416,-0.154644263,0.002973452,-0.391792729,-0.148042488,0.01350077,-0.302732206,-0.126955727,one
0,0,0,-0.133341619,-0.045930182,-0.090516366,-0.256674383,-0.175122294,-0.15150369,-0.284535026,-0.305679036,-0.211271459,-0.216207816,-0.397750291,-0.26271084,-0.189239266,-0.484651047,-0.072531897,-0.203999665,-0.722540622,-0.141693779,-0.215452222,-0.84747996,-0.178278069,-0.215033128,-0.955197636,-0.203367229,-0.087061497,-0.494713946,-0.069156749,-0.136364271,-0.522192853,-0.181326932,-0.115748278,-0.333308116,-0.211110324,-0.088606612,-0.207686694,-0.205887543,0.012736213,-0.484877882,-0.078639756,-0.039384393,-0.492567953,-0.176501194,-0.035393356,-0.317084316,-0.163353858,-0.015954785,-0.217317336,-0.129182663,0.116568483,-0.460784175,-0.097746346,0.06230777,-0.498735806,-0.154362565,0.043029152,-0.373349656,-0.142212664,0.050873567,-0.301017921,-0.117858333,one
0,0,0,-0.137458061,-0.034221791,-0.06493198,-0.265426873,-0.164695266,-0.111813483,-0.294312066,-0.299142325,-0.160700948,-0.228021298,-0.385101723,-0.203603307,-0.219940573,-0.486597707,-0.058562695,-0.235858448,-0.721954825,-0.121822376,-0.240496597,-0.849660117,-0.157201105,-0.233765321,-0.955025478,-0.182428372,-0.115045067,-0.507682849,-0.061456181,-0.165632045,-0.516354697,-0.165683844,-0.142207365,-0.327776144,-0.190825524,-0.11599867,-0.198700325,-0.183983991,-0.011306191,-0.503042999,-0.073727625,-0.069375353,-0.48666283,-0.157990978,-0.059071726,-0.318403248,-0.14051909,-0.037182226,-0.212515905,-0.107236961,0.094717448,-0.476106081,-0.094190128,0.027482198,-0.48394843,-0.143295165,0.009578665,-0.360803214,-0.130444767,0.018729725,-0.282766505,-0.1067782,one
0,0,0,-0.137330562,-0.047681065,-0.05873822,-0.26059089,-0.188217269,-0.099667622,-0.291185008,-0.316716446,-0.144294455,-0.229257064,-0.400187511,-0.183199087,-0.211192586,-0.496350956,-0.043147786,-0.242821445,-0.72339611,-0.107576008,-0.260317938,-0.847851433,-0.14436635,-0.266812242,-0.948728948,-0.169483365,-0.10867172,-0.517766704,-0.049349813,-0.169615825,-0.540993083,-0.15377272,-0.143306587,-0.354272055,-0.181998309,-0.109582914,-0.227487823,-0.176534278,-0.005524275,-0.517802741,-0.065468118,-0.070414448,-0.507935946,-0.149072761,-0.060042087,-0.342694329,-0.134311903,-0.033515577,-0.244413035,-0.102629634,0.099871641,-0.495905993,-0.089283385,0.028430386,-0.501554772,-0.134466971,0.012613423,-0.379501482,-0.121269959,0.027939637,-0.308539936,-0.098161984,one
0,0,0,-0.135114364,-0.027915168,-0.073370773,-0.267347798,-0.149165849,-0.125023559,-0.310676265,-0.288553794,-0.177305975,-0.25473589,-0.392198813,-0.222732389,-0.238749921,-0.463973909,-0.063069798,-0.285260136,-0.685446554,-0.137837988,-0.314922854,-0.809991421,-0.181365147,-0.331361897,-0.919403056,-0.211889861,-0.137344671,-0.497260545,-0.065251431,-0.194056179,-0.530837287,-0.180233363,-0.159813636,-0.335121406,-0.208527806,-0.1250209,-0.209419527,-0.201849783,-0.034354311,-0.506243059,-0.078482028,-0.0910907,-0.506512416,-0.173898459,-0.076598486,-0.327032168,-0.153795344,-0.051639272,-0.224643153,-0.116225724,0.071485231,-0.491303487,-0.100633468,0.006490007,-0.498079757,-0.156836589,-0.009667768,-0.365311502,-0.143216024,0.000780787,-0.289407396,-0.118196172,one
0,0,0,-0.136258247,-0.024087421,-0.074215702,-0.268773458,-0.144418759,-0.124956151,-0.303454731,-0.278308422,-0.17605883,-0.247916616,-0.3801424,-0.220497205,-0.234665457,-0.451521083,-0.066490827,-0.285927196,-0.676053154,-0.13871463,-0.318390088,-0.804145258,-0.179096786,-0.336604403,-0.918514382,-0.207433858,-0.130587712,-0.484175801,-0.067983099,-0.192793169,-0.512123944,-0.179093783,-0.159856908,-0.319526495,-0.206130989,-0.12127545,-0.19667984,-0.199914188,-0.026573832,-0.492540198,-0.080341142,-0.088793976,-0.484643446,-0.173614932,-0.074336493,-0.307642138,-0.154880089,-0.045429082,-0.207003222,-0.119049658,0.080096888,-0.480089938,-0.101458717,0.011734293,-0.489672013,-0.154760268,-0.006413108,-0.357729698,-0.140361007,0.005069391,-0.28269338,-0.115635817,one
0,0,0,-0.134127185,-0.031485923,-0.077716496,-0.263059836,-0.14773646,-0.133390741,-0.30276329,-0.278948976,-0.189304468,-0.241602737,-0.379964951,-0.237930933,-0.235146456,-0.47327768,-0.067314824,-0.273913708,-0.688809355,-0.144297647,-0.300731293,-0.813777112,-0.188135759,-0.316037932,-0.923385079,-0.217899108,-0.127909497,-0.509919627,-0.067874839,-0.183004801,-0.515485609,-0.181420629,-0.150949559,-0.321372336,-0.208838004,-0.115756591,-0.205288362,-0.202027528,-0.0224634,-0.516335562,-0.080218741,-0.082927757,-0.484271517,-0.17366063,-0.070393564,-0.309467909,-0.154743197,-0.043807558,-0.220284895,-0.118465037,0.08473439,-0.49792933,-0.101944835,0.013376473,-0.477397791,-0.15276228,-0.000219291,-0.348845486,-0.138293872,0.014551832,-0.286413158,-0.113260911,one
0,0,0,-0.134916235,-0.033925264,-0.079166811,-0.265140941,-0.149148893,-0.13529133,-0.307383374,-0.281600483,-0.191115632,-0.244355722,-0.376429724,-0.239448444,-0.235931666,-0.468998148,-0.070452878,-0.276405345,-0.686924479,-0.147248937,-0.30319795,-0.81211904,-0.190362541,-0.317592397,-0.922392266,-0.219835342,-0.130477075,-0.505518177,-0.070098076,-0.187440316,-0.512600833,-0.184421675,-0.154209104,-0.319435567,-0.211732698,-0.117619703,-0.202512885,-0.204838695,-0.02622316,-0.511538948,-0.081408483,-0.085168598,-0.478647763,-0.175798457,-0.07209128,-0.306856862,-0.157425524,-0.045582714,-0.218031614,-0.121400102,0.079538093,-0.492933439,-0.102173849,0.012169306,-0.4729337,-0.154324217,-0.001744202,-0.345641667,-0.141015454,0.011677809,-0.282095608,-0.116771323,one
0,0,0,-0.136629418,-0.044741405,-0.071470587,-0.262538483,-0.167092078,-0.12431985,-0.294423785,-0.295549306,-0.178899127,-0.23161946,-0.390738683,-0.227384531,-0.219899606,-0.477291412,-0.062197158,-0.2590751,-0.693488159,-0.136137889,-0.286499117,-0.819117515,-0.179048605,-0.300983456,-0.930551322,-0.208526246,-0.112757911,-0.50642724,-0.06532408,-0.174102795,-0.520622599,-0.175476154,-0.145896918,-0.327589991,-0.204122372,-0.108943243,-0.209055868,-0.199429235,-0.007772813,-0.508765808,-0.079334928,-0.074322867,-0.492935954,-0.169602757,-0.062757032,-0.319447823,-0.152554526,-0.033439798,-0.225531069,-0.118573343,0.098277195,-0.48921926,-0.101891807,0.022662977,-0.491530724,-0.150346001,0.010121688,-0.366081598,-0.135027991,0.028085316,-0.300335334,-0.110076374,one
0,0,0,-0.134536824,-0.044742152,-0.072194535,-0.257460918,-0.16992377,-0.125366587,-0.285002285,-0.297693717,-0.180113576,-0.22044417,-0.389459092,-0.228852305,-0.21333931,-0.480795552,-0.062981968,-0.246409099,-0.701506012,-0.136227746,-0.272189099,-0.826086325,-0.178131697,-0.286215854,-0.935612871,-0.206661658,-0.105677029,-0.503380464,-0.066324361,-0.16197917,-0.523399541,-0.178482039,-0.133064049,-0.327851409,-0.207607813,-0.096811711,-0.206524573,-0.20243422,0.000350905,-0.50273867,-0.080578753,-0.059346138,-0.496877626,-0.174305595,-0.048676237,-0.317324176,-0.156987902,-0.021180097,-0.218370426,-0.121717266,0.108542079,-0.481475633,-0.103141745,0.041131357,-0.502275966,-0.15463266,0.024316797,-0.370448506,-0.138072568,0.03773727,-0.297690462,-0.111604351,one
0,0,0,-0.130554632,-0.046341419,-0.077712552,-0.254552986,-0.165714056,-0.135033145,-0.280918585,-0.289692231,-0.192652014,-0.220142996,-0.383189201,-0.243621182,-0.208960332,-0.476507049,-0.071831138,-0.242108527,-0.703496429,-0.14434307,-0.265407865,-0.829603702,-0.185147728,-0.277210524,-0.937008711,-0.21253,-0.104228195,-0.4963661,-0.073546626,-0.158120437,-0.514868679,-0.181852997,-0.130833022,-0.323477301,-0.21000964,-0.096775061,-0.203632806,-0.205833857,-0.000145411,-0.49117423,-0.086398699,-0.056034968,-0.483727314,-0.176794871,-0.04605973,-0.310757895,-0.159695911,-0.020037026,-0.216859549,-0.126056097,0.107042653,-0.466995109,-0.108090945,0.046685128,-0.493847198,-0.156875511,0.029543323,-0.367842063,-0.139035687,0.040875463,-0.299519763,-0.112583204,one
0,0,0,-0.129410835,-0.064387242,-0.075955577,-0.245731459,-0.202894333,-0.12631513,-0.260961167,-0.320634167,-0.177317224,-0.193863972,-0.399229746,-0.221928493,-0.183960313,-0.503090718,-0.063912101,-0.216955735,-0.719802481,-0.1288927,-0.23706447,-0.841600741,-0.164807047,-0.241809951,-0.951462426,-0.190386974,-0.078932839,-0.521845331,-0.064943751,-0.134465946,-0.522230636,-0.164769673,-0.110279178,-0.33005667,-0.193902312,-0.074573898,-0.210107456,-0.192911051,0.022786548,-0.510999251,-0.076826543,-0.038808752,-0.482868566,-0.161012355,-0.032619185,-0.315071457,-0.150805855,-0.004956553,-0.229149196,-0.123862229,0.126569947,-0.481036706,-0.0976797,0.065921436,-0.487089546,-0.143601052,0.047623388,-0.369370315,-0.132092261,0.061302998,-0.311611402,-0.111818729,one
0,0,0,-0.126162948,-0.065187932,-0.079740831,-0.23524991,-0.198810944,-0.133915219,-0.249363742,-0.316871378,-0.189363548,-0.180292869,-0.394968407,-0.238234967,-0.17328212,-0.491364986,-0.06166926,-0.200228927,-0.712727956,-0.129218553,-0.223166841,-0.838647133,-0.166555722,-0.234472665,-0.952947723,-0.192128098,-0.071372653,-0.50551562,-0.062914981,-0.119185435,-0.52182544,-0.168359307,-0.094259169,-0.330068322,-0.198909696,-0.059784211,-0.211264829,-0.196553547,0.028172416,-0.494293097,-0.076055867,-0.021410289,-0.483174701,-0.166552738,-0.018748249,-0.31318566,-0.15530794,0.00423493,-0.226442089,-0.124629044,0.130740784,-0.466385801,-0.098254384,0.08625617,-0.496365559,-0.145301968,0.062942686,-0.373776975,-0.129371867,0.068056277,-0.308501557,-0.104906684,one
0,0,0,-0.125919253,-0.055956552,-0.084714389,-0.242336829,-0.184198767,-0.140176811,-0.263164305,-0.306551878,-0.194731906,-0.197603206,-0.391321038,-0.242182009,-0.186570604,-0.481087544,-0.07042177,-0.218196087,-0.706707984,-0.138173149,-0.237501143,-0.833875916,-0.175373641,-0.243400305,-0.948869478,-0.201004988,-0.084479489,-0.497250767,-0.067898443,-0.136182657,-0.5143112,-0.172947198,-0.109029737,-0.324884158,-0.201872309,-0.074046859,-0.206160491,-0.198443907,0.015225034,-0.4882109,-0.077300874,-0.038239518,-0.477194464,-0.166418915,-0.030474082,-0.311856377,-0.154738935,-0.005696382,-0.225649012,-0.124006021,0.117230244,-0.463631139,-0.09620916,0.067114957,-0.49421702,-0.144457298,0.048085286,-0.376167341,-0.130571053,0.055684127,-0.312835545,-0.107146676,one
0,0,0,-0.127177792,-0.052632977,-0.075741478,-0.248308987,-0.172023018,-0.132398614,-0.276620386,-0.295543145,-0.19009526,-0.212924647,-0.388098381,-0.241418038,-0.202625595,-0.484333782,-0.068547395,-0.228644266,-0.707109579,-0.140348814,-0.247333609,-0.833208039,-0.181158197,-0.254846983,-0.944143949,-0.208914382,-0.098108883,-0.502157387,-0.070702313,-0.150324539,-0.514229629,-0.17948007,-0.125268844,-0.322703483,-0.20793736,-0.093103991,-0.203144146,-0.203566178,0.004624023,-0.494958836,-0.083715623,-0.049086642,-0.484685809,-0.174350074,-0.04225313,-0.31103306,-0.156766439,-0.018386922,-0.217621949,-0.122217058,0.11042201,-0.468992119,-0.10547969,0.052683851,-0.490301603,-0.152985631,0.034737549,-0.36496939,-0.134603371,0.045832065,-0.299372219,-0.107637332,one
0,0,0,-0.126399967,-0.037735917,-0.086015754,-0.247717359,-0.154580245,-0.146059184,-0.281724931,-0.286934101,-0.204567099,-0.220904534,-0.389795027,-0.254753609,-0.217358515,-0.470400326,-0.079489206,-0.242530817,-0.69965931,-0.156595273,-0.257091789,-0.825684799,-0.198552868,-0.261834107,-0.937943528,-0.227386981,-0.112031658,-0.492700185,-0.077120137,-0.158991432,-0.507125436,-0.196423563,-0.128153584,-0.310035063,-0.222033826,-0.095128743,-0.194022567,-0.212724021,-0.008442262,-0.491100401,-0.086958125,-0.05568521,-0.476192328,-0.185216586,-0.043674721,-0.300694296,-0.162724028,-0.020924166,-0.215307895,-0.12289965,0.097135877,-0.470473238,-0.106799828,0.041649429,-0.473359741,-0.160291562,0.031177825,-0.348732527,-0.144059488,0.045580076,-0.29339656,-0.117421261,one
0,0,0,-0.128990432,-0.063130171,-0.074513965,-0.240843805,-0.18182793,-0.128890386,-0.265163198,-0.30634506,-0.184062653,-0.200309089,-0.39508713,-0.232216524,-0.193593986,-0.479575413,-0.068384291,-0.223878742,-0.707227023,-0.140496568,-0.242980084,-0.832910628,-0.180864175,-0.25175254,-0.945243455,-0.207690801,-0.093875565,-0.493778843,-0.069117733,-0.147066622,-0.515971983,-0.176427715,-0.118821914,-0.324070071,-0.202530158,-0.086374236,-0.208095948,-0.196815669,0.005753173,-0.487625736,-0.080933615,-0.04866584,-0.484064326,-0.167656289,-0.04043812,-0.310843587,-0.149029686,-0.016141206,-0.225933944,-0.114793692,0.107020424,-0.465548785,-0.101660977,0.051361001,-0.485997249,-0.145202111,0.035767736,-0.363310129,-0.127482994,0.050121828,-0.305509392,-0.102081878,one
0,0,0,-0.137886811,-0.068436668,-0.069018875,-0.253126994,-0.220441257,-0.115407631,-0.275333168,-0.338854735,-0.163033458,-0.224170755,-0.424187714,-0.204593962,-0.136830279,-0.493667389,-0.070509777,-0.185610999,-0.721011439,-0.139246575,-0.218884446,-0.838290931,-0.176752611,-0.22951704,-0.952262333,-0.201291773,-0.040220007,-0.507030646,-0.072367396,-0.115976569,-0.542418728,-0.161053264,-0.099476845,-0.346479781,-0.186554016,-0.052906044,-0.233767738,-0.189249194,0.051813546,-0.49259105,-0.084160551,-0.033020927,-0.508503216,-0.167036105,-0.027016165,-0.320023264,-0.163368243,0.017619121,-0.224830499,-0.144921023,0.146581205,-0.458727207,-0.102538999,0.076736807,-0.537443397,-0.150659981,0.043705292,-0.425368505,-0.138538987,0.055374409,-0.360041508,-0.119750447,one
0,0,0,-0.138375987,-0.052842865,-0.078211719,-0.251145079,-0.174723426,-0.132393465,-0.263221476,-0.293697403,-0.187890654,-0.213185842,-0.396398291,-0.237630336,-0.165364915,-0.481260095,-0.065314844,-0.200122463,-0.723592468,-0.131616254,-0.224276926,-0.849294906,-0.170789075,-0.229006236,-0.953166308,-0.197560456,-0.067131548,-0.492095903,-0.065246894,-0.138384545,-0.53249789,-0.16719255,-0.121934975,-0.343393638,-0.202043249,-0.084019226,-0.205510065,-0.205714963,0.028336999,-0.481559344,-0.075950503,-0.051952063,-0.502603938,-0.162002432,-0.044289203,-0.33562222,-0.15788494,-0.008791769,-0.224967028,-0.136585918,0.125797433,-0.454705562,-0.095357721,0.047676254,-0.503725151,-0.148832015,0.029075809,-0.38081821,-0.142411292,0.048890148,-0.291486086,-0.125278591,one
0,0,0,-0.14433055,-0.060837588,-0.075719216,-0.257134232,-0.205527528,-0.127260343,-0.261447726,-0.331249618,-0.181234562,-0.20285358,-0.425187941,-0.229262102,-0.162897089,-0.504496103,-0.059500462,-0.190535314,-0.739671939,-0.123579016,-0.215691846,-0.856235948,-0.159782546,-0.222747795,-0.957083147,-0.185405687,-0.060680511,-0.515708525,-0.061740023,-0.128984275,-0.548412788,-0.160337358,-0.115231331,-0.353637815,-0.192086873,-0.079906131,-0.220308076,-0.195028392,0.035970688,-0.503194688,-0.075168516,-0.046696927,-0.513685285,-0.161393698,-0.042166494,-0.336691575,-0.157186212,-0.008341706,-0.227727711,-0.136549892,0.133910907,-0.47353866,-0.097136482,0.047867255,-0.510885197,-0.150056577,0.029395593,-0.385441592,-0.14472888,0.051252752,-0.302931325,-0.129603445,one
0,0,0,-0.139885882,-0.047922309,-0.072100808,-0.257837362,-0.193648082,-0.117584248,-0.272169048,-0.322283733,-0.165716952,-0.229446468,-0.426479097,-0.206846672,-0.17894417,-0.49988555,-0.048889218,-0.210957788,-0.733996035,-0.110871733,-0.231841761,-0.853657179,-0.144787873,-0.237946063,-0.956564846,-0.168420211,-0.079313609,-0.509895419,-0.052201806,-0.146368446,-0.548260385,-0.152643659,-0.126414691,-0.356689438,-0.18209019,-0.09001493,-0.229419381,-0.180331173,0.016820262,-0.501078575,-0.067157201,-0.061863657,-0.508423505,-0.15284397,-0.053833579,-0.330096363,-0.143776407,-0.020694681,-0.232440357,-0.117863017,0.116411928,-0.476771855,-0.09072136,0.030967838,-0.502516723,-0.138529141,0.018360883,-0.379417177,-0.129964552,0.043868001,-0.314265302,-0.11247266,one
0,0,0,-0.138750904,-0.037871665,-0.075724477,-0.266918656,-0.175057913,-0.124163083,-0.290266226,-0.313500861,-0.174374564,-0.239691735,-0.408593177,-0.217894585,-0.199458141,-0.491067156,-0.053935659,-0.232194663,-0.726721505,-0.114073462,-0.24895174,-0.849643153,-0.146927083,-0.251668754,-0.952732584,-0.170186549,-0.09993925,-0.505266161,-0.053887994,-0.16813235,-0.531091104,-0.152876524,-0.142893753,-0.347380186,-0.181712933,-0.110137163,-0.221104796,-0.179336007,-0.002476038,-0.498447342,-0.064939504,-0.079769561,-0.491490823,-0.148517278,-0.065923505,-0.322802763,-0.139252909,-0.03769431,-0.220031163,-0.112679009,0.096208647,-0.475295168,-0.085209979,0.015805613,-0.488643956,-0.134188991,0.003584577,-0.371438406,-0.127081683,0.020282144,-0.301236807,-0.109244868,one
0,0,0,-0.141663224,-0.039498498,-0.07397821,-0.267704899,-0.17425063,-0.122723484,-0.289072291,-0.310492309,-0.174115408,-0.244965209,-0.408467306,-0.219768135,-0.196767709,-0.482062965,-0.055297918,-0.231296152,-0.71800455,-0.11819969,-0.24665824,-0.844237173,-0.152644938,-0.248366075,-0.952387157,-0.176841728,-0.099610969,-0.495938964,-0.056711402,-0.169630484,-0.529805626,-0.161157408,-0.148254772,-0.340564862,-0.191994673,-0.116517122,-0.211757086,-0.18991853,-0.003236825,-0.49312283,-0.069169385,-0.087290544,-0.492428954,-0.157874237,-0.069848775,-0.316861138,-0.151845308,-0.035646684,-0.210194056,-0.126450648,0.095405355,-0.473948803,-0.090130053,0.006733057,-0.494209516,-0.143684814,0.002068281,-0.370553666,-0.139211404,0.028187818,-0.295251576,-0.122580422,one
0,0,0,-0.141469892,-0.03154125,-0.073324713,-0.273245393,-0.164866066,-0.120314646,-0.297607756,-0.308235668,-0.169864844,-0.254830765,-0.411361118,-0.213750839,-0.205866808,-0.476665499,-0.055095444,-0.239158087,-0.717114004,-0.114483521,-0.25313789,-0.844153854,-0.146119886,-0.254270934,-0.952248066,-0.16902637,-0.10650237,-0.490856635,-0.055582719,-0.176044004,-0.53000366,-0.15865921,-0.151774983,-0.34166899,-0.188611923,-0.120336555,-0.209472071,-0.185807051,-0.008287498,-0.488743967,-0.066645111,-0.090515754,-0.490583382,-0.152793549,-0.070841262,-0.317185711,-0.146348662,-0.039122431,-0.208694136,-0.121416147,0.090670908,-0.469927587,-0.086315731,0.004479897,-0.486601179,-0.138942259,0.000649814,-0.368035347,-0.136044113,0.023747816,-0.294567743,-0.12105168,one
0,0,0,-0.138956538,-0.048802554,-0.064777448,-0.255612473,-0.186763747,-0.109001943,-0.270536986,-0.312052077,-0.157400971,-0.232622223,-0.412331849,-0.200738182,-0.185498452,-0.487772506,-0.051301613,-0.217419411,-0.72463418,-0.11354468,-0.2337458,-0.849980203,-0.148965459,-0.237599594,-0.955746152,-0.1734812,-0.088550877,-0.495233692,-0.057398233,-0.151947411,-0.538728878,-0.161493995,-0.134954337,-0.347868682,-0.194792921,-0.107411924,-0.213857617,-0.195087034,0.008235178,-0.486977107,-0.073174313,-0.065929587,-0.502341974,-0.15988496,-0.054909497,-0.329028935,-0.153266899,-0.028195504,-0.21897981,-0.12812615,0.106962793,-0.463276125,-0.096530726,0.031478358,-0.507693978,-0.1461614,0.017990722,-0.386943736,-0.137096865,0.033989093,-0.307715435,-0.117978044,one
0,0,0,-0.140900811,-0.033141295,-0.069506142,-0.268077198,-0.166517419,-0.11731379,-0.290991472,-0.302210377,-0.169521457,-0.251776103,-0.398938747,-0.217391282,-0.197092246,-0.488942081,-0.052661523,-0.227377169,-0.726405657,-0.113743768,-0.241081677,-0.85114364,-0.147587991,-0.245493153,-0.954058161,-0.171773507,-0.094777996,-0.502952644,-0.057789637,-0.162501485,-0.532657213,-0.166096271,-0.145069419,-0.341035606,-0.199784021,-0.12025841,-0.203381907,-0.198228398,0.004219244,-0.496892429,-0.07292879,-0.079249814,-0.491207622,-0.166108807,-0.068784452,-0.312120703,-0.160019755,-0.044509763,-0.197388698,-0.132970595,0.103136164,-0.471275658,-0.095970295,0.016719119,-0.480458086,-0.152869412,0.008064881,-0.35456938,-0.147984597,0.027507942,-0.275465527,-0.129819149,one
0,0,0,-0.138567939,-0.050040758,-0.071192562,-0.257362349,-0.189809814,-0.119982802,-0.269833307,-0.310513427,-0.172195585,-0.229519186,-0.397055185,-0.219881945,-0.171281759,-0.493115574,-0.061780857,-0.206282256,-0.731182323,-0.127570119,-0.225221306,-0.852607044,-0.164790293,-0.228593702,-0.95476328,-0.190189374,-0.07511163,-0.503675781,-0.064697603,-0.149930333,-0.539131895,-0.16836816,-0.139078479,-0.346157424,-0.200706481,-0.108460784,-0.213923336,-0.201208214,0.019163762,-0.496732218,-0.07783616,-0.072190741,-0.496332219,-0.165617406,-0.061245479,-0.321057729,-0.163608911,-0.026241192,-0.212986483,-0.142711313,0.114684733,-0.473263796,-0.099013768,0.019802138,-0.490294551,-0.152385121,0.013419341,-0.366419342,-0.15007644,0.043559643,-0.289964347,-0.135900722,one
0,0,0,-0.138285038,-0.047023818,-0.068954971,-0.257800248,-0.183670268,-0.11686011,-0.273934802,-0.307193277,-0.16866821,-0.238540404,-0.403657057,-0.215491539,-0.177003809,-0.491543099,-0.055062428,-0.215917632,-0.731376533,-0.118209871,-0.233470107,-0.854230807,-0.153523501,-0.235719094,-0.955459101,-0.177579321,-0.082809699,-0.500394271,-0.059466466,-0.152049585,-0.535727682,-0.164829717,-0.137489503,-0.34263201,-0.198328653,-0.108422953,-0.207666573,-0.197905191,0.009582856,-0.492920132,-0.073965382,-0.074202475,-0.49489367,-0.161731724,-0.062374715,-0.320985666,-0.15836828,-0.030744327,-0.211808914,-0.135100703,0.103814036,-0.468570846,-0.096354607,0.016304416,-0.493205233,-0.147803228,0.008519137,-0.373055386,-0.143199441,0.033462331,-0.297610792,-0.126779243,one
0,0,0,-0.135081699,-0.056012071,-0.070680445,-0.248710962,-0.198861208,-0.118317547,-0.260682244,-0.322663751,-0.169129425,-0.217058362,-0.41418423,-0.214199077,-0.167631091,-0.495910665,-0.055707471,-0.201364279,-0.733441595,-0.119556337,-0.21991473,-0.855358062,-0.155563202,-0.221919975,-0.958257556,-0.180260869,-0.072130006,-0.505661145,-0.059169383,-0.143346173,-0.538632021,-0.163428172,-0.131071945,-0.347664786,-0.196091879,-0.100375536,-0.215816744,-0.19582221,0.021041737,-0.496647565,-0.073105477,-0.063520547,-0.500086887,-0.161057896,-0.052684078,-0.329581644,-0.156923568,-0.01882383,-0.223356946,-0.133481553,0.11682525,-0.471228465,-0.095211966,0.029679186,-0.500678469,-0.146572166,0.017427108,-0.380061968,-0.140878489,0.041193523,-0.303575488,-0.124004226,one
0,0,0,-0.13681888,-0.053327415,-0.072658065,-0.253799086,-0.191801945,-0.123077123,-0.267305107,-0.311492968,-0.175693337,-0.231151816,-0.403291265,-0.224254243,-0.163920812,-0.492923005,-0.066369622,-0.195952529,-0.728102588,-0.129918475,-0.215829901,-0.852175483,-0.16730314,-0.219526115,-0.95622315,-0.193508586,-0.067923598,-0.501266206,-0.067344821,-0.142619714,-0.540832914,-0.165993827,-0.135216963,-0.352218497,-0.198568493,-0.107158963,-0.217360616,-0.20132906,0.025214995,-0.492201983,-0.077795812,-0.063410491,-0.501878174,-0.160190823,-0.057399227,-0.330718404,-0.157496005,-0.027627028,-0.216961354,-0.138009676,0.120371706,-0.465969936,-0.096424354,0.031667871,-0.501539792,-0.147644363,0.018166561,-0.378203429,-0.143754832,0.040666768,-0.292752342,-0.129056359,one
0,0,0,-0.139362288,-0.053362238,-0.069665525,-0.258339075,-0.198874132,-0.116316769,-0.269786619,-0.322645348,-0.164756168,-0.224526373,-0.405684825,-0.209333691,-0.162665914,-0.490276746,-0.066132277,-0.194189956,-0.721350228,-0.129574732,-0.21679684,-0.847891594,-0.168343208,-0.224591739,-0.954559777,-0.195893292,-0.067553564,-0.500035597,-0.066061333,-0.143511439,-0.540678837,-0.161897093,-0.134571838,-0.351976657,-0.194725591,-0.104456774,-0.21625513,-0.198820279,0.025214787,-0.492959406,-0.074831271,-0.065012566,-0.502983011,-0.156267683,-0.056284026,-0.333099881,-0.156321416,-0.02318409,-0.218547397,-0.139384717,0.11958588,-0.469131153,-0.091141661,0.03112707,-0.502403843,-0.143429293,0.019267911,-0.377715168,-0.141886718,0.045452736,-0.291742708,-0.129183769,one
0,0,0,-0.137840382,-0.045263168,-0.06816903,-0.259877239,-0.183076761,-0.115099465,-0.280681068,-0.307725035,-0.165956549,-0.248329924,-0.39756891,-0.212545263,-0.187230644,-0.488674309,-0.05717488,-0.219729962,-0.725884101,-0.120738558,-0.233598358,-0.850254334,-0.157859006,-0.237158844,-0.954039779,-0.183204213,-0.088985696,-0.500682254,-0.061641675,-0.155324776,-0.531844027,-0.166631375,-0.137789917,-0.34190474,-0.20168288,-0.111089435,-0.206030947,-0.202791264,0.008464692,-0.493406878,-0.075505333,-0.068906689,-0.491146571,-0.163532793,-0.058157369,-0.318583553,-0.160328476,-0.031678828,-0.206397626,-0.137158765,0.106563934,-0.468925849,-0.097169574,0.031657997,-0.48800559,-0.148871435,0.020111005,-0.365254703,-0.143182629,0.039133194,-0.286373605,-0.125863616,one
0,0,0,-0.147323535,-0.039348037,-0.071830885,-0.278245784,-0.187893588,-0.121153227,-0.29497806,-0.30964771,-0.172454237,-0.233136574,-0.370303461,-0.219357922,-0.169503132,-0.489025024,-0.074066024,-0.203027782,-0.720755166,-0.138886224,-0.225779212,-0.846989458,-0.176913526,-0.233934892,-0.95053075,-0.204366728,-0.06371402,-0.50692901,-0.075445071,-0.144054029,-0.495993856,-0.172823611,-0.13118012,-0.30500683,-0.206384446,-0.098317228,-0.171870037,-0.212158084,0.037622746,-0.492476385,-0.085247384,-0.061917444,-0.454497941,-0.170321218,-0.055733852,-0.279965177,-0.169889909,-0.020755136,-0.17047518,-0.153168512,0.138597803,-0.457551981,-0.102804618,0.037922963,-0.442715166,-0.157394318,0.021447723,-0.311191479,-0.155276838,0.047862364,-0.227425039,-0.141639252,one
0,0,0,-0.142002224,-0.043823194,-0.062410651,-0.271220156,-0.187024605,-0.102282004,-0.295114947,-0.329508873,-0.146469154,-0.241956315,-0.390107285,-0.185236665,-0.186166344,-0.504661969,-0.044352711,-0.233217868,-0.734120987,-0.102014569,-0.256291723,-0.855372484,-0.132550832,-0.265960403,-0.951634393,-0.153808473,-0.087101989,-0.528257472,-0.048525027,-0.193520074,-0.541045979,-0.149580591,-0.170811531,-0.350414052,-0.178741022,-0.130537814,-0.218230499,-0.173537466,0.009371969,-0.531444264,-0.062271279,-0.110478057,-0.487807344,-0.145268085,-0.084843844,-0.32173253,-0.141217865,-0.041617541,-0.221632512,-0.11639688,0.102961448,-0.515331169,-0.084375161,-0.010731754,-0.483993127,-0.130615173,-0.010871286,-0.368409323,-0.128485618,0.01972587,-0.304430013,-0.113097161,one
0,0,0,-0.129911658,-0.014639004,-0.05690101,-0.27089506,-0.135293807,-0.097540182,-0.315980239,-0.27062417,-0.14250455,-0.268304473,-0.354150102,-0.183768714,-0.213269563,-0.470548538,-0.053817317,-0.261204817,-0.703132281,-0.118684375,-0.279818034,-0.832321796,-0.157631206,-0.285686143,-0.940283447,-0.185068817,-0.112014165,-0.504396848,-0.060607075,-0.193376772,-0.492653273,-0.16728063,-0.159154526,-0.306872559,-0.196613212,-0.120366868,-0.174512658,-0.19161447,-0.009308128,-0.507739648,-0.075726888,-0.093979308,-0.457012741,-0.16436915,-0.067712249,-0.290527608,-0.150188003,-0.033350217,-0.178538714,-0.117310654,0.093773353,-0.487781282,-0.098679616,0.008090221,-0.47402861,-0.152146057,-0.001878725,-0.350206849,-0.140648456,0.016101845,-0.267510037,-0.116144031,one
0,0,0,-0.126126992,-0.010912465,-0.059325945,-0.259308502,-0.136830559,-0.102736634,-0.285093606,-0.2558368,-0.147759683,-0.235104918,-0.330647969,-0.189397179,-0.194637368,-0.457803291,-0.076666967,-0.240672709,-0.688532582,-0.151396481,-0.265380177,-0.819180391,-0.202157609,-0.278944245,-0.93024863,-0.238385391,-0.096504523,-0.476313163,-0.079498416,-0.1648302,-0.475140248,-0.179203858,-0.140339689,-0.271529558,-0.20818513,-0.109532873,-0.148679934,-0.209510406,0.005085783,-0.470462969,-0.08974437,-0.075394193,-0.447855934,-0.171764872,-0.05845047,-0.261856342,-0.155634189,-0.030262979,-0.151559341,-0.127572295,0.110078084,-0.448716815,-0.107182422,0.02855273,-0.453420514,-0.163858037,0.014795115,-0.318820893,-0.150593622,0.032359553,-0.239920075,-0.126271823,one
0,0,0,-0.125146843,-0.004983323,-0.078639799,-0.261221788,-0.101815491,-0.139256515,-0.300828754,-0.194452743,-0.196778218,-0.243494026,-0.244229863,-0.249128532,-0.222434092,-0.428698821,-0.119896147,-0.268174126,-0.664748726,-0.206266702,-0.286233375,-0.793546597,-0.258634924,-0.293926885,-0.908946372,-0.295674617,-0.110703939,-0.466659144,-0.115440907,-0.172731633,-0.407659158,-0.216725475,-0.144840629,-0.205467147,-0.232052022,-0.114262237,-0.110423769,-0.22684219,0.000311619,-0.451313518,-0.119561769,-0.067239769,-0.373384182,-0.205606538,-0.051311327,-0.196409368,-0.173501437,-0.029257213,-0.117047772,-0.135718388,0.108329989,-0.413011541,-0.132741633,0.040674391,-0.365362682,-0.192467592,0.027075433,-0.230356758,-0.171420532,0.036750509,-0.169279849,-0.140976717,one
0,0,0,-0.065832849,0.058285519,0.02813988,-0.074623417,-0.04478457,0.017822623,-0.033963772,-0.156712549,-0.037073159,-0.031084086,-0.256782459,-0.091912705,-0.101973216,-0.613767184,0.080621841,-0.311256793,-0.59704308,-0.028053656,-0.378072311,-0.317144233,-0.117138964,-0.335039108,-0.114661729,-0.172380325,0.018171738,-0.728068721,-0.013280355,-0.15309218,-0.698126104,-0.164172105,-0.175840084,-0.251390141,-0.250049106,-0.137457659,0.032473973,-0.285989919,0.185558578,-0.807512721,-0.116206124,0.043096237,-0.838341527,-0.284458509,0.012132073,-0.342742236,-0.320829803,0.037177065,-0.019079653,-0.309205788,0.387916444,-0.82250304,-0.217123926,0.335016096,-0.880253986,-0.336031449,0.274077012,-0.525741729,-0.322162302,0.267707599,-0.24852775,-0.28325381,one
0,0,0,-0.13186458,-0.10412912,-0.063771473,-0.248992708,-0.321873771,-0.131167622,-0.283166406,-0.466927245,-0.204699229,-0.286824884,-0.542571439,-0.273790065,-0.113553634,-0.620048819,-0.130196797,-0.246293404,-0.827805848,-0.237081313,-0.301681516,-0.820269697,-0.306228103,-0.286326359,-0.891899158,-0.350047295,0.020144552,-0.634455805,-0.147995162,-0.068370407,-0.664334013,-0.260046987,-0.05888383,-0.367134346,-0.297444612,-0.012288257,-0.2220414,-0.314415816,0.160447095,-0.605668203,-0.171578471,0.064762656,-0.669461525,-0.275653653,0.058264286,-0.364646763,-0.279090372,0.104886817,-0.195472299,-0.266463516,0.306575722,-0.551091369,-0.199014089,0.264610985,-0.735607049,-0.253523611,0.204984071,-0.6225448,-0.228165591,0.18812024,-0.534788545,-0.199599432,one
0,0,0,-0.126126094,-0.070520488,-0.071376225,-0.23470208,-0.220047832,-0.125736907,-0.238970862,-0.322894588,-0.180323205,-0.179294468,-0.381427476,-0.230924337,-0.107381283,-0.486673653,-0.093762479,-0.13865995,-0.719359218,-0.167669914,-0.161681922,-0.849584203,-0.21270136,-0.167345495,-0.955756936,-0.24191768,-0.011059715,-0.489437177,-0.091529207,-0.099655721,-0.501688734,-0.177511435,-0.102235353,-0.323794371,-0.203026306,-0.074059889,-0.204523437,-0.20781125,0.076594559,-0.461734495,-0.097458199,-0.027692514,-0.455746366,-0.172158916,-0.031371813,-0.288693032,-0.171413708,0.00205826,-0.184777982,-0.157991871,0.16757062,-0.417555927,-0.110467463,0.075299709,-0.45077932,-0.160346801,0.056512797,-0.332071862,-0.156039046,0.082335081,-0.249612313,-0.141873586,one
0,0,0,-0.128619091,-0.042216052,-0.080763205,-0.249219673,-0.172192769,-0.135448342,-0.272221879,-0.304468066,-0.191418365,-0.220929299,-0.398891181,-0.242071685,-0.159431315,-0.4842527,-0.074590454,-0.181128162,-0.728039207,-0.141578166,-0.182947833,-0.857932694,-0.176599626,-0.173991971,-0.964096315,-0.200611789,-0.058240538,-0.495537062,-0.072832181,-0.129362363,-0.510431734,-0.185961924,-0.120022151,-0.317090891,-0.216246116,-0.098961693,-0.184019324,-0.210023664,0.039071023,-0.48242008,-0.081488175,-0.050945146,-0.451724504,-0.177248415,-0.045487543,-0.277997886,-0.168307226,-0.021167968,-0.174412715,-0.137878452,0.13528979,-0.448631115,-0.099185421,0.043973535,-0.428504667,-0.157956223,0.034327243,-0.308815331,-0.153550465,0.056785272,-0.242341421,-0.133803289,one
0,0,0,-0.120692125,-0.043927531,-0.069051886,-0.23052325,-0.174569124,-0.121350971,-0.252572732,-0.303243011,-0.175883426,-0.202951141,-0.395380431,-0.227358512,-0.143927401,-0.469010888,-0.076733523,-0.158172937,-0.718926469,-0.148058172,-0.160625688,-0.853020051,-0.18964533,-0.154283576,-0.963559459,-0.218517155,-0.046089537,-0.470293178,-0.079350616,-0.111666279,-0.504489247,-0.192031818,-0.109878483,-0.313725511,-0.221571201,-0.093592032,-0.18091987,-0.217302802,0.052002963,-0.452379217,-0.090930432,-0.028714521,-0.46184139,-0.184900874,-0.028761461,-0.285923831,-0.169633245,-0.00787569,-0.17299609,-0.136955852,0.151975412,-0.415840656,-0.110210358,0.070121638,-0.442006192,-0.169462466,0.054985239,-0.320036068,-0.158557391,0.075040955,-0.243234005,-0.134771122,one
0,0,0,-0.118630128,-0.054418489,-0.069444018,-0.228622357,-0.196251037,-0.119410338,-0.242897516,-0.322514084,-0.170281314,-0.185782104,-0.395087524,-0.217905716,-0.131493728,-0.479059121,-0.08132275,-0.14022279,-0.719233764,-0.152236713,-0.136611996,-0.854986189,-0.194830707,-0.123831519,-0.966606397,-0.224360932,-0.031265671,-0.478655624,-0.082317512,-0.097253886,-0.497575068,-0.190152771,-0.09660541,-0.311028211,-0.219985149,-0.078696796,-0.177439882,-0.217171258,0.066371767,-0.451032388,-0.091426354,-0.010101725,-0.441459365,-0.184430498,-0.016302563,-0.27533316,-0.171796202,-0.001901625,-0.161569532,-0.140523195,0.161659755,-0.404023765,-0.108199787,0.085833592,-0.416768582,-0.17086027,0.060424471,-0.295501418,-0.161453348,0.069006713,-0.211043725,-0.137310062,one
0,0,0,-0.119873618,-0.041764464,-0.064232502,-0.231063314,-0.19345761,-0.111467977,-0.237629731,-0.322767447,-0.160705717,-0.178137955,-0.387579031,-0.207007378,-0.121347509,-0.476354768,-0.079438462,-0.127642131,-0.730284113,-0.152890361,-0.117272741,-0.860780342,-0.197887238,-0.098955374,-0.968222627,-0.22967973,-0.021003969,-0.467195164,-0.083621909,-0.088401267,-0.490170693,-0.19860259,-0.098654119,-0.289586937,-0.229464037,-0.090735005,-0.151637043,-0.226124211,0.076368232,-0.43153389,-0.095503064,0.003365359,-0.439002502,-0.193748934,-0.017024727,-0.257184936,-0.175108204,-0.011796493,-0.140354736,-0.138895499,0.174005405,-0.375560022,-0.114537259,0.101098221,-0.391179145,-0.181461717,0.066259536,-0.262768037,-0.169404016,0.071631006,-0.184121466,-0.142417538,one
0,0,0,-0.116369967,-0.048686157,-0.073056301,-0.215637695,-0.177031223,-0.12734961,-0.234378995,-0.312174555,-0.182597121,-0.181349837,-0.405324557,-0.235052137,-0.120945636,-0.475763998,-0.082090716,-0.119319498,-0.723450839,-0.156168691,-0.109015903,-0.857799756,-0.200986134,-0.092944153,-0.968276339,-0.231953261,-0.019860304,-0.471810202,-0.083967603,-0.086714229,-0.491032737,-0.202501588,-0.090033823,-0.297625937,-0.232642453,-0.076850882,-0.163266529,-0.226787175,0.076671311,-0.438592523,-0.094528489,0.00300025,-0.434012474,-0.195671717,-0.011108607,-0.25869466,-0.174608828,-0.004252647,-0.148523471,-0.135069507,0.170805301,-0.38504028,-0.112995946,0.1022125,-0.39475731,-0.175017201,0.070144374,-0.275561635,-0.157878409,0.072709189,-0.203471292,-0.12761337,one
0,0,0,-0.124256551,-0.051707995,-0.068606363,-0.238295323,-0.199133609,-0.117087815,-0.245696131,-0.316248017,-0.166519688,-0.190770219,-0.387570021,-0.212428475,-0.116616787,-0.480853674,-0.081192596,-0.135782163,-0.718493182,-0.1518048,-0.141273407,-0.854533593,-0.195792452,-0.135144081,-0.964771386,-0.22572605,-0.021984011,-0.478513002,-0.079441688,-0.108764122,-0.500868837,-0.177433285,-0.120146932,-0.314937012,-0.207393846,-0.10612651,-0.183126867,-0.208394573,0.069546609,-0.45136672,-0.085743678,-0.038663729,-0.440942332,-0.166882697,-0.041543832,-0.271860329,-0.163775158,-0.016423498,-0.15990216,-0.144143962,0.161567308,-0.406690621,-0.099482411,0.055372257,-0.412966701,-0.154828016,0.039121775,-0.292028693,-0.153073331,0.063809909,-0.209150707,-0.137280296,one
0,0,0,-0.120536465,-0.077696539,-0.067046665,-0.227274216,-0.212117544,-0.119677976,-0.250238889,-0.330175336,-0.176494064,-0.203978342,-0.415957589,-0.228813494,-0.116401376,-0.507497179,-0.067178327,-0.128986379,-0.7443796,-0.137733972,-0.132853873,-0.869722303,-0.179496463,-0.130791922,-0.969818885,-0.205778529,-0.017269061,-0.504676829,-0.071777996,-0.101818231,-0.505669316,-0.180614535,-0.102330033,-0.321206349,-0.214594855,-0.084886575,-0.187075972,-0.213224847,0.075365416,-0.476521534,-0.085501378,-0.020728578,-0.447643431,-0.174766606,-0.024631969,-0.286037957,-0.16712277,-0.006746722,-0.182202111,-0.138915778,0.164570833,-0.43419829,-0.107116082,0.075929995,-0.426167387,-0.156795546,0.060658109,-0.317913043,-0.14667554,0.079397596,-0.252211049,-0.123474046,one
0,0,0,-0.10925104,-0.096714417,-0.048726435,-0.195617952,-0.267920627,-0.093909287,-0.206922598,-0.370384546,-0.145285882,-0.157804759,-0.402113617,-0.19674204,-0.057532314,-0.501842689,-0.07820918,-0.076009929,-0.732486785,-0.149064483,-0.096182314,-0.861740697,-0.195430454,-0.105900947,-0.968598682,-0.224947957,0.040509876,-0.494127166,-0.088468746,-0.04006276,-0.516169673,-0.176353986,-0.058636632,-0.333748056,-0.209158559,-0.049265887,-0.195317911,-0.218515306,0.129250685,-0.453860263,-0.103600673,0.042462681,-0.461551709,-0.182693965,0.020034326,-0.29194729,-0.186538484,0.034561815,-0.170482156,-0.174152753,0.217299508,-0.398003303,-0.122933843,0.15609293,-0.457752757,-0.17234605,0.117894248,-0.335241654,-0.161374103,0.121291625,-0.235421397,-0.14200328,one
0,0,0,-0.107853817,-0.050682738,-0.052919799,-0.202910401,-0.207694224,-0.089456343,-0.245452396,-0.347250209,-0.131037074,-0.238938756,-0.453834564,-0.170602946,-0.109477627,-0.513642943,-0.043675218,-0.120962327,-0.743922162,-0.105129534,-0.11491432,-0.874808732,-0.142749206,-0.10962174,-0.979366943,-0.169774746,-0.010751228,-0.51856586,-0.055423153,-0.093342187,-0.49763494,-0.167031387,-0.09751407,-0.299911584,-0.194544776,-0.077421792,-0.167043198,-0.18571801,0.081486988,-0.48257305,-0.07526132,-0.009109488,-0.42175782,-0.170981613,-0.015296119,-0.251379917,-0.147814668,0.00170896,-0.160859704,-0.106740969,0.17018246,-0.416817548,-0.101763728,0.086943701,-0.383434647,-0.155924257,0.062126771,-0.265574103,-0.132910101,0.073985995,-0.206718632,-0.098660795,one
0,0,0,-0.1198956,-0.058112165,-0.059529554,-0.216776927,-0.204211031,-0.103078833,-0.246755881,-0.333605249,-0.149902022,-0.212313306,-0.421643638,-0.19260764,-0.119603555,-0.506611103,-0.059368161,-0.129709294,-0.745474637,-0.128567032,-0.128495992,-0.872782077,-0.17117063,-0.125327163,-0.971731998,-0.20007505,-0.017787948,-0.507011993,-0.065739863,-0.104979486,-0.487585103,-0.178281764,-0.108492568,-0.289290102,-0.208496633,-0.08939555,-0.15280115,-0.202713314,0.076466018,-0.474419173,-0.080392922,-0.017364861,-0.422319953,-0.173687295,-0.026499323,-0.251610858,-0.154504019,-0.01010032,-0.154574364,-0.11760677,0.164958653,-0.4191394,-0.102229884,0.079505472,-0.385568061,-0.155726686,0.056555444,-0.263345065,-0.137079381,0.073002331,-0.199585,-0.105943386,one
0,0,0,-0.120770966,-0.05897131,-0.062211137,-0.22212688,-0.200962072,-0.11097377,-0.249305959,-0.303741409,-0.162707526,-0.211392667,-0.369341008,-0.211029226,-0.124544185,-0.479658767,-0.082503168,-0.155911002,-0.724270891,-0.160365645,-0.171602068,-0.853592267,-0.209541615,-0.178139601,-0.953979874,-0.241223303,-0.019999726,-0.482367784,-0.088462066,-0.113250378,-0.44939675,-0.198433649,-0.116863925,-0.253188949,-0.233595025,-0.097974601,-0.118905478,-0.23603496,0.075426146,-0.447096599,-0.101723282,-0.03028874,-0.397784611,-0.192789315,-0.031338963,-0.229365076,-0.18448219,-0.005943866,-0.128674365,-0.158875336,0.167012248,-0.398047732,-0.12175507,0.067474697,-0.363013458,-0.177211733,0.050481849,-0.239995787,-0.165942465,0.07543478,-0.172426377,-0.142254019,one
0,0,0,-0.121341429,-0.068530115,-0.051220904,-0.218760367,-0.215856328,-0.097590141,-0.247007527,-0.315770791,-0.149791878,-0.209792902,-0.378483866,-0.200348927,-0.114086455,-0.484310442,-0.079474305,-0.149164162,-0.724514307,-0.15887678,-0.173135786,-0.850778497,-0.210022805,-0.183923792,-0.95238073,-0.243193305,-0.010613672,-0.481667157,-0.092036778,-0.1065492,-0.465078901,-0.19538015,-0.118014302,-0.267331476,-0.230994455,-0.098490229,-0.135662056,-0.238239077,0.083443889,-0.442384885,-0.110756403,-0.025782999,-0.419815298,-0.198735861,-0.032605459,-0.238838548,-0.194599844,-0.001142725,-0.129749119,-0.175235389,0.177125332,-0.388980887,-0.13455453,0.078121216,-0.392735995,-0.189521677,0.056571316,-0.25884231,-0.177484478,0.085166062,-0.177336078,-0.155422597,one
0,0,0,-0.122532737,-0.053858349,-0.05650845,-0.228127811,-0.204311108,-0.100639227,-0.266622576,-0.314307126,-0.148551654,-0.247274907,-0.38292467,-0.193401612,-0.128539444,-0.487986167,-0.075748111,-0.159328437,-0.731878091,-0.149103666,-0.175574931,-0.856848049,-0.19464962,-0.183923296,-0.956990532,-0.224368764,-0.023346491,-0.487614393,-0.083835984,-0.115171472,-0.458122807,-0.188971527,-0.118756568,-0.258453217,-0.221258038,-0.099219469,-0.129194926,-0.222533544,0.073177056,-0.449717444,-0.098690787,-0.030404433,-0.407310124,-0.1858731,-0.034822271,-0.233275126,-0.17440768,-0.01004702,-0.135827279,-0.147610231,0.165974039,-0.398321015,-0.119806735,0.069166629,-0.373301287,-0.171914488,0.050048545,-0.249461232,-0.157827745,0.075406053,-0.18537922,-0.132960295,one
0,0,0,-0.129917908,-0.050897612,-0.066195457,-0.240117682,-0.19606385,-0.115307754,-0.265097015,-0.317149318,-0.167397871,-0.216965736,-0.391517144,-0.214746873,-0.144650694,-0.494515529,-0.074736492,-0.158794317,-0.73885894,-0.149005394,-0.163406507,-0.861874058,-0.19244528,-0.166943939,-0.960544556,-0.222449718,-0.038639969,-0.497306281,-0.081867874,-0.118414772,-0.475776152,-0.199278533,-0.115431389,-0.270357274,-0.230745014,-0.093811101,-0.136931831,-0.227356725,0.061303815,-0.46317843,-0.097656851,-0.027395152,-0.409009324,-0.194541004,-0.030862774,-0.237113169,-0.17572999,-0.010327158,-0.148569318,-0.141269052,0.155715297,-0.40811744,-0.1213784,0.070974712,-0.363728799,-0.175963357,0.048355423,-0.241979244,-0.158511091,0.066411409,-0.186891644,-0.130832926,one
0,0,0,-0.125308408,-0.053764093,-0.058735207,-0.234745641,-0.200789903,-0.102293784,-0.263010065,-0.325864074,-0.149228745,-0.218164819,-0.400235276,-0.191925905,-0.134379011,-0.498557308,-0.066269456,-0.151902059,-0.735397874,-0.136462614,-0.156203642,-0.86170453,-0.180241473,-0.155602726,-0.965070308,-0.210777354,-0.030730793,-0.499565705,-0.073134948,-0.112061365,-0.476700731,-0.179986539,-0.112009329,-0.281464364,-0.210570339,-0.093033021,-0.152261854,-0.208856217,0.066922287,-0.466555146,-0.08764918,-0.026282786,-0.417954299,-0.174815229,-0.031427962,-0.249329136,-0.157342456,-0.012493179,-0.15321195,-0.125330313,0.159371012,-0.414382141,-0.109612216,0.067760444,-0.381431021,-0.160861775,0.047654685,-0.260885421,-0.144947186,0.068386679,-0.197240838,-0.118108451,one
0,0,0,-0.117196436,-0.12689867,-0.042093657,-0.197204905,-0.32437968,-0.090878134,-0.218365825,-0.43829997,-0.146539929,-0.193028289,-0.474439743,-0.205376511,-0.035975005,-0.506059893,-0.096790515,-0.065212046,-0.738579611,-0.175638862,-0.081463721,-0.85891917,-0.229336066,-0.085782973,-0.960803302,-0.263625294,0.074191824,-0.49183077,-0.112627418,-0.002065197,-0.468114707,-0.205343912,-0.024413088,-0.257314937,-0.23916087,-0.022157971,-0.117681352,-0.249331001,0.165484486,-0.434823732,-0.13093657,0.064542129,-0.412452534,-0.213374357,0.042756061,-0.219087498,-0.21871039,0.057375308,-0.091068759,-0.207413134,0.254739561,-0.359381387,-0.152284936,0.178957954,-0.405922711,-0.201296993,0.13416956,-0.285460302,-0.186849235,0.130398773,-0.189318145,-0.164916899,one
0,0,0,-0.108583548,-0.076102074,-0.049832014,-0.203573437,-0.23725236,-0.096954767,-0.225786701,-0.33731129,-0.149338124,-0.178850618,-0.382298392,-0.200672533,-0.070842696,-0.497952077,-0.08338656,-0.093738822,-0.731828639,-0.156936134,-0.112147917,-0.861668583,-0.203391836,-0.116784798,-0.965359773,-0.233327708,0.028159034,-0.493185329,-0.093551966,-0.065116277,-0.485328261,-0.184019333,-0.080154868,-0.295465686,-0.215201067,-0.062652917,-0.163334137,-0.223373964,0.118371274,-0.4505952,-0.108787609,0.010384011,-0.429412873,-0.185413592,-0.003701086,-0.255850752,-0.186280587,0.023338513,-0.141423479,-0.174008052,0.210965851,-0.390420383,-0.129152309,0.116396393,-0.413705797,-0.17720117,0.08419614,-0.28623324,-0.168334706,0.101857231,-0.194937223,-0.150954225,one
0,0,0,-0.120824765,-0.057091254,-0.062584535,-0.226668229,-0.208912961,-0.109538538,-0.2491778,-0.325768607,-0.159206024,-0.201632515,-0.389338181,-0.204791662,-0.114753189,-0.490362903,-0.073371887,-0.130223637,-0.729461519,-0.145450879,-0.137424086,-0.858818797,-0.191370736,-0.136844141,-0.965229716,-0.22272242,-0.014450902,-0.485098417,-0.078410711,-0.095500231,-0.474588177,-0.181018354,-0.098900922,-0.288763145,-0.213110708,-0.081975367,-0.165167126,-0.214842812,0.0794958,-0.450781038,-0.091366092,-0.019774657,-0.422441624,-0.175623674,-0.024163059,-0.25631944,-0.164839034,-0.003978485,-0.156830589,-0.139134511,0.171347977,-0.402638459,-0.111878826,0.073473,-0.392689072,-0.16460018,0.050455702,-0.270553892,-0.153536086,0.068091972,-0.197789867,-0.130662329,one
0,0,0,-0.118386021,-0.069155066,-0.063190555,-0.218141004,-0.223701441,-0.112386875,-0.238841866,-0.333073197,-0.16393764,-0.193339601,-0.397932791,-0.211871473,-0.101146,-0.491617222,-0.083618258,-0.119659312,-0.731639379,-0.155921172,-0.131348685,-0.860921571,-0.199716973,-0.130613463,-0.964861717,-0.227995591,-0.00244677,-0.488436239,-0.087159011,-0.087660506,-0.479774649,-0.183656663,-0.095235815,-0.297394396,-0.211901144,-0.07280978,-0.175200107,-0.213250834,0.089398042,-0.453220774,-0.098074496,-0.013266845,-0.426865414,-0.182153949,-0.02427171,-0.259176883,-0.175169593,-2.38E-05,-0.15832472,-0.152791067,0.180190937,-0.403895002,-0.115612668,0.081432112,-0.39947711,-0.170480825,0.056549719,-0.270065535,-0.161469814,0.078286704,-0.189689378,-0.14040283,one
0,0,0,-0.120672587,-0.065173149,-0.06592124,-0.226565279,-0.221913334,-0.115298813,-0.247834391,-0.341724732,-0.167409607,-0.19425141,-0.398108825,-0.215133797,-0.110813737,-0.495340255,-0.074964399,-0.125007739,-0.736924155,-0.146873941,-0.132898629,-0.86502867,-0.190806359,-0.13526714,-0.966120391,-0.219804891,-0.011263115,-0.490734176,-0.079554263,-0.083379008,-0.487400452,-0.185524166,-0.090742315,-0.303542587,-0.218481184,-0.078904126,-0.172879646,-0.219152003,0.082383879,-0.456988056,-0.092388889,-0.005665106,-0.42617897,-0.182201845,-0.017746338,-0.261036058,-0.173454325,-0.00331874,-0.159402531,-0.146843961,0.173137622,-0.407980679,-0.112646307,0.086662955,-0.389116294,-0.167054465,0.060585711,-0.267733575,-0.156759432,0.075304909,-0.19541512,-0.134087504,one
0,0,0,-0.115281433,-0.070451905,-0.056757718,-0.214809588,-0.224984268,-0.104126669,-0.234385524,-0.338594773,-0.15449114,-0.183132116,-0.393279502,-0.20154266,-0.097996095,-0.488141104,-0.075334673,-0.122066531,-0.729161284,-0.147525347,-0.136643923,-0.860861658,-0.194126346,-0.142349819,-0.963940468,-0.224845063,-0.002477487,-0.480753943,-0.081902807,-0.076760111,-0.480831884,-0.180149965,-0.086116363,-0.301012497,-0.210480426,-0.072153545,-0.176595726,-0.212669987,0.087851039,-0.445073699,-0.095328953,-0.000701219,-0.431077401,-0.177994676,-0.01638902,-0.271154961,-0.167010706,-0.002815362,-0.168354778,-0.141852648,0.177446398,-0.394998749,-0.115288059,0.091454513,-0.402233391,-0.167595522,0.059996669,-0.280826339,-0.154524263,0.071061188,-0.201065559,-0.130860679,one
0,0,0,-0.113397873,-0.078213121,-0.058423912,-0.209595158,-0.241087101,-0.104045862,-0.241469424,-0.358244177,-0.154839811,-0.211689755,-0.433779648,-0.203146407,-0.096114383,-0.490318067,-0.072329619,-0.117234509,-0.738008187,-0.147941538,-0.134342443,-0.865719651,-0.19529002,-0.14379227,-0.963785679,-0.224590625,0.005392391,-0.482860124,-0.08050775,-0.08303644,-0.47641641,-0.190720581,-0.095926498,-0.277642198,-0.228129235,-0.085660953,-0.132627022,-0.231294989,0.101010957,-0.44446631,-0.095921473,-0.001598367,-0.414946544,-0.189067763,-0.016683979,-0.237627783,-0.184732394,-0.002314828,-0.121046848,-0.160561156,0.194351994,-0.393714986,-0.11770544,0.097112724,-0.379260507,-0.173793401,0.065081939,-0.252378586,-0.163618097,0.077223706,-0.169502071,-0.140539659,one
0,0,0,-0.105743175,-0.056894907,-0.067321806,-0.196498675,-0.193976555,-0.117853427,-0.221232444,-0.315377249,-0.170486754,-0.181621336,-0.407666596,-0.21911512,-0.11057191,-0.507346777,-0.068325731,-0.119569244,-0.747880903,-0.139024335,-0.113499204,-0.874082409,-0.180937948,-0.107906312,-0.971884323,-0.209277545,-0.007327629,-0.502282599,-0.074416087,-0.078295843,-0.485123019,-0.191196237,-0.090498815,-0.287226043,-0.219045312,-0.079633339,-0.15371909,-0.210473037,0.086576828,-0.45487136,-0.089551546,0.005764555,-0.396651587,-0.18909397,-0.013439789,-0.227807398,-0.165028937,-0.006946986,-0.141017623,-0.123185498,0.176245567,-0.38218224,-0.112093818,0.102305747,-0.350570224,-0.167326849,0.07374634,-0.23467693,-0.143251847,0.08170232,-0.181017777,-0.10821031,one
0,0,0,-0.120568798,-0.062546162,-0.064470149,-0.226223289,-0.204480136,-0.116326476,-0.267085322,-0.309750232,-0.171457176,-0.234843756,-0.376147925,-0.222750009,-0.126768998,-0.468764373,-0.089593493,-0.139519231,-0.725568915,-0.170934636,-0.150816894,-0.853159942,-0.218933317,-0.159232037,-0.955489546,-0.248364421,-0.022415201,-0.458109772,-0.095229409,-0.109565258,-0.447256002,-0.208149106,-0.124362041,-0.245705627,-0.236733023,-0.112119355,-0.113203995,-0.233751629,0.075598672,-0.41699749,-0.108748434,-0.022699645,-0.372847184,-0.203685314,-0.040546341,-0.198662174,-0.185814261,-0.026721147,-0.101816375,-0.15242298,0.170847023,-0.362966424,-0.129390402,0.078746854,-0.330534948,-0.182384595,0.044489565,-0.203717763,-0.162296099,0.055960093,-0.134838517,-0.132397967,one
0,0,0,-0.123102037,-0.05927077,-0.069016723,-0.232233322,-0.19340734,-0.123815017,-0.287827968,-0.295599034,-0.179285148,-0.270791962,-0.363632413,-0.230398343,-0.133874393,-0.455623105,-0.108306349,-0.147158615,-0.70970536,-0.190532305,-0.155935134,-0.839542662,-0.238876856,-0.163439702,-0.948991763,-0.269633266,-0.027415886,-0.453445809,-0.110683248,-0.123917496,-0.405499043,-0.220395014,-0.139223162,-0.209965936,-0.243239219,-0.126523201,-0.094906995,-0.238285613,0.068925868,-0.408627259,-0.120222484,-0.035482692,-0.335228198,-0.210640862,-0.051071242,-0.168377291,-0.185265401,-0.035362983,-0.086495396,-0.149484743,0.161330901,-0.345474723,-0.137876644,0.068692563,-0.286519768,-0.190913782,0.03428382,-0.164523555,-0.16862822,0.045438429,-0.108224201,-0.137496866,one
0,0,0,-0.069756776,-0.031937756,-0.05521711,-0.161302327,-0.161777733,-0.0936817,-0.198561861,-0.291866509,-0.134847206,-0.177577567,-0.391051379,-0.177822425,-0.093729419,-0.478576346,-0.068291302,-0.097654256,-0.707919381,-0.133284567,-0.099999822,-0.856857082,-0.172389192,-0.099917046,-0.974574512,-0.200551998,0.013307468,-0.48821856,-0.081263235,-0.061877826,-0.479776478,-0.198260895,-0.074401806,-0.283118847,-0.223673106,-0.059703074,-0.154572458,-0.212954925,0.107378204,-0.451960577,-0.101058584,0.031466517,-0.407351468,-0.212053823,0.01477656,-0.229699147,-0.190780579,0.01842879,-0.133539248,-0.146317684,0.201366737,-0.395053002,-0.125273691,0.135818396,-0.372373009,-0.197677968,0.100101874,-0.246340866,-0.177703886,0.088226407,-0.175926565,-0.142211197,one
0,0,0,-0.102138091,-0.061634873,-0.046854707,-0.181549147,-0.231039967,-0.078926562,-0.198323438,-0.37181574,-0.115264852,-0.160672607,-0.462035764,-0.150133551,-0.08220745,-0.514491964,-0.046244236,-0.090868248,-0.737637934,-0.112706417,-0.083106915,-0.87051639,-0.156833087,-0.075733057,-0.979272908,-0.187853871,0.02319259,-0.507024281,-0.058574757,-0.053799888,-0.490506714,-0.166747546,-0.062361226,-0.296225006,-0.192015875,-0.049067374,-0.170436518,-0.183640099,0.119216446,-0.457230302,-0.078523962,0.03684499,-0.416625863,-0.17016164,0.02060236,-0.249110857,-0.142965933,0.028725914,-0.159060674,-0.100739437,0.208709714,-0.380128303,-0.10473292,0.140231234,-0.376170136,-0.155807386,0.105616266,-0.261688166,-0.128615062,0.109469741,-0.204918923,-0.092403411,one
0,0,0,-0.11241627,-0.063036567,-0.060533595,-0.207273674,-0.211728651,-0.105773635,-0.220868125,-0.336058487,-0.153947243,-0.165730799,-0.403447796,-0.198300724,-0.099853094,-0.497873575,-0.064200465,-0.103930411,-0.736233424,-0.135263952,-0.103293641,-0.868186786,-0.177526765,-0.101260196,-0.973381711,-0.205607434,0.002819851,-0.483787885,-0.0696208,-0.066889142,-0.490646486,-0.17839985,-0.079729529,-0.298026633,-0.205158046,-0.071289816,-0.171607407,-0.198804729,0.098887851,-0.442033108,-0.083734704,0.017140661,-0.424946123,-0.177245185,-0.006153481,-0.249753457,-0.156348054,-0.000252546,-0.151918411,-0.118587921,0.191238286,-0.380158096,-0.104774724,0.114001245,-0.386189745,-0.157626397,0.078766506,-0.266147294,-0.137353438,0.085707647,-0.202756815,-0.10685697,one
0,0,0,-0.117019109,-0.074499063,-0.056979254,-0.211999709,-0.235310465,-0.0985769,-0.211025703,-0.349353617,-0.142185576,-0.148288405,-0.395308255,-0.182389504,-0.103518485,-0.499140609,-0.071561601,-0.110451188,-0.736743431,-0.139575937,-0.108065711,-0.867813774,-0.180230435,-0.100339102,-0.973061631,-0.207564753,-0.004158155,-0.485350175,-0.074946799,-0.061537227,-0.50330793,-0.177771899,-0.072905568,-0.310867124,-0.205314901,-0.065795744,-0.177135517,-0.201999595,0.091553339,-0.447215175,-0.085325953,0.021233878,-0.433563597,-0.171868595,-0.000578703,-0.264714696,-0.158703894,0.004378721,-0.155277979,-0.128792898,0.184320222,-0.39069293,-0.102002798,0.113863006,-0.395631794,-0.155383272,0.080105672,-0.275261772,-0.143699138,0.086702326,-0.199915459,-0.120396378,one
0,0,0,-0.115026557,-0.055772436,-0.06264578,-0.213393518,-0.217839998,-0.10346433,-0.214902351,-0.342777808,-0.14602967,-0.153834969,-0.40167662,-0.184379873,-0.115649441,-0.502752399,-0.066677585,-0.123188511,-0.738697856,-0.13163814,-0.118026361,-0.869309873,-0.168163929,-0.109008725,-0.975006246,-0.193597312,-0.013981405,-0.495778206,-0.0681803,-0.07324599,-0.507252286,-0.171525628,-0.081366085,-0.314873728,-0.196789633,-0.072391661,-0.186364515,-0.19031428,0.082373192,-0.460167302,-0.077913522,0.005180328,-0.433038613,-0.164951129,-0.012082621,-0.265535372,-0.150577134,-0.003007518,-0.169082802,-0.1193447,0.173691352,-0.402969029,-0.094896885,0.093902618,-0.382770328,-0.147683015,0.067009389,-0.266478201,-0.137717904,0.079369824,-0.205865589,-0.11585537,one
0,0,0,-0.113527067,-0.067557028,-0.061897598,-0.208709562,-0.228937124,-0.104561694,-0.209673784,-0.3528285,-0.149354288,-0.14468902,-0.406291267,-0.189672582,-0.105841274,-0.509602572,-0.064559502,-0.113856406,-0.742015784,-0.129493035,-0.111902657,-0.872051045,-0.166221808,-0.105572866,-0.975924739,-0.190854065,-0.006052711,-0.500181314,-0.066573836,-0.065394958,-0.512367147,-0.168488383,-0.075880551,-0.319465117,-0.194696539,-0.068808247,-0.189463568,-0.188977547,0.089168833,-0.462618588,-0.076702789,0.013586266,-0.439554936,-0.162330933,-0.005058558,-0.272698172,-0.14998439,0.003126469,-0.173090045,-0.120010568,0.179510209,-0.405036267,-0.093787814,0.103526031,-0.393934827,-0.143878331,0.076181781,-0.279784396,-0.133288399,0.087952705,-0.216514772,-0.111080149,one
0,0,0,-0.111115789,-0.078704776,-0.059634031,-0.197639855,-0.240241818,-0.102045997,-0.194076748,-0.365449321,-0.146878011,-0.127688777,-0.420107896,-0.187565539,-0.098368162,-0.511855539,-0.058948,-0.105335987,-0.744760865,-0.123015782,-0.105398404,-0.873385104,-0.157356538,-0.102900242,-0.97825926,-0.180056546,0.000680838,-0.496640674,-0.064554883,-0.053801277,-0.524452058,-0.171837885,-0.065036031,-0.327009454,-0.196696019,-0.056425632,-0.190859675,-0.186359882,0.095673144,-0.455189012,-0.078390148,0.030253401,-0.43653276,-0.170541367,0.005284985,-0.264741824,-0.151750762,0.010025501,-0.16535758,-0.113803848,0.185066144,-0.392102814,-0.098872414,0.121055669,-0.389841424,-0.149603931,0.081891935,-0.270733394,-0.131026138,0.083842426,-0.205030078,-0.101748234,one
0,0,0,-0.012233433,-0.245990338,-0.047500015,0.042928223,-0.526710254,-0.084610353,0.099275748,-0.683316529,-0.133208132,0.153873618,-0.688754884,-0.174487459,0.392961378,-0.72946436,0.010414937,0.195080493,-0.978032676,-0.073455332,0.047111624,-0.985352449,-0.148548091,0.005061936,-0.935647345,-0.196594875,0.431799882,-0.670589405,-0.016962022,0.168628078,-0.914270346,-0.095560257,0.020942281,-0.853446237,-0.137176354,-0.029774805,-0.746814321,-0.154740884,0.425097813,-0.571838351,-0.057655043,0.189387037,-0.803392012,-0.132710933,0.056023004,-0.732976476,-0.12695089,-0.000428652,-0.644811308,-0.108439353,0.395143729,-0.440700815,-0.107471506,0.238119585,-0.632040375,-0.150197113,0.133121063,-0.598292114,-0.124389382,0.087183514,-0.52906784,-0.089620819,one
0,0,0,-0.216268408,-0.098733251,-0.078467024,-0.416287062,-0.248848935,-0.139098918,-0.551993286,-0.333137041,-0.202287162,-0.628296574,-0.373020393,-0.267315336,-0.348782604,-0.763979059,-0.111394851,-0.497467374,-0.837209779,-0.227169536,-0.605293816,-0.723192713,-0.319344155,-0.668496954,-0.618043244,-0.373300412,-0.127815596,-0.762345216,-0.140677109,-0.308700153,-0.733607161,-0.213541772,-0.423070696,-0.647687356,-0.257353534,-0.483599925,-0.59610858,-0.28850441,0.086218454,-0.649512029,-0.182550654,-0.074348128,-0.512660981,-0.268531644,-0.15215324,-0.413337476,-0.27576934,-0.189701306,-0.371777092,-0.276045668,0.295090001,-0.472546673,-0.233449601,0.17956958,-0.335664995,-0.309669611,0.087439395,-0.181499316,-0.292763192,0.031729759,-0.072049292,-0.269057861,one
0,0,0,-0.089050954,-0.05633488,-0.049432884,-0.182194207,-0.155505979,-0.104003696,-0.226302821,-0.211152108,-0.158928992,-0.225342918,-0.252243174,-0.212694477,-0.157967237,-0.409313766,-0.133837275,-0.189894945,-0.648266683,-0.23004716,-0.221005406,-0.79228215,-0.29149444,-0.247873722,-0.910396454,-0.331265626,-0.05106816,-0.419637217,-0.141600449,-0.132967304,-0.322747344,-0.242575527,-0.153350701,-0.125131274,-0.252290644,-0.154828838,-0.026119988,-0.245431279,0.049006437,-0.367784486,-0.153203105,-0.036306335,-0.247169793,-0.239224619,-0.052613857,-0.079650028,-0.201316039,-0.049507058,-0.005415548,-0.160947335,0.149835704,-0.297459158,-0.169970643,0.083849813,-0.218431849,-0.223031152,0.04236833,-0.090051405,-0.187469435,0.032106154,-0.030569291,-0.14818283,one
0,0,0,-0.116053243,-0.083258358,-0.045217149,-0.216633317,-0.211930513,-0.089104052,-0.268855903,-0.302824502,-0.1350014,-0.283626674,-0.368068706,-0.179757642,-0.142040645,-0.456674622,-0.094999974,-0.181340706,-0.700230329,-0.170212185,-0.202651561,-0.836232488,-0.216743585,-0.215502509,-0.944804623,-0.246785115,-0.046091647,-0.458273577,-0.104394434,-0.133882592,-0.424834442,-0.201150399,-0.149939097,-0.240179833,-0.222045243,-0.140124696,-0.125233304,-0.219340404,0.04372943,-0.4208281,-0.117656747,-0.04995252,-0.357355181,-0.194600972,-0.06460594,-0.197058637,-0.173890756,-0.05050472,-0.109478653,-0.145128269,0.133318421,-0.366799018,-0.136512229,0.051568175,-0.333107375,-0.183184031,0.013918377,-0.211538973,-0.161117836,0.018678524,-0.145764902,-0.132467319,one
0,0,0,-0.116735598,-0.082812173,-0.045085786,-0.20477938,-0.240417502,-0.082339874,-0.206386778,-0.345296797,-0.123204082,-0.160539267,-0.396142728,-0.161824048,-0.095340636,-0.491335785,-0.06416137,-0.120958419,-0.733454352,-0.137107158,-0.137649117,-0.864287676,-0.184800583,-0.146265695,-0.965593955,-0.215022467,-0.005418847,-0.480245452,-0.072450984,-0.079468914,-0.489673141,-0.170529764,-0.098276862,-0.294053129,-0.199370504,-0.086532054,-0.163071081,-0.199074513,0.082141205,-0.444910734,-0.086564048,-0.008871408,-0.434669265,-0.167043681,-0.030846198,-0.257486681,-0.156188015,-0.015122436,-0.147682565,-0.130615981,0.171423772,-0.392754709,-0.105900903,0.083780778,-0.404809547,-0.156218689,0.050596725,-0.277473972,-0.141998779,0.066785102,-0.199620273,-0.11729576,one
0,0,0,-0.115575009,-0.092653746,-0.055120611,-0.202880288,-0.258471573,-0.093632303,-0.202522262,-0.370511236,-0.135443909,-0.145873304,-0.426403532,-0.173869693,-0.084700771,-0.501935321,-0.061595713,-0.099853937,-0.734774757,-0.130763112,-0.109537035,-0.867113605,-0.173457795,-0.111590974,-0.973380319,-0.200195425,0.011538653,-0.493537396,-0.06412953,-0.060473445,-0.517886789,-0.158322598,-0.077132366,-0.340142561,-0.185047271,-0.069133078,-0.21489768,-0.183942338,0.101461852,-0.461163291,-0.074482139,0.014152881,-0.452626193,-0.155209384,-0.007240475,-0.292977288,-0.149009793,0.00523584,-0.190261996,-0.126013161,0.190146331,-0.413511802,-0.090948389,0.112320392,-0.427139959,-0.139051295,0.080794407,-0.314426492,-0.129990326,0.093172161,-0.242659931,-0.110360191,one
0,0,0,-0.122873731,-0.080101123,-0.064819144,-0.22295281,-0.232600619,-0.11346206,-0.224460403,-0.345135719,-0.162749996,-0.164318806,-0.405255963,-0.208256306,-0.112258129,-0.494463351,-0.081824367,-0.121287893,-0.730389686,-0.154564434,-0.123779588,-0.859964577,-0.200316086,-0.119351931,-0.965609408,-0.230983954,-0.0133796,-0.484148806,-0.082257109,-0.076365797,-0.513389236,-0.18269531,-0.088151499,-0.326042502,-0.211611033,-0.079662194,-0.193007276,-0.212129928,0.081086497,-0.452286681,-0.090379031,0.002290424,-0.458317522,-0.173940784,-0.012074833,-0.288174047,-0.163886228,0.002021279,-0.174635049,-0.139212506,0.174496328,-0.402763609,-0.105417718,0.0956773,-0.427662075,-0.15834078,0.069626834,-0.308589989,-0.149017631,0.084640728,-0.230035865,-0.129188082,one
0,0,0,-0.1153495,-0.077452337,-0.057103879,-0.211464785,-0.237826499,-0.101475714,-0.208350148,-0.342924034,-0.148313644,-0.144325513,-0.392465884,-0.192125999,-0.087886416,-0.487085141,-0.0788506,-0.105456397,-0.721387674,-0.155670032,-0.118238299,-0.855700591,-0.20652302,-0.119724121,-0.963406349,-0.23982148,0.006357505,-0.477540315,-0.080305973,-0.058179574,-0.496763562,-0.175547566,-0.071215751,-0.305110475,-0.204173464,-0.059669099,-0.17349774,-0.206762175,0.095982404,-0.441736178,-0.088649334,0.013120588,-0.444760519,-0.170401929,-0.006757243,-0.269344983,-0.163721049,0.00631924,-0.153665675,-0.142289187,0.186544552,-0.388215078,-0.102810388,0.106182953,-0.412863945,-0.155676133,0.074233682,-0.289668508,-0.146600311,0.087246454,-0.205227107,-0.127131191,one
0,0,0,-0.108727409,-0.093528188,-0.054588387,-0.186818456,-0.261251048,-0.10248575,-0.167873388,-0.366320757,-0.153160434,-0.100959858,-0.416036482,-0.201351516,-0.056803115,-0.515749455,-0.078356352,-0.062501773,-0.734071298,-0.163356578,-0.073757668,-0.86288109,-0.218823127,-0.075490774,-0.964444194,-0.253275622,0.039801327,-0.507936886,-0.081712375,-0.028633484,-0.529721609,-0.177092063,-0.050963507,-0.334375693,-0.203604347,-0.045505034,-0.205091572,-0.205336321,0.126669174,-0.47000315,-0.092678951,0.036392778,-0.481469171,-0.181483754,0.012524581,-0.296239428,-0.177894913,0.023750842,-0.174874424,-0.157580178,0.215509651,-0.408193242,-0.107958804,0.136780722,-0.448502213,-0.167339884,0.100607508,-0.315161468,-0.157734871,0.107720095,-0.218400835,-0.136406358,one
0,0,0,-0.110473639,-0.081346197,-0.051879099,-0.198899392,-0.249126891,-0.095884658,-0.18929029,-0.356810572,-0.142257876,-0.128162527,-0.408221049,-0.186612849,-0.062944301,-0.496124665,-0.080986103,-0.074322612,-0.720495038,-0.163528355,-0.089497871,-0.85887769,-0.219362451,-0.097637712,-0.962207116,-0.254213184,0.033129301,-0.488016143,-0.083459257,-0.039892852,-0.506528617,-0.176398125,-0.06213081,-0.317969695,-0.204217524,-0.060495047,-0.180893184,-0.206722302,0.119074341,-0.450183478,-0.092329608,0.021987126,-0.451888781,-0.175930643,0.000725639,-0.275294962,-0.17440891,0.011720564,-0.152423015,-0.15618941,0.205234246,-0.389870662,-0.105442075,0.116381768,-0.418533345,-0.160515609,0.085173104,-0.293697844,-0.152468844,0.097089938,-0.200308504,-0.133113591,one
0,0,0,-0.113647984,-0.07914764,-0.051061547,-0.208188089,-0.233253191,-0.093700974,-0.196086336,-0.340369175,-0.137685242,-0.129993065,-0.388200367,-0.178681726,-0.087211492,-0.501737646,-0.076046945,-0.101830204,-0.718622371,-0.155672098,-0.114293813,-0.852068649,-0.212530596,-0.116531827,-0.961123686,-0.250322979,0.011792594,-0.496607631,-0.077953305,-0.052434195,-0.506786932,-0.166845246,-0.065970138,-0.312749264,-0.192984473,-0.055886743,-0.182966747,-0.195457344,0.101417739,-0.460008058,-0.086098739,0.018114186,-0.457263569,-0.167683754,0.00100446,-0.278923967,-0.161320161,0.015317807,-0.161322178,-0.140027629,0.191061429,-0.400070986,-0.098504143,0.112061016,-0.424817869,-0.154234896,0.081591602,-0.294901501,-0.143026245,0.093909691,-0.20364523,-0.120703485,one
0,0,0,-0.111689487,-0.078903296,-0.063998231,-0.201414543,-0.258008035,-0.110525422,-0.189695169,-0.38001085,-0.156933075,-0.124620021,-0.438501138,-0.198807903,-0.064036036,-0.522291706,-0.083982918,-0.080764632,-0.731386556,-0.170699498,-0.101988518,-0.858124191,-0.228392599,-0.109048707,-0.958336586,-0.264006378,0.036572908,-0.526491573,-0.08125887,-0.040015726,-0.537992682,-0.172196479,-0.052452562,-0.343967885,-0.19917685,-0.037417528,-0.213576437,-0.202525393,0.127176914,-0.497173052,-0.086988029,0.023742323,-0.487655082,-0.169065169,0.007508947,-0.307101273,-0.168598165,0.026353782,-0.187391411,-0.152572923,0.219982127,-0.442653463,-0.098909594,0.124875907,-0.453090165,-0.154635223,0.093084576,-0.321552584,-0.150551929,0.104993039,-0.225261037,-0.134029454,one
0,0,0,-0.108854214,-0.09034271,-0.051780809,-0.19539805,-0.262679996,-0.092136317,-0.184311754,-0.377410793,-0.135136484,-0.119645924,-0.424637066,-0.174354414,-0.066445222,-0.498777428,-0.069886831,-0.083713195,-0.723094856,-0.146069687,-0.103672658,-0.860132983,-0.196447674,-0.110383917,-0.967447442,-0.227729748,0.026306083,-0.493846151,-0.071289091,-0.046225107,-0.521026168,-0.153045953,-0.059038255,-0.340159156,-0.17691252,-0.043318635,-0.217461333,-0.179540212,0.11108845,-0.462332038,-0.079696127,0.02174627,-0.471287358,-0.157222124,0.003026517,-0.302109826,-0.155019867,0.019288456,-0.190551429,-0.137680147,0.197931785,-0.40882192,-0.092477626,0.124242401,-0.453278916,-0.142473011,0.086885003,-0.332752553,-0.13159444,0.092836961,-0.243174695,-0.111384412,one
0,0,0,-0.113210752,-0.09900524,-0.050659932,-0.201654913,-0.271193128,-0.087868005,-0.194226071,-0.384491816,-0.127354619,-0.133228398,-0.43934546,-0.162681803,-0.061755413,-0.509523549,-0.06369662,-0.082538124,-0.72273351,-0.136742036,-0.101368748,-0.859823357,-0.186777177,-0.108785384,-0.969746528,-0.218534694,0.028399678,-0.502679378,-0.065316449,-0.058090815,-0.537492318,-0.146827922,-0.07563658,-0.358754675,-0.173034152,-0.062615829,-0.229215832,-0.175638389,0.112699956,-0.471091358,-0.073839065,0.007305958,-0.474065354,-0.145847097,-0.007753143,-0.306288367,-0.146396188,0.013626131,-0.194356776,-0.131637742,0.197811866,-0.41856528,-0.087376915,0.103512305,-0.447543255,-0.132670887,0.074113187,-0.327751597,-0.125129818,0.091524359,-0.241575956,-0.107770052,one
0,0,0,-0.115269317,-0.09416514,-0.05381142,-0.207279305,-0.263551361,-0.094034138,-0.206368178,-0.373995015,-0.138227741,-0.142846494,-0.430226875,-0.17907486,-0.080456874,-0.511199606,-0.0586287,-0.10052401,-0.73570423,-0.126818553,-0.116305591,-0.86882307,-0.171201943,-0.120540744,-0.972356905,-0.199979947,0.01050749,-0.500880764,-0.062286585,-0.068260499,-0.537718107,-0.150435712,-0.080181558,-0.355716485,-0.180660942,-0.064502001,-0.219964619,-0.184376185,0.097477062,-0.466645916,-0.073473513,0.003395203,-0.474913256,-0.149299265,-0.01066642,-0.305706243,-0.148793842,0.010286551,-0.18981769,-0.131956815,0.186043927,-0.414267847,-0.090307407,0.102712674,-0.453984448,-0.137123982,0.074697503,-0.334567369,-0.130240312,0.092658624,-0.24798679,-0.113478222,one
0,0,0,-0.116008292,-0.091261681,-0.065370531,-0.205733093,-0.253874785,-0.113170734,-0.198148434,-0.360073347,-0.164082892,-0.129103136,-0.408326608,-0.211287272,-0.086443645,-0.514481352,-0.06733775,-0.104203394,-0.738912449,-0.143022208,-0.121045691,-0.865369046,-0.188789425,-0.126023577,-0.967971122,-0.217140427,0.008063613,-0.505499413,-0.068398805,-0.061633471,-0.539069493,-0.167651059,-0.077510679,-0.346401465,-0.197253942,-0.05907673,-0.214163447,-0.196680564,0.098001195,-0.471374896,-0.078862909,0.010642216,-0.469798847,-0.168362414,-0.012762485,-0.291992032,-0.166063032,0.010127315,-0.182638336,-0.143095827,0.188964162,-0.4178964,-0.095589845,0.106483836,-0.440915397,-0.148426693,0.075900939,-0.313285486,-0.140612568,0.097659861,-0.232036559,-0.121082044,one
0,0,0,-0.115229597,-0.089191257,-0.052612215,-0.207091196,-0.256113308,-0.089659749,-0.205821328,-0.372135959,-0.129913763,-0.14130027,-0.435335125,-0.165822752,-0.098726317,-0.512412431,-0.051726988,-0.114184107,-0.732656565,-0.118565933,-0.122968542,-0.864143008,-0.161862726,-0.122571811,-0.973825005,-0.191418419,-0.005504262,-0.499929762,-0.05726485,-0.073150057,-0.543599957,-0.152413752,-0.083310364,-0.355976021,-0.184022691,-0.069263326,-0.22239023,-0.185699466,0.085341225,-0.467305654,-0.070647424,0.003188949,-0.478845062,-0.15142995,-0.013354395,-0.306140573,-0.145930076,0.005110486,-0.196472174,-0.123285168,0.177338888,-0.415792238,-0.089816249,0.09936648,-0.450031194,-0.137845913,0.069743324,-0.331013231,-0.128599897,0.086425006,-0.255260727,-0.109172588,one
0,0,0,-0.104947928,-0.09896044,-0.070759,-0.1785908,-0.269996865,-0.116092596,-0.156876932,-0.362830947,-0.155018913,-0.081740042,-0.399696078,-0.185468225,-0.064897456,-0.497594636,-0.113509895,-0.07024059,-0.725382143,-0.208722671,-0.083348348,-0.851913074,-0.267544855,-0.081472625,-0.950214287,-0.30075741,0.042123149,-0.492939552,-0.106094248,-0.023065693,-0.490507431,-0.190187232,-0.041649987,-0.307139998,-0.206516044,-0.02764782,-0.197467574,-0.206716038,0.135221411,-0.457148987,-0.108033064,0.056089713,-0.437683538,-0.186684722,0.025720748,-0.27299951,-0.179593538,0.041428976,-0.185285365,-0.161450477,0.228170613,-0.395325994,-0.116149172,0.157923069,-0.408420063,-0.164080033,0.118033773,-0.293714655,-0.150428102,0.121561892,-0.222951697,-0.129841987,one
0,0,0,-0.112476989,-0.111803935,-0.048388435,-0.181625414,-0.280906213,-0.080137201,-0.153979612,-0.381420245,-0.113178083,-0.080895603,-0.424172635,-0.141591597,-0.06877507,-0.503056056,-0.062552069,-0.073029088,-0.72392942,-0.131261712,-0.079132893,-0.860638502,-0.177802621,-0.073081101,-0.975006364,-0.209813592,0.029032664,-0.489853718,-0.067037046,-0.024763025,-0.5239982,-0.150746681,-0.034888576,-0.34387996,-0.178967866,-0.017965478,-0.216937489,-0.184293241,0.120272796,-0.456954807,-0.078174202,0.055342827,-0.462441518,-0.147363849,0.027851444,-0.30240355,-0.142064502,0.041254024,-0.198711738,-0.124930153,0.213657136,-0.403788011,-0.094978204,0.155149781,-0.433293445,-0.135172972,0.112599543,-0.327085399,-0.124341579,0.116898097,-0.254894875,-0.106913711,one
0,0,0,-0.112407757,-0.089373143,-0.071818184,-0.197447226,-0.250179476,-0.119353246,-0.182143036,-0.363720802,-0.165293079,-0.11034926,-0.420975038,-0.205155554,-0.091960965,-0.502123114,-0.083169367,-0.100666573,-0.722941674,-0.154037015,-0.104926337,-0.854295041,-0.196614959,-0.098412315,-0.968996243,-0.226630312,0.007640015,-0.493902425,-0.080339675,-0.046073733,-0.507622851,-0.17335088,-0.053048852,-0.321398681,-0.197308982,-0.034878541,-0.206208267,-0.19708138,0.098446324,-0.459436493,-0.08644685,0.03267075,-0.447246039,-0.162958724,0.011039291,-0.288943474,-0.149682727,0.025293924,-0.201664732,-0.1255026,0.189297079,-0.406492109,-0.100745577,0.126237281,-0.414195343,-0.145910859,0.092230046,-0.308013712,-0.134764586,0.102540927,-0.250894165,-0.116011086,one
0,0,0,-0.107901409,-0.096901775,-0.061938954,-0.189524462,-0.253907077,-0.10840559,-0.176254523,-0.360255784,-0.155500848,-0.107940448,-0.418480655,-0.197642571,-0.079307964,-0.492560401,-0.081720237,-0.093120256,-0.716037583,-0.158341814,-0.100949676,-0.852773639,-0.207223348,-0.097045803,-0.966041463,-0.239470255,0.016639908,-0.486380434,-0.081385037,-0.048768813,-0.50613745,-0.17288466,-0.057789661,-0.327565598,-0.199305522,-0.039922666,-0.206887467,-0.201836759,0.104049799,-0.453830769,-0.088701397,0.028739839,-0.448425738,-0.164231264,0.008529827,-0.293589767,-0.156517396,0.026341645,-0.197082853,-0.136627803,0.193967436,-0.403308105,-0.102722327,0.125853875,-0.417434901,-0.147859871,0.092605407,-0.309349328,-0.138430926,0.106836897,-0.239355675,-0.120813349,one
0,0,0,-0.119096481,-0.091642792,-0.064572692,-0.207440619,-0.249541486,-0.107297464,-0.200088903,-0.370285926,-0.149909666,-0.13182327,-0.428625075,-0.186770308,-0.107581842,-0.50265085,-0.06896478,-0.120721357,-0.725820628,-0.13842076,-0.126451361,-0.854818373,-0.18087735,-0.121687151,-0.970065527,-0.210154969,-0.013124212,-0.491761178,-0.066805443,-0.074539129,-0.53066389,-0.157711642,-0.079472619,-0.342675567,-0.179853098,-0.058753586,-0.226413374,-0.177191574,0.077919175,-0.461833562,-0.073791834,0.005011974,-0.46800844,-0.146347366,-0.014882203,-0.304512986,-0.132273732,0.004178441,-0.217147766,-0.107309583,0.168816878,-0.417780032,-0.08850777,0.095686236,-0.433666887,-0.129799197,0.066048021,-0.321525041,-0.119214102,0.085546955,-0.261866704,-0.101256835,one
0,0,0,-0.120401216,-0.076835938,-0.074191759,-0.217652342,-0.228219945,-0.123409964,-0.22328868,-0.357008263,-0.170237583,-0.162765928,-0.431656751,-0.210708716,-0.125607475,-0.498824616,-0.083603067,-0.139619115,-0.72432574,-0.156142785,-0.145990065,-0.848752662,-0.19921519,-0.140937493,-0.963198718,-0.228877375,-0.030278724,-0.488460691,-0.077638954,-0.086963979,-0.518878288,-0.17225959,-0.091392496,-0.325857321,-0.191839639,-0.075127378,-0.215346514,-0.187126231,0.060959997,-0.456557701,-0.081363109,-0.005394598,-0.463432317,-0.157788233,-0.021697646,-0.295617138,-0.138865702,-0.008048177,-0.211733277,-0.11027335,0.15023212,-0.411025649,-0.093391791,0.083991359,-0.429293547,-0.139987743,0.057514299,-0.314550823,-0.127902881,0.072871016,-0.25664726,-0.107712094,one
0,0,0,-0.124460447,-0.081221092,-0.069345943,-0.220849122,-0.237794233,-0.115219352,-0.212822048,-0.355490801,-0.160838455,-0.152411279,-0.419624242,-0.201122699,-0.119041768,-0.491527437,-0.078948948,-0.134711541,-0.725260598,-0.147674605,-0.142191903,-0.853600598,-0.188702157,-0.1384962,-0.966258814,-0.217169763,-0.023687036,-0.483352588,-0.076810979,-0.08290698,-0.516361085,-0.174964341,-0.087490436,-0.328763306,-0.202708017,-0.071179364,-0.20454113,-0.202866219,0.066770388,-0.456472258,-0.083045468,-0.005940577,-0.464973542,-0.163470596,-0.01849431,-0.302033611,-0.154995511,-0.001337985,-0.201263764,-0.132401084,0.157555919,-0.415406112,-0.097006581,0.084708265,-0.435251649,-0.147002247,0.058494178,-0.322850269,-0.141291152,0.073273383,-0.252936212,-0.125401333,one
0,0,0,-0.130616075,-0.091202932,-0.062565484,-0.223357372,-0.252030317,-0.10541564,-0.214840339,-0.360287386,-0.147908993,-0.148270714,-0.423484632,-0.184126029,-0.096474641,-0.494220471,-0.079444554,-0.111754103,-0.724023244,-0.157895039,-0.122700155,-0.850572716,-0.206249838,-0.120647896,-0.964022085,-0.236866007,-0.003559646,-0.485526337,-0.078528867,-0.066736604,-0.518162303,-0.168057586,-0.07233254,-0.331948965,-0.191505453,-0.049348423,-0.218598946,-0.192983149,0.082485717,-0.456439633,-0.08647223,0.01124122,-0.472913119,-0.165275871,-0.007206861,-0.304521137,-0.156978218,0.016629164,-0.212324537,-0.136583815,0.171789537,-0.411345341,-0.100554876,0.109440316,-0.447038404,-0.149260801,0.077638238,-0.328046374,-0.139567556,0.093590326,-0.256917413,-0.12168733,one
0,0,0,-0.134362021,-0.096945583,-0.054054835,-0.221017418,-0.26243679,-0.089448323,-0.202596452,-0.385584192,-0.125517207,-0.134969221,-0.443746622,-0.155777074,-0.112115866,-0.505311963,-0.065581891,-0.122673608,-0.73645386,-0.131718739,-0.128915648,-0.859606645,-0.172412922,-0.125383183,-0.97163423,-0.200514292,-0.016406742,-0.492531045,-0.067061593,-0.07320202,-0.522610662,-0.150870869,-0.074178013,-0.334523371,-0.170299966,-0.051646181,-0.224894648,-0.169247323,0.075219265,-0.462103555,-0.076416398,0.011587483,-0.474341132,-0.145297622,-0.004903775,-0.30876659,-0.129372979,0.014416633,-0.224008687,-0.105550053,0.166544539,-0.419987259,-0.092280011,0.107504638,-0.446985751,-0.132343435,0.075776788,-0.334532912,-0.118839386,0.08949759,-0.276970985,-0.099829613,one
0,0,0,-0.123814126,-0.094567719,-0.059659036,-0.214319503,-0.262531577,-0.100507907,-0.204614515,-0.386601474,-0.14297181,-0.130814812,-0.443883597,-0.180350687,-0.108229071,-0.513426108,-0.057132386,-0.116726835,-0.739963474,-0.12122299,-0.12448217,-0.867368525,-0.159689227,-0.125062987,-0.974620192,-0.185673721,-0.008939987,-0.503428733,-0.060258532,-0.069734428,-0.527427925,-0.15241815,-0.072208199,-0.337085173,-0.178870373,-0.052579199,-0.214446722,-0.178121023,0.085467542,-0.47188021,-0.072175483,0.014503583,-0.477773696,-0.15075705,0.000392188,-0.309205603,-0.139536431,0.01903743,-0.210809407,-0.113849256,0.178440959,-0.425239955,-0.090870327,0.111457846,-0.461447633,-0.135773019,0.079824406,-0.345282908,-0.122278145,0.091039893,-0.276506199,-0.100544433,one
0,0,0,-0.122057089,-0.064850007,-0.068578421,-0.2262487,-0.224228897,-0.113640718,-0.225111295,-0.352056993,-0.157409339,-0.158838799,-0.41689933,-0.196037618,-0.138775727,-0.502228487,-0.079510323,-0.149365667,-0.727105544,-0.146737689,-0.153006302,-0.855021372,-0.18580804,-0.148262648,-0.96554235,-0.213883513,-0.033569217,-0.501558437,-0.07675702,-0.089861583,-0.510088543,-0.173103532,-0.087877847,-0.319094053,-0.195424533,-0.068634951,-0.200699661,-0.192011521,0.066806123,-0.474872941,-0.082556154,-0.002625908,-0.46008435,-0.162458771,-0.010397715,-0.29586619,-0.147086848,0.009127248,-0.204208484,-0.12004837,0.163719522,-0.428455048,-0.096009584,0.090736268,-0.430403062,-0.145813849,0.06772894,-0.314721189,-0.135928669,0.084710039,-0.253486868,-0.116766384,one
0,0,0,-0.117534664,-0.076172391,-0.071031459,-0.215072418,-0.225378566,-0.119509812,-0.213855972,-0.334441464,-0.165325458,-0.149935524,-0.404479552,-0.206113344,-0.110943742,-0.485429992,-0.089733001,-0.126106322,-0.707397093,-0.1662713,-0.135502675,-0.843603612,-0.217782505,-0.135194876,-0.958068106,-0.252641741,-0.013335382,-0.478624065,-0.085207906,-0.070536747,-0.486724525,-0.180990439,-0.075734985,-0.303332289,-0.21167428,-0.060427326,-0.18184019,-0.216136538,0.079090127,-0.447389832,-0.088522289,0.008142797,-0.443009317,-0.168138275,-0.005333923,-0.280321618,-0.159675999,0.012675491,-0.179610995,-0.138107895,0.173368978,-0.399560633,-0.099226091,0.103710229,-0.420976921,-0.151319781,0.073491933,-0.301764006,-0.141617468,0.087682402,-0.225711742,-0.121765818,one
0,0,0,-0.124779147,-0.101894845,-0.057801973,-0.203825354,-0.272934345,-0.095145685,-0.177673741,-0.379082539,-0.132978789,-0.106062,-0.42914473,-0.165561982,-0.091051899,-0.509628654,-0.068930751,-0.09640789,-0.732349133,-0.135500175,-0.102121151,-0.86149277,-0.176726142,-0.098096904,-0.973695272,-0.205656303,0.009254781,-0.495679264,-0.072024472,-0.040547092,-0.522429869,-0.161262169,-0.045868098,-0.337698585,-0.187751875,-0.026274105,-0.217456992,-0.190650543,0.102230301,-0.461351497,-0.082745927,0.043577126,-0.465324875,-0.157017271,0.020363636,-0.303085766,-0.146161395,0.034351147,-0.208071332,-0.12429171,0.196620668,-0.410696667,-0.10021495,0.144221973,-0.441564998,-0.143183331,0.104477774,-0.33278449,-0.130539531,0.108672756,-0.268873461,-0.111640445,one
0,0,0,-0.121879942,-0.086675447,-0.065750812,-0.210098072,-0.252550052,-0.110293911,-0.195111438,-0.370178359,-0.155164444,-0.124358733,-0.431192984,-0.194148296,-0.103986934,-0.503703078,-0.069249404,-0.110780591,-0.728143032,-0.140417761,-0.117803858,-0.856750512,-0.182900019,-0.114400172,-0.970601734,-0.211766086,-0.005300828,-0.487992154,-0.071188836,-0.055231772,-0.522076752,-0.168927204,-0.061213576,-0.33267054,-0.194922992,-0.041782556,-0.213242125,-0.194041347,0.088508848,-0.454895471,-0.08266261,0.02823724,-0.466406567,-0.165652474,0.007287063,-0.298599022,-0.151938326,0.023391895,-0.204098985,-0.124381191,0.184726355,-0.40783039,-0.101442072,0.127603514,-0.448761344,-0.148417361,0.090435673,-0.332318162,-0.133662821,0.098568307,-0.265327381,-0.111435614,one
0,0,0,-0.123322799,-0.08874249,-0.061147484,-0.210734083,-0.25714877,-0.102782163,-0.194608397,-0.371564978,-0.146184153,-0.12506247,-0.430528976,-0.184470636,-0.102343505,-0.506967585,-0.062039412,-0.10924783,-0.732310643,-0.130564704,-0.117600126,-0.861540936,-0.171879636,-0.114141201,-0.973100538,-0.200117789,-0.003597948,-0.491764681,-0.065542911,-0.05694277,-0.526366434,-0.16133335,-0.064088117,-0.337498772,-0.187915801,-0.044486941,-0.213272966,-0.187463719,0.090364326,-0.457797178,-0.07821614,0.024978432,-0.468369777,-0.159314734,0.003638996,-0.300103804,-0.147200748,0.019960462,-0.200562289,-0.120911314,0.185775041,-0.409418106,-0.097951091,0.123859801,-0.450599911,-0.143633253,0.085338609,-0.334448312,-0.130007563,0.093494826,-0.264552774,-0.10895574,one
0,0,0,-0.123297756,-0.088416575,-0.065288141,-0.20780761,-0.249324124,-0.109496503,-0.186430512,-0.369114728,-0.152658442,-0.115744097,-0.429672204,-0.190248256,-0.111107766,-0.494673321,-0.079570919,-0.1173837,-0.726293865,-0.150140631,-0.122363148,-0.853721931,-0.19351823,-0.116765158,-0.967455958,-0.22448801,-0.013254597,-0.479118742,-0.080087892,-0.054691026,-0.514967693,-0.175458884,-0.057651345,-0.322702098,-0.199720511,-0.041373951,-0.205767882,-0.200273819,0.08084313,-0.445273023,-0.088919281,0.030419848,-0.466727898,-0.168007201,0.010048554,-0.295253936,-0.149650111,0.020398943,-0.199248873,-0.122095262,0.174494536,-0.397711086,-0.105119294,0.126427134,-0.442886289,-0.153538574,0.090222031,-0.325247207,-0.137894156,0.095479084,-0.256576118,-0.115809883,one
0,0,0,-0.125973446,-0.074700521,-0.075881557,-0.221109036,-0.233568559,-0.126631739,-0.211082745,-0.356383218,-0.175580158,-0.145332456,-0.424927788,-0.218585124,-0.127991987,-0.503840579,-0.080767863,-0.134979156,-0.73061912,-0.149496004,-0.141159651,-0.857633886,-0.188605111,-0.137896251,-0.966583721,-0.216103064,-0.025133216,-0.493767341,-0.07906233,-0.07297543,-0.516618448,-0.179967439,-0.077334753,-0.325858371,-0.20424149,-0.064135762,-0.204033579,-0.200552155,0.070797584,-0.458529516,-0.087006282,0.011091281,-0.459257652,-0.172498278,-0.00637979,-0.292661358,-0.156061351,0.004020588,-0.196920227,-0.125859521,0.163703525,-0.407188424,-0.103220769,0.102310634,-0.432758776,-0.155362201,0.072466671,-0.31773984,-0.142764736,0.080485183,-0.251903663,-0.12077438,one
0,0,0,-0.127646443,-0.057544071,-0.073188996,-0.235354522,-0.219649333,-0.121080569,-0.234383622,-0.35874802,-0.168038052,-0.164797659,-0.41781548,-0.209511577,-0.141913075,-0.493224328,-0.073114964,-0.147773837,-0.72680986,-0.138984594,-0.152961377,-0.857846815,-0.175555047,-0.149528719,-0.968016248,-0.201458944,-0.03939312,-0.484540146,-0.071770563,-0.086002163,-0.511675293,-0.176124498,-0.086641867,-0.323055491,-0.201283595,-0.075249562,-0.197559919,-0.19557603,0.057669567,-0.453896226,-0.079863041,0.001185992,-0.456768936,-0.169461692,-0.014140372,-0.290328772,-0.153629692,-0.008057284,-0.186112482,-0.12073414,0.151965045,-0.406863559,-0.095970493,0.095863036,-0.43847811,-0.150990192,0.06298786,-0.322895262,-0.138912915,0.063375627,-0.249292159,-0.115584433,one
0,0,0,-0.12796594,-0.096956794,-0.060862518,-0.21415933,-0.263744377,-0.100756711,-0.193085923,-0.379121466,-0.140047409,-0.123755056,-0.435490579,-0.173480192,-0.105194457,-0.498804758,-0.073708937,-0.113758371,-0.72944485,-0.144036196,-0.123962706,-0.856052425,-0.187567626,-0.126467051,-0.968082115,-0.216386468,-0.011246753,-0.483539031,-0.072498905,-0.062924834,-0.523820936,-0.162980473,-0.06853635,-0.335987963,-0.186881384,-0.049075962,-0.218661696,-0.186721591,0.079599699,-0.454525319,-0.079340458,0.018783464,-0.478402927,-0.154903941,-0.000388117,-0.311967332,-0.143739869,0.017800895,-0.218582512,-0.120819805,0.172937079,-0.413685354,-0.0926136,0.115281287,-0.45442281,-0.138059154,0.084686872,-0.338809133,-0.127157122,0.099721535,-0.272492879,-0.108550365,one
0,0,0,-0.114856945,-0.13620488,-0.048617445,-0.171180389,-0.292967129,-0.077636634,-0.135300695,-0.392105641,-0.10515907,-0.057114009,-0.447302123,-0.126990281,-0.052711211,-0.493476479,-0.0715767,-0.064309914,-0.728798806,-0.145655772,-0.078028796,-0.858341876,-0.196703695,-0.078214711,-0.970078376,-0.229848655,0.036779908,-0.472602437,-0.07430058,-0.013959152,-0.530997683,-0.155961166,-0.028443608,-0.337981543,-0.181768821,-0.013961562,-0.212995503,-0.187313977,0.125072037,-0.441677619,-0.084190252,0.075826504,-0.486100727,-0.153192738,0.045231122,-0.310419718,-0.146731202,0.060832544,-0.213030133,-0.130656456,0.215357737,-0.388418033,-0.099236314,0.186097502,-0.455438495,-0.139812775,0.142256686,-0.339752427,-0.125914862,0.142977767,-0.266050251,-0.1076342,one
0,0,0,-0.125664514,-0.13575914,-0.042813336,-0.196865256,-0.29503112,-0.073779312,-0.179944354,-0.407974331,-0.108133502,-0.112991906,-0.451489199,-0.137849626,-0.080208904,-0.52870993,-0.041490664,-0.103693467,-0.745471703,-0.099742986,-0.11900487,-0.870576211,-0.142088556,-0.122441564,-0.977450212,-0.172044024,0.009046274,-0.515415758,-0.046416706,-0.061095358,-0.548348486,-0.125018904,-0.067471048,-0.362729568,-0.15555463,-0.047648605,-0.243380854,-0.161844995,0.096912109,-0.484372311,-0.057487164,0.016515585,-0.49413723,-0.11515169,-0.003832834,-0.332356161,-0.110096067,0.015179459,-0.24060366,-0.095151605,0.180925878,-0.437074137,-0.074805117,0.10804635,-0.460139113,-0.103437389,0.074419872,-0.351973992,-0.092897983,0.090267569,-0.288889329,-0.077450009,one
0,0,0,-0.119640832,-0.095101205,-0.051836205,-0.209042096,-0.255701061,-0.088820653,-0.214124195,-0.380861115,-0.131204377,-0.163152067,-0.442651709,-0.170106675,-0.108761334,-0.521787985,-0.038354827,-0.133927567,-0.746010143,-0.100700681,-0.149831283,-0.876161,-0.138509178,-0.15348123,-0.974699524,-0.162494151,-0.01228417,-0.516541144,-0.04423834,-0.09004508,-0.542695103,-0.142408716,-0.093655724,-0.362158144,-0.174588072,-0.077409468,-0.229684593,-0.17326681,0.080575001,-0.490689373,-0.058617695,-0.012662635,-0.479896241,-0.135681792,-0.0223982,-0.320953763,-0.130115405,-0.005305271,-0.215631026,-0.106179823,0.169834712,-0.44869273,-0.080097189,0.081623393,-0.455882704,-0.120864984,0.05289157,-0.346961192,-0.112954049,0.063685295,-0.275839288,-0.094548062,one
0,0,0,-0.213629593,-0.144768909,-0.073801367,-0.449578839,-0.174809399,-0.135698637,-0.645794254,-0.153973697,-0.183134887,-0.770156021,-0.085945256,-0.222616977,-0.435090498,0.193249338,-0.173975895,-0.728847879,0.310602523,-0.23864986,-0.839356736,0.283321787,-0.248756603,-0.875183233,0.233776453,-0.240864655,-0.373060059,0.41904065,-0.155858952,-0.70130869,0.56969379,-0.211937656,-0.823541562,0.527906422,-0.207591199,-0.859473964,0.462181922,-0.195795643,-0.30873391,0.581393844,-0.136170054,-0.614084158,0.727732125,-0.169559121,-0.726355174,0.664134508,-0.147109417,-0.758108438,0.582726164,-0.12766076,-0.257683953,0.680225145,-0.119957073,-0.492920581,0.814071004,-0.131657755,-0.604581225,0.784006371,-0.103158549,-0.648668327,0.732021742,-0.076602505,two
0,0,0,-0.206172334,-0.126580994,-0.074156718,-0.429082084,-0.131665484,-0.1327866,-0.611858084,-0.104055439,-0.179349934,-0.726357044,-0.022628964,-0.220526563,-0.412771956,0.284905821,-0.154704836,-0.693984204,0.462847296,-0.209596062,-0.814355778,0.453470993,-0.216853061,-0.853458175,0.396331658,-0.205933757,-0.33029392,0.483406999,-0.134129714,-0.647687823,0.657293335,-0.165662645,-0.761072047,0.608613463,-0.153611754,-0.787100745,0.525815006,-0.139278436,-0.25806078,0.615238155,-0.114108968,-0.556934201,0.789861822,-0.129823826,-0.660511194,0.73203249,-0.106475498,-0.68095256,0.644483801,-0.089216785,-0.207770249,0.687224608,-0.098823924,-0.437859783,0.845822884,-0.106946354,-0.546593542,0.833032283,-0.085397393,-0.59041686,0.792161203,-0.064580847,two
0,0,0,-0.198310111,-0.128521979,-0.073763391,-0.435336471,-0.15152833,-0.135375437,-0.630456427,-0.153334175,-0.187669535,-0.764194354,-0.138028554,-0.235434918,-0.435031519,0.204232351,-0.148654841,-0.708866386,0.336414123,-0.214557702,-0.824447638,0.333775121,-0.232208113,-0.874951818,0.29838342,-0.229313891,-0.367140112,0.411015577,-0.135398249,-0.678043826,0.565900399,-0.185271262,-0.804683401,0.539032669,-0.182155486,-0.857565142,0.476939942,-0.171183384,-0.304322183,0.556451474,-0.124463669,-0.604472525,0.710883917,-0.158431805,-0.723552373,0.66650999,-0.137666444,-0.768941766,0.589679687,-0.117285257,-0.257806798,0.647364653,-0.118635946,-0.499339142,0.783833747,-0.135417193,-0.620932044,0.768347835,-0.112037616,-0.680630135,0.727352432,-0.087755674,two
0,0,0,-0.162413466,-0.123156195,-0.118380039,-0.314225396,-0.259456899,-0.243254859,-0.320511309,-0.388771482,-0.371353633,-0.175858777,-0.525883267,-0.483208874,-0.233522761,-0.853127837,-0.127426935,-0.353884876,-0.884428127,-0.304224231,-0.383384821,-0.579714472,-0.408623872,-0.335280082,-0.429561251,-0.461935291,-0.062325196,-0.777424817,-0.149344424,-0.180156432,-0.807078757,-0.321029074,-0.236659802,-0.504867583,-0.36599732,-0.196089763,-0.366827973,-0.369078245,0.113591078,-0.665563441,-0.191911125,-0.009458013,-0.656914142,-0.360490714,-0.079915044,-0.349423147,-0.320104689,-0.046518864,-0.229924963,-0.258750265,0.288396959,-0.52648715,-0.244917074,0.143626105,-0.502920079,-0.335556643,0.076791501,-0.267461472,-0.280076261,0.111435414,-0.160887629,-0.215867412,two
0,0,0,-0.149407499,-0.151340135,-0.067461495,-0.26765379,-0.367953713,-0.125771228,-0.24322782,-0.576917031,-0.190315256,-0.132366491,-0.711976256,-0.238062101,-0.218036694,-0.719628331,-0.013261223,-0.268244825,-0.948901252,-0.137859403,-0.291968738,-0.749583085,-0.203762921,-0.276436965,-0.60035029,-0.226919047,-0.097996091,-0.721437235,-0.02776169,-0.150567003,-0.977774191,-0.145901369,-0.18524187,-0.761647111,-0.172110821,-0.175865583,-0.635745761,-0.156784069,0.027215199,-0.683255712,-0.062776274,-0.050739052,-0.799243824,-0.181388731,-0.085289279,-0.550694738,-0.165427738,-0.059398819,-0.437488916,-0.119548559,0.155000224,-0.60300353,-0.103808896,0.040424722,-0.696286251,-0.16873628,0.006749829,-0.513675573,-0.146858024,0.033879622,-0.415939398,-0.109587227,two
0,0,0,-0.156227636,-0.146426143,-0.092951111,-0.26894389,-0.370019538,-0.156842462,-0.233320889,-0.579517738,-0.219296418,-0.112992909,-0.70345255,-0.262408343,-0.204617846,-0.701070562,-0.036250135,-0.254390444,-0.911207081,-0.168465045,-0.274351531,-0.709919858,-0.235048032,-0.260101593,-0.570184994,-0.258510728,-0.079585827,-0.710330515,-0.037265337,-0.127881358,-0.977909387,-0.165346877,-0.168074462,-0.74771023,-0.190671305,-0.159779495,-0.629779765,-0.172874979,0.042641839,-0.676455701,-0.060885902,-0.034586305,-0.776145333,-0.191865417,-0.074877524,-0.518333023,-0.177573579,-0.04576217,-0.410613118,-0.130903091,0.169945133,-0.587330911,-0.092072245,0.053414045,-0.666856863,-0.165852881,0.020421692,-0.481516673,-0.149765182,0.053649597,-0.397044002,-0.116743242,two
0,0,0,-0.144909671,-0.160436008,-0.084756538,-0.260542284,-0.397437393,-0.145084591,-0.230508292,-0.615970771,-0.207118375,-0.104395127,-0.725740309,-0.250779464,-0.189309202,-0.698585163,-0.029086302,-0.247417212,-0.926681677,-0.160197914,-0.269385281,-0.722124732,-0.227890798,-0.256506251,-0.573922916,-0.252142922,-0.073157526,-0.707777052,-0.032234099,-0.132123421,-0.978252768,-0.159890346,-0.165817132,-0.742389825,-0.185633064,-0.15436584,-0.610799146,-0.168381696,0.043322521,-0.678791001,-0.057719038,-0.042141648,-0.797059965,-0.182676875,-0.07689052,-0.546838701,-0.170846024,-0.050178186,-0.428609256,-0.127318396,0.160466153,-0.602794844,-0.09122703,0.041110743,-0.674432802,-0.16191612,0.013947617,-0.49988268,-0.152580771,0.044725624,-0.409049926,-0.125388948,two
0,0,0,-0.131854134,-0.131170296,-0.057975745,-0.221073946,-0.348254762,-0.095747566,-0.197923457,-0.541310674,-0.142748204,-0.102357022,-0.679114381,-0.181327657,-0.188786221,-0.662232623,0.009475305,-0.235175966,-0.887482308,-0.094106663,-0.273403905,-0.865117576,-0.157263492,-0.280672598,-0.75587298,-0.180344354,-0.069605165,-0.684536659,-0.007196111,-0.085671198,-0.9900395,-0.111723922,-0.14970734,-0.972723135,-0.154164785,-0.187210788,-0.880286577,-0.150635297,0.050300889,-0.649035348,-0.041322537,-0.021781104,-0.753066435,-0.155272435,-0.074101644,-0.548141599,-0.159083921,-0.067474429,-0.402444413,-0.123637695,0.162612706,-0.561527536,-0.081014618,0.063610956,-0.625297629,-0.150522125,0.011272461,-0.464153001,-0.139255544,0.020065502,-0.352464643,-0.108641852,two
0,0,0,-0.102450726,-0.083038542,-0.052657636,-0.175618289,-0.240197308,-0.079467342,-0.134974561,-0.381482195,-0.112180383,-0.054997542,-0.483655923,-0.140983328,-0.140393797,-0.499048645,-0.003111968,-0.204231778,-0.675660959,-0.060629527,-0.25025742,-0.766715555,-0.100804199,-0.290009773,-0.845789977,-0.121995639,-0.042945005,-0.521400637,-0.015935394,-0.039373609,-0.76166232,-0.07114612,-0.063996544,-0.887332926,-0.104409567,-0.085437286,-0.989712619,-0.114758017,0.046467431,-0.48095289,-0.040292053,-0.003197169,-0.578516551,-0.124137985,-0.037879219,-0.434171376,-0.138626221,-0.036845874,-0.335218067,-0.121379288,0.121270355,-0.406155813,-0.06897035,0.050203238,-0.44458898,-0.126925209,0.014695046,-0.338612501,-0.12245414,0.022074471,-0.25794142,-0.103195788,two
0,0,0,-0.105932784,-0.073729956,-0.065938687,-0.175910818,-0.220983337,-0.09833653,-0.130793274,-0.354666255,-0.133445809,-0.048418174,-0.450725467,-0.16364206,-0.150739634,-0.478030634,-0.019341483,-0.209558468,-0.646451863,-0.077233476,-0.250674563,-0.73722631,-0.114161367,-0.280527531,-0.818392524,-0.131940906,-0.051007082,-0.501946726,-0.026350048,-0.04127005,-0.73755829,-0.080028503,-0.051194546,-0.875242232,-0.107774072,-0.056472184,-0.991834029,-0.114351002,0.041345186,-0.464052585,-0.046102608,0.003761455,-0.530587928,-0.131729219,-0.027452703,-0.383743457,-0.14599801,-0.02619426,-0.288882749,-0.127235217,0.118004195,-0.394569829,-0.071056199,0.059686209,-0.424039893,-0.127627985,0.025810412,-0.316933242,-0.121114381,0.02971827,-0.23953981,-0.100198255,two
0,0,0,-0.126580739,-0.115063972,-0.047736411,-0.189285566,-0.239568761,-0.076725691,-0.129694059,-0.370876284,-0.107719308,-0.035781005,-0.445054129,-0.131556653,-0.163851407,-0.464978764,-0.025777515,-0.233219623,-0.665304323,-0.063062323,-0.27183991,-0.753909006,-0.085134478,-0.289577359,-0.84161036,-0.098029423,-0.069251768,-0.493189234,-0.031616623,-0.058965706,-0.752286187,-0.068865015,-0.052478292,-0.889651357,-0.072512984,-0.056696282,-0.996081175,-0.067880952,0.019377443,-0.453339778,-0.046569678,-0.008022176,-0.535567771,-0.09058113,-0.029204975,-0.386932552,-0.077664218,-0.025019239,-0.295926591,-0.052666015,0.092182351,-0.367622827,-0.067739116,0.070238175,-0.44974489,-0.082965241,0.034085022,-0.361221562,-0.056148034,0.027291549,-0.281522185,-0.030975515,two
0,0,0,-0.117879937,-0.100311919,-0.054165796,-0.189377157,-0.233522388,-0.088157629,-0.128184535,-0.355401035,-0.125320348,-0.025387266,-0.418213373,-0.156584063,-0.161030121,-0.462775049,-0.029968904,-0.230933847,-0.644565939,-0.075573003,-0.272384891,-0.732042787,-0.102317675,-0.292779959,-0.818651496,-0.116141603,-0.0618609,-0.4888262,-0.038760307,-0.047109111,-0.751774206,-0.079447958,-0.040766134,-0.891015343,-0.087556165,-0.033527235,-0.995852884,-0.084575163,0.032572113,-0.447818345,-0.057999569,0.006284248,-0.5167738,-0.114074979,-0.026306717,-0.365427672,-0.108848842,-0.027811808,-0.270960168,-0.0855384,0.111572584,-0.364775458,-0.083202608,0.08520213,-0.436330604,-0.104258797,0.041848826,-0.342838398,-0.07775049,0.030010315,-0.264741832,-0.051550418,two
0,0,0,-0.117006286,-0.100760575,-0.060415847,-0.188061348,-0.230642138,-0.096007222,-0.12463327,-0.344141982,-0.133048483,-0.018287634,-0.399280981,-0.163982031,-0.156141446,-0.469012945,-0.036001898,-0.229109544,-0.643414253,-0.086477444,-0.274546596,-0.726093605,-0.119221732,-0.298283852,-0.805363025,-0.136802267,-0.058626405,-0.494825877,-0.041308305,-0.042649434,-0.752056929,-0.086696018,-0.037567579,-0.890317673,-0.10183041,-0.028674986,-0.99415649,-0.104070256,0.036330453,-0.450040382,-0.05671398,0.018118205,-0.520653336,-0.117722535,-0.022117551,-0.373928435,-0.115174771,-0.028077548,-0.283512344,-0.093225842,0.115839323,-0.360906896,-0.078184739,0.089168663,-0.430888754,-0.105446963,0.048796661,-0.334339915,-0.080347319,0.039536443,-0.255603703,-0.053622742,two
0,0,0,-0.120279275,-0.100433876,-0.058716649,-0.191506864,-0.226317527,-0.096319118,-0.130322065,-0.342432942,-0.135544016,-0.021447158,-0.394837677,-0.167821876,-0.159415089,-0.465423899,-0.0392319,-0.230724176,-0.642407933,-0.091221042,-0.275201903,-0.724466983,-0.125899247,-0.298560977,-0.806543764,-0.14511614,-0.066115379,-0.490131893,-0.043240803,-0.048892625,-0.751119464,-0.086088921,-0.037334505,-0.889258499,-0.09577128,-0.028219773,-0.995051071,-0.095273347,0.028213609,-0.444614268,-0.057526045,0.015235028,-0.523892417,-0.109714684,-0.024556707,-0.375143801,-0.099594106,-0.035130067,-0.288532316,-0.07446931,0.106478931,-0.354246651,-0.078594359,0.09564197,-0.436253739,-0.095963843,0.049686464,-0.347851565,-0.065500429,0.031704764,-0.272290671,-0.036754843,two
0,0,0,-0.113161887,-0.096310529,-0.063469522,-0.185006325,-0.233107888,-0.100373463,-0.115784581,-0.336430454,-0.138532341,-0.005244628,-0.385089185,-0.169876262,-0.14272842,-0.476583941,-0.035760299,-0.212641491,-0.648829468,-0.08548615,-0.259976021,-0.729468274,-0.118074463,-0.285633913,-0.808728606,-0.136262249,-0.041042477,-0.500826766,-0.040754459,-0.021192844,-0.756605962,-0.083781567,-0.011426045,-0.893670594,-0.096533311,0.002780283,-0.995239011,-0.09742475,0.055741721,-0.452771301,-0.056900282,0.028782438,-0.519664807,-0.115882192,-0.012491242,-0.36431588,-0.111314279,-0.016446931,-0.272663251,-0.088852662,0.136423061,-0.359953769,-0.079648989,0.10600034,-0.429858191,-0.10664514,0.065180275,-0.330939558,-0.080925793,0.058213052,-0.258507156,-0.054247185,two
0,0,0,-0.116987689,-0.106500423,-0.061337765,-0.1873264,-0.223269844,-0.101664013,-0.123289907,-0.334863185,-0.142120801,-0.016792272,-0.387534787,-0.173187842,-0.152699392,-0.469917677,-0.049191962,-0.217476825,-0.6627982,-0.101352721,-0.254157957,-0.763044398,-0.134253552,-0.272192005,-0.854457018,-0.153311851,-0.059542162,-0.494666505,-0.050211178,-0.039038268,-0.751739347,-0.100625986,-0.02279673,-0.890408314,-0.110929899,-0.014602159,-0.993865392,-0.109628282,0.032977036,-0.448809062,-0.060685569,0.02568332,-0.526743709,-0.112164729,-0.008819129,-0.382822747,-0.096551896,-0.021093701,-0.294545881,-0.067189155,0.110968411,-0.354360018,-0.078918529,0.113492104,-0.436065896,-0.09385924,0.068086435,-0.362237176,-0.062536171,0.042444185,-0.296307634,-0.032601865,two
0,0,0,-0.113289107,-0.104537923,-0.063206367,-0.187270115,-0.223753679,-0.102704581,-0.11982242,-0.329608326,-0.142263306,-0.009314372,-0.375571108,-0.172659603,-0.151245834,-0.470560326,-0.045907032,-0.211725829,-0.662878933,-0.093575033,-0.245916972,-0.759946723,-0.12294602,-0.265200688,-0.850039986,-0.139205215,-0.057397763,-0.493250346,-0.047190481,-0.032184566,-0.755419662,-0.092342556,-0.015340328,-0.894899616,-0.100417676,-0.005891997,-0.995261862,-0.097052102,0.036257824,-0.444338545,-0.058730145,0.034916994,-0.519481138,-0.111047773,-0.001244078,-0.372993864,-0.098016844,-0.017994258,-0.284143471,-0.069138165,0.113643788,-0.347388363,-0.077786895,0.119981134,-0.427581305,-0.094415671,0.071558251,-0.351024819,-0.062999474,0.039388502,-0.281211175,-0.032389078,two
0,0,0,-0.115222647,-0.111933645,-0.051672955,-0.182057631,-0.225155642,-0.086859096,-0.119159927,-0.334493871,-0.123504334,-0.01104377,-0.380904945,-0.150476104,-0.152498142,-0.470627709,-0.037123686,-0.21216985,-0.660052063,-0.087295306,-0.247918423,-0.757176396,-0.120079419,-0.265050428,-0.84708786,-0.138974899,-0.060472504,-0.493692114,-0.041156732,-0.036692482,-0.757707371,-0.087749475,-0.017551161,-0.894651775,-0.094718641,-0.008716514,-0.995757682,-0.091600552,0.032607801,-0.446370271,-0.054313587,0.031444035,-0.524246858,-0.099952269,-0.004012133,-0.383094478,-0.079544134,-0.020273375,-0.299893854,-0.048004752,0.110652208,-0.348159283,-0.074935421,0.119276401,-0.431340918,-0.082703711,0.071082275,-0.359289567,-0.045787889,0.039861369,-0.29441412,-0.013130055,two
0,0,0,-0.109503781,-0.098455064,-0.06032619,-0.177667194,-0.209585972,-0.100913543,-0.120409969,-0.322029826,-0.142582285,-0.012925941,-0.376381706,-0.17516241,-0.154973531,-0.466453535,-0.049173887,-0.219306556,-0.652728407,-0.101611424,-0.256997542,-0.74970151,-0.134125205,-0.273332816,-0.83979538,-0.152190995,-0.05837828,-0.492127974,-0.05124531,-0.038722024,-0.754274453,-0.100337885,-0.023838473,-0.8943661,-0.109119961,-0.016308648,-0.99419037,-0.106393309,0.037481223,-0.4449477,-0.062667209,0.030698259,-0.518509405,-0.114526587,-0.007819281,-0.380481871,-0.09883724,-0.027651173,-0.295026605,-0.068793573,0.118705974,-0.349455723,-0.081634162,0.131582322,-0.434780407,-0.095951055,0.082014862,-0.37444197,-0.062802334,0.041971881,-0.317700542,-0.03150161,two
0,0,0,-0.10558803,-0.074137726,-0.068639095,-0.185545447,-0.19848638,-0.109190149,-0.126825944,-0.307515565,-0.149903927,-0.022093402,-0.366385522,-0.182873002,-0.169440788,-0.467035851,-0.050375549,-0.235970898,-0.644010793,-0.101031116,-0.2779531,-0.742718698,-0.131570395,-0.303498559,-0.832824205,-0.148519605,-0.0624724,-0.494950803,-0.054060187,-0.046121834,-0.742385244,-0.099740457,-0.035568132,-0.885695888,-0.114655324,-0.025037955,-0.992789903,-0.117223335,0.036933891,-0.451741023,-0.068117904,0.010018046,-0.507127748,-0.133449087,-0.027978185,-0.358735877,-0.129842972,-0.041509358,-0.262654041,-0.105696863,0.122845971,-0.363851975,-0.088946735,0.10490071,-0.434954205,-0.123265511,0.064361308,-0.353771534,-0.099263952,0.041576635,-0.2904005,-0.071573431,two
0,0,0,-0.102192419,-0.07554972,-0.065814464,-0.176644545,-0.198598057,-0.105828973,-0.120967321,-0.309002198,-0.146101949,-0.015666308,-0.359953927,-0.178621652,-0.154747867,-0.458417137,-0.052089118,-0.223972843,-0.637072591,-0.10674506,-0.271105368,-0.725211498,-0.141857059,-0.30164308,-0.806433646,-0.160725457,-0.05932588,-0.485282019,-0.054203729,-0.044916082,-0.742287942,-0.10234741,-0.037525994,-0.884609553,-0.11867827,-0.030315576,-0.992109173,-0.121656706,0.035399363,-0.440978888,-0.065690624,0.022354362,-0.515886828,-0.127082902,-0.016040292,-0.376794915,-0.121058453,-0.032861757,-0.291932048,-0.095844592,0.117313739,-0.348830022,-0.083700802,0.112417513,-0.43087061,-0.110754414,0.068064846,-0.356503005,-0.082177544,0.037963197,-0.295470913,-0.051725585,two
0,0,0,-0.097874678,-0.072446332,-0.071020789,-0.16808398,-0.208376474,-0.109691623,-0.107034886,-0.312873535,-0.147951609,0.002344496,-0.359565313,-0.178640842,-0.148435621,-0.470640264,-0.043799721,-0.215445005,-0.638258327,-0.100413147,-0.263132788,-0.719739557,-0.137730564,-0.298203956,-0.797167743,-0.156442215,-0.045057809,-0.493858092,-0.045544835,-0.027196615,-0.754399665,-0.088552044,-0.02091475,-0.888533056,-0.105225602,-0.011037181,-0.994041394,-0.108443018,0.054506338,-0.445659764,-0.058953474,0.03567854,-0.502054174,-0.124635155,-0.004795542,-0.361080578,-0.125210156,-0.021298658,-0.280337165,-0.103570064,0.143715255,-0.355992909,-0.078825126,0.121390643,-0.418788714,-0.110698245,0.078582339,-0.336762398,-0.085464656,0.053605646,-0.283661153,-0.05712274,two
0,0,0,-0.094450276,-0.076422829,-0.0657371,-0.162276999,-0.214339908,-0.103548077,-0.104534269,-0.317425632,-0.142540559,0.004535599,-0.363692144,-0.174212254,-0.138441835,-0.47059526,-0.038409579,-0.200391031,-0.640749752,-0.094006927,-0.245321365,-0.721513688,-0.130150953,-0.275943017,-0.797864035,-0.147998498,-0.041619225,-0.488600841,-0.043797034,-0.018511956,-0.755356922,-0.089821354,-0.011644633,-0.890308369,-0.106626496,-0.001714794,-0.994090703,-0.108539085,0.053209214,-0.436426878,-0.060585612,0.039253184,-0.505810891,-0.130721909,-0.002737322,-0.362508082,-0.130242551,-0.020123075,-0.276298476,-0.105552695,0.139315598,-0.342955624,-0.083057949,0.134587862,-0.429814893,-0.116839629,0.0880623,-0.346853421,-0.088525446,0.057699585,-0.286264805,-0.056889652,two
0,0,0,-0.115830701,-0.098537027,-0.055164081,-0.189721111,-0.215481017,-0.090354286,-0.119435735,-0.32370134,-0.12717229,-0.011829022,-0.365361498,-0.154788724,-0.153935577,-0.46486157,-0.035407873,-0.221781344,-0.661945601,-0.080695102,-0.260679693,-0.758097309,-0.110145805,-0.284297423,-0.847193285,-0.126956271,-0.059311355,-0.487878633,-0.03945402,-0.043824176,-0.744879585,-0.079591189,-0.030400298,-0.88569083,-0.091729673,-0.021555239,-0.995381382,-0.093548252,0.030903527,-0.440794092,-0.052732195,0.017724185,-0.520623756,-0.103220317,-0.013543787,-0.387728592,-0.0967216,-0.02660412,-0.304342838,-0.07306614,0.107386086,-0.34745754,-0.072502619,0.107858709,-0.436151184,-0.092163336,0.068194751,-0.368273282,-0.065829758,0.041195939,-0.304324951,-0.038078231,two
0,0,0,-0.113629266,-0.09978258,-0.053948221,-0.184516023,-0.215839749,-0.088731916,-0.115791324,-0.325349275,-0.124920762,-0.009720909,-0.370166989,-0.15135918,-0.148759342,-0.463534033,-0.035796637,-0.21331574,-0.66269353,-0.082518749,-0.251416337,-0.758395058,-0.113049385,-0.275653899,-0.847694094,-0.13040498,-0.057470103,-0.486477798,-0.038971877,-0.041202079,-0.743285993,-0.082082141,-0.026252486,-0.88363532,-0.094920115,-0.017992205,-0.995179599,-0.096404593,0.030509181,-0.439479386,-0.050966959,0.018134051,-0.518115268,-0.100178775,-0.011746805,-0.383028202,-0.090505726,-0.024222712,-0.302320288,-0.064431864,0.104537653,-0.345841694,-0.069530122,0.10641994,-0.437901324,-0.086180653,0.067522558,-0.368703938,-0.056852887,0.041499431,-0.305820561,-0.026810722,two
0,0,0,-0.113762192,-0.097901556,-0.061233779,-0.18525286,-0.216479997,-0.096787125,-0.116650156,-0.32428749,-0.13295653,-0.012575755,-0.367753993,-0.159550591,-0.143918314,-0.47144388,-0.037910706,-0.21037648,-0.669587505,-0.086964357,-0.250563821,-0.769926262,-0.120270658,-0.276685829,-0.855122206,-0.138874092,-0.053940082,-0.492557582,-0.038581413,-0.039572893,-0.74709283,-0.078996345,-0.026226264,-0.888519044,-0.093326868,-0.016807513,-0.99517326,-0.096683453,0.032619717,-0.443313657,-0.049541852,0.026302674,-0.522353252,-0.100473423,-0.003590565,-0.396374085,-0.096900245,-0.020318061,-0.313788309,-0.075023339,0.103411389,-0.349880127,-0.067706193,0.105734481,-0.434542301,-0.089518955,0.066882754,-0.373211786,-0.066918459,0.036595103,-0.311800594,-0.041164226,two
0,0,0,-0.107087871,-0.083898518,-0.067495274,-0.181601318,-0.210679985,-0.107512067,-0.114685051,-0.316855566,-0.14780745,-0.009018941,-0.364490625,-0.180431965,-0.144716861,-0.475753207,-0.042168058,-0.20530249,-0.659792436,-0.097279355,-0.241139957,-0.753145989,-0.134080011,-0.26557813,-0.834727118,-0.154194459,-0.045539262,-0.498900334,-0.044819627,-0.028738458,-0.741090249,-0.088802918,-0.019292639,-0.881101038,-0.109012875,-0.009003565,-0.993319112,-0.115048156,0.046617224,-0.451297532,-0.058499524,0.01835279,-0.50039259,-0.118244302,-0.015652345,-0.371712725,-0.122321002,-0.025557654,-0.289601477,-0.103813295,0.121951373,-0.36208958,-0.079497831,0.093949073,-0.4092811,-0.11084225,0.056999969,-0.334208245,-0.094142195,0.040516864,-0.274160135,-0.07103472,two
0,0,0,-0.112056581,-0.086277965,-0.068311727,-0.187605689,-0.208130325,-0.10862883,-0.120982363,-0.313748229,-0.148680027,-0.01523803,-0.36128868,-0.179809316,-0.148901554,-0.470726107,-0.043091805,-0.210393035,-0.661616475,-0.096243877,-0.24726687,-0.757278173,-0.131384779,-0.271659901,-0.839410714,-0.150610561,-0.052827456,-0.492892551,-0.043695008,-0.036653602,-0.738241735,-0.086910527,-0.026914265,-0.881323565,-0.105123432,-0.01724921,-0.993764878,-0.110153671,0.037825152,-0.444965995,-0.055420245,0.01680476,-0.503039551,-0.112146546,-0.016454778,-0.373743366,-0.113334542,-0.027357121,-0.291260223,-0.093257255,0.111803103,-0.35515129,-0.074766912,0.096301458,-0.416062419,-0.102616231,0.058741736,-0.344778169,-0.084146926,0.038437156,-0.284286257,-0.060283096,two
0,0,0,-0.109238512,-0.094435046,-0.062753969,-0.179286288,-0.214912852,-0.099752278,-0.108498847,-0.320277448,-0.136834152,-0.002984204,-0.367413878,-0.164829645,-0.138431679,-0.473186429,-0.037863401,-0.198994169,-0.667738113,-0.086647884,-0.237027371,-0.764683337,-0.119645708,-0.262326623,-0.8466647,-0.137721876,-0.045616183,-0.492067045,-0.03890662,-0.027590692,-0.741536702,-0.079351426,-0.016632452,-0.883979112,-0.094875898,-0.007547783,-0.995064863,-0.098939118,0.04208092,-0.442585156,-0.050412914,0.031477184,-0.511750733,-0.103316526,-0.001659769,-0.383665711,-0.101326729,-0.013932357,-0.300302925,-0.080205459,0.114984558,-0.349907698,-0.069014109,0.112425558,-0.42972902,-0.09255318,0.073324912,-0.362006615,-0.070143819,0.049381232,-0.298586561,-0.044389515,two
0,0,0,-0.114896946,-0.095217707,-0.061276637,-0.187197438,-0.210900678,-0.098439598,-0.116469744,-0.316270702,-0.135967269,-0.010983431,-0.360933603,-0.163518578,-0.149822097,-0.469257241,-0.039289779,-0.210047944,-0.66970037,-0.085824789,-0.246463993,-0.764796459,-0.115082926,-0.269195347,-0.849092293,-0.131395118,-0.055135246,-0.492524559,-0.041141174,-0.04017854,-0.742341013,-0.08135715,-0.025923757,-0.883465452,-0.093220576,-0.016032597,-0.995384347,-0.094620073,0.034106586,-0.444325758,-0.053385022,0.024005567,-0.502368736,-0.102877714,-0.003328639,-0.368124732,-0.096674411,-0.014602244,-0.286053201,-0.073321361,0.106701391,-0.350666098,-0.073112465,0.102532303,-0.418363297,-0.093429554,0.065882266,-0.350372137,-0.070270562,0.041681811,-0.290952437,-0.044599557,two
0,0,0,-0.104124021,-0.079273681,-0.072426418,-0.178947338,-0.205253001,-0.112883472,-0.113129461,-0.309027399,-0.152557879,-0.008478209,-0.365650728,-0.183863545,-0.146936957,-0.477526282,-0.044949018,-0.205966343,-0.665174902,-0.094534929,-0.242193186,-0.761090058,-0.126382167,-0.266551602,-0.847087881,-0.143877383,-0.046869599,-0.500584117,-0.045090047,-0.03161874,-0.74447588,-0.083587489,-0.021073715,-0.884001619,-0.098917062,-0.011542208,-0.994671683,-0.102445207,0.045190085,-0.451187192,-0.057050352,0.026930983,-0.5038532,-0.115957831,-0.003771523,-0.366404657,-0.119882082,-0.015393877,-0.282370145,-0.101556853,0.121953847,-0.361153557,-0.076402327,0.107943068,-0.414406581,-0.110028595,0.073424378,-0.338923039,-0.095322643,0.054134084,-0.281955949,-0.073879705,two
0,0,0,-0.110178013,-0.087690656,-0.070521862,-0.182862965,-0.204659502,-0.111764064,-0.117115906,-0.312866311,-0.151905241,-0.013073134,-0.363827392,-0.182738463,-0.14840544,-0.4737782,-0.048247106,-0.208672408,-0.669608928,-0.100149772,-0.24560498,-0.765929653,-0.133204238,-0.26937042,-0.850323049,-0.151211058,-0.050452592,-0.49648931,-0.047341246,-0.037548025,-0.739632918,-0.090603841,-0.026179017,-0.880984694,-0.107071888,-0.016744038,-0.993675547,-0.111033979,0.040531163,-0.448334701,-0.057428006,0.021078191,-0.496118454,-0.114498555,-0.009228175,-0.368452743,-0.115412763,-0.022150621,-0.287827567,-0.09532263,0.113601133,-0.357593905,-0.075221047,0.098747844,-0.411272683,-0.10393429,0.062344606,-0.341454036,-0.086182329,0.039372568,-0.281912804,-0.06275202,two
0,0,0,-0.109040958,-0.082186757,-0.070693456,-0.185043208,-0.203098289,-0.112112969,-0.122082078,-0.309845691,-0.153147127,-0.017759587,-0.360661708,-0.185739139,-0.151278966,-0.476278182,-0.045294765,-0.212153873,-0.66384793,-0.098647946,-0.247785176,-0.75832892,-0.133262408,-0.271810343,-0.839899349,-0.1516908,-0.051904338,-0.499583221,-0.045844314,-0.036876453,-0.742975815,-0.088251829,-0.026873384,-0.883399785,-0.105990838,-0.018446312,-0.993723373,-0.110334002,0.039915168,-0.451799496,-0.057907748,0.011517975,-0.499217199,-0.116754373,-0.019354723,-0.37129382,-0.121558919,-0.030021392,-0.290516663,-0.10347925,0.114755245,-0.36301042,-0.077500666,0.091917104,-0.412214554,-0.107733721,0.055013272,-0.340977555,-0.092347301,0.034715271,-0.282534427,-0.070506175,two
0,0,0,-0.107843311,-0.092431623,-0.062026932,-0.180950537,-0.2068073,-0.10036317,-0.119669526,-0.316877285,-0.139170724,-0.01443042,-0.354518714,-0.169264992,-0.154951946,-0.465290948,-0.042971338,-0.216760395,-0.66144626,-0.096206933,-0.252377205,-0.75913442,-0.129889168,-0.276142917,-0.846298069,-0.148113882,-0.059947912,-0.489012174,-0.044652813,-0.045097705,-0.740106043,-0.091509614,-0.030623219,-0.88133993,-0.105704519,-0.022819349,-0.994066576,-0.10635281,0.032096644,-0.441579525,-0.056396177,0.01567927,-0.501610537,-0.112410439,-0.01266782,-0.371347528,-0.106722425,-0.024654276,-0.292391992,-0.080857267,0.105350025,-0.347421598,-0.075233223,0.09902934,-0.41915444,-0.098873694,0.06101727,-0.346312676,-0.073493937,0.037184066,-0.281769942,-0.044323342,two
0,0,0,-0.108793429,-0.063264779,-0.078241873,-0.194547871,-0.180849189,-0.123593076,-0.128804884,-0.281721435,-0.166263247,-0.019105268,-0.316068402,-0.200301542,-0.172154278,-0.460571092,-0.061335506,-0.24641662,-0.651255983,-0.116843397,-0.2899848,-0.748160614,-0.15216891,-0.320672279,-0.830904383,-0.171356381,-0.071097323,-0.482097197,-0.058448983,-0.062571894,-0.730186756,-0.103504526,-0.056111706,-0.874607334,-0.125697912,-0.047048193,-0.989931643,-0.133498349,0.024046774,-0.43310367,-0.065925953,0.003916091,-0.463458641,-0.127423995,-0.029973862,-0.338407842,-0.133397317,-0.046756039,-0.258748656,-0.115535594,0.105046141,-0.345819126,-0.081270519,0.084542279,-0.379574716,-0.114365133,0.050493493,-0.307879491,-0.098827463,0.028475526,-0.251080882,-0.076123844,two
0,0,0,-0.093399983,-0.061902381,-0.07591712,-0.175056023,-0.17610714,-0.119835627,-0.116305129,-0.279742008,-0.16160713,-0.009924928,-0.32525358,-0.195812513,-0.16560338,-0.458018625,-0.061664526,-0.234247625,-0.646112957,-0.115961499,-0.274999166,-0.750524428,-0.149984856,-0.303120573,-0.841879423,-0.168591964,-0.060849398,-0.483674478,-0.060976466,-0.048478569,-0.735141433,-0.107201085,-0.039627986,-0.878504527,-0.129722971,-0.030701191,-0.990057575,-0.137271393,0.03711622,-0.435307696,-0.069976737,0.019652575,-0.480745187,-0.137785637,-0.014142767,-0.358277782,-0.146242234,-0.033692482,-0.27804464,-0.128728546,0.121961765,-0.34556453,-0.085527334,0.110316996,-0.400440984,-0.125648063,0.079958449,-0.330310599,-0.110518222,0.057948132,-0.271332534,-0.086474881,two
0,0,0,-0.091027691,-0.055400773,-0.078405759,-0.164562689,-0.170807226,-0.125083211,-0.103777539,-0.26447045,-0.169168625,0.003061026,-0.301204694,-0.204611311,-0.167449909,-0.446182962,-0.071433907,-0.240929108,-0.640191031,-0.132593623,-0.286541095,-0.745874726,-0.168059182,-0.320734983,-0.835199876,-0.185234918,-0.064236854,-0.468477592,-0.0690109,-0.055607812,-0.71884568,-0.121562647,-0.050406021,-0.870923772,-0.144952222,-0.045823153,-0.987382059,-0.151581357,0.035383968,-0.420579922,-0.076086376,0.022638115,-0.462694196,-0.143920594,-0.006012079,-0.357219296,-0.149533148,-0.02360658,-0.281220068,-0.129326414,0.121458965,-0.333020838,-0.090153129,0.109229524,-0.375372179,-0.122544338,0.074317145,-0.321601202,-0.102976622,0.046891406,-0.270465539,-0.076475282,two
0,0,0,-0.095727195,-0.036302176,-0.087742453,-0.174279341,-0.132793941,-0.145294118,-0.119850049,-0.210018635,-0.198408435,-0.017053181,-0.249279185,-0.243802987,-0.182613894,-0.420489723,-0.098584339,-0.256589275,-0.61076045,-0.171829035,-0.306847273,-0.715776186,-0.214129776,-0.342767164,-0.80496441,-0.236057428,-0.074378363,-0.450988941,-0.09856492,-0.074105284,-0.705108014,-0.159296661,-0.07005874,-0.858860075,-0.188060216,-0.061035681,-0.977898353,-0.199973641,0.028372177,-0.406003942,-0.107739724,0.02342841,-0.442822846,-0.183796615,-0.011079887,-0.341430499,-0.190383639,-0.034236309,-0.274187393,-0.172454019,0.119245249,-0.318184171,-0.124318346,0.099797755,-0.353480486,-0.167896849,0.06538373,-0.291677396,-0.150735073,0.040752531,-0.240936073,-0.1255362,two
0,0,0,-0.102230823,-0.02554557,-0.08511672,-0.181842356,-0.108827858,-0.140822843,-0.127744852,-0.187998338,-0.190110137,-0.031070065,-0.242499292,-0.231061411,-0.194313125,-0.400459119,-0.1071458,-0.274158935,-0.576536203,-0.180168689,-0.326829629,-0.681913481,-0.221012676,-0.365345448,-0.780960245,-0.244087955,-0.080427657,-0.451836505,-0.10695486,-0.093705368,-0.689834861,-0.169704359,-0.093865316,-0.844926834,-0.199102233,-0.085835123,-0.97353622,-0.211800756,0.027047874,-0.422877519,-0.11418805,-0.003083548,-0.426905158,-0.185120111,-0.045337465,-0.348621352,-0.193284136,-0.072838341,-0.311056828,-0.180785328,0.122909524,-0.342392754,-0.129112253,0.065405634,-0.302979059,-0.172217339,0.019879798,-0.252377645,-0.162267676,-0.01081155,-0.22509387,-0.143638662,two
0,0,0,-0.100124199,-0.031633682,-0.081385884,-0.179427818,-0.112586633,-0.136621008,-0.130172078,-0.198546748,-0.187327754,-0.036643872,-0.253509264,-0.231282378,-0.211908632,-0.405265684,-0.099597635,-0.302469584,-0.586493957,-0.176625048,-0.367380409,-0.694017283,-0.223905651,-0.415267778,-0.789424866,-0.250063737,-0.098883441,-0.451932514,-0.099410609,-0.118464108,-0.684243988,-0.15756731,-0.123308625,-0.839790304,-0.189732129,-0.119637956,-0.971213772,-0.205986817,0.010401504,-0.423127084,-0.107092955,-0.015763145,-0.445708971,-0.174031934,-0.047901227,-0.36965766,-0.185456763,-0.067104684,-0.328658545,-0.175946735,0.108377887,-0.347978693,-0.122197873,0.052627986,-0.318711393,-0.163230599,0.015637378,-0.269469355,-0.15508705,-0.005674122,-0.241358465,-0.13784059,two
0,0,0,-0.06454231,-0.026619083,-0.068059061,-0.124242073,-0.151649705,-0.109950145,-0.082075822,-0.245652094,-0.152847946,0.016711781,-0.308084536,-0.189104673,-0.155732694,-0.419257335,-0.069724222,-0.245985297,-0.569620804,-0.140477007,-0.309031996,-0.652490359,-0.185835032,-0.356984279,-0.731121772,-0.210919316,-0.049879218,-0.463928572,-0.075686399,-0.072998114,-0.707155871,-0.138024291,-0.08670679,-0.854817984,-0.168102158,-0.096948203,-0.978939254,-0.179663529,0.059098425,-0.430962646,-0.089710483,0.024957475,-0.458563278,-0.167350324,-0.007432302,-0.326378556,-0.165572967,-0.02663023,-0.250135299,-0.14208584,0.159527026,-0.347011996,-0.109700416,0.106891236,-0.348043145,-0.152439932,0.068456322,-0.261387726,-0.127285018,0.044691759,-0.207913398,-0.096586186,two
0,0,0,-0.082025784,-0.054976169,-0.064046672,-0.14287628,-0.176032306,-0.10481064,-0.082777803,-0.261835515,-0.146884344,0.017989285,-0.310623169,-0.182822213,-0.161042899,-0.419703751,-0.068788235,-0.243446795,-0.585350509,-0.133302449,-0.299543113,-0.678989665,-0.170913375,-0.343391356,-0.766898357,-0.190194801,-0.0534534,-0.455613343,-0.075725264,-0.066071516,-0.703888307,-0.136033535,-0.069480937,-0.859538884,-0.163705133,-0.068686953,-0.982629189,-0.172400635,0.058036404,-0.41729109,-0.089926103,0.010109376,-0.411872391,-0.161370901,-0.02318206,-0.304719407,-0.164013745,-0.03870852,-0.240624462,-0.144054546,0.160215487,-0.332139447,-0.110216511,0.096216366,-0.308009601,-0.140814557,0.057189835,-0.239913857,-0.116501953,0.037770461,-0.195067197,-0.08869374,two
0,0,0,-0.084231402,-0.03075261,-0.090816158,-0.140359504,-0.124142098,-0.143134454,-0.077506308,-0.200137696,-0.190695769,0.01838905,-0.250326157,-0.23047292,-0.172535157,-0.421949278,-0.093807565,-0.246336967,-0.616951045,-0.160539386,-0.295633408,-0.721246552,-0.198990796,-0.332001575,-0.813390604,-0.219311624,-0.067283821,-0.459352286,-0.088935475,-0.075708799,-0.702624329,-0.146431447,-0.075424397,-0.85438421,-0.176706524,-0.070694332,-0.979064333,-0.190880441,0.036049454,-0.424570784,-0.093610634,0.037075227,-0.447852757,-0.166626052,0.015933087,-0.327045484,-0.175518121,8.97E-05,-0.252458429,-0.160354374,0.128993748,-0.347973993,-0.106094023,0.113650577,-0.3579436,-0.145562717,0.08999199,-0.287501032,-0.131460572,0.0735436,-0.237500547,-0.109973422,two
0,0,0,-0.076021247,-0.030056807,-0.078373007,-0.143168229,-0.117677496,-0.128813133,-0.130055773,-0.174676703,-0.179405592,-0.08489799,-0.225473748,-0.225680671,-0.108945709,-0.390627296,-0.096330589,-0.162267938,-0.61346359,-0.165724299,-0.198296099,-0.730636638,-0.20223064,-0.221701614,-0.823825702,-0.218330246,0.003873276,-0.40490623,-0.10205844,0.018764579,-0.681693723,-0.171851492,0.030341202,-0.854078621,-0.210686192,0.038176785,-0.973587428,-0.225100098,0.10751429,-0.348303922,-0.115534152,0.130659492,-0.405764932,-0.213218155,0.123635803,-0.300415072,-0.240833246,0.108175898,-0.208720273,-0.228082548,0.199521025,-0.252764511,-0.132521007,0.219812928,-0.282886408,-0.195537521,0.205087062,-0.226721587,-0.191978963,0.178862055,-0.164857089,-0.170319212,two
0,0,0,-0.084246638,-0.127723186,-0.082383555,-0.143853432,-0.359505879,-0.129943394,-0.177951499,-0.56321465,-0.172649944,-0.174797444,-0.733125492,-0.212701986,-0.066057091,-0.355768592,-0.13015789,-0.115439195,-0.53288806,-0.206490087,-0.148013081,-0.624395836,-0.245248707,-0.160045712,-0.707424624,-0.265951573,0.046657935,-0.316784076,-0.135302301,0.073894501,-0.589808049,-0.227050792,0.095653402,-0.794810934,-0.27717697,0.115552873,-0.945369248,-0.304835233,0.145991094,-0.226283685,-0.145249132,0.192635619,-0.306952829,-0.271363058,0.187372667,-0.200251252,-0.3034213,0.167435423,-0.101103888,-0.293832917,0.228190971,-0.110554333,-0.155771056,0.273051817,-0.15573927,-0.247333419,0.255346565,-0.090008931,-0.252048507,0.215873864,-0.029894094,-0.238214258,two
0,0,0,-0.09004871,-0.141270342,-0.078885406,-0.14469063,-0.378397764,-0.127358273,-0.156553995,-0.57897635,-0.16968421,-0.147884578,-0.731291274,-0.20750716,-0.062963702,-0.355922419,-0.15419368,-0.085383598,-0.584155749,-0.248203782,-0.101907987,-0.712116689,-0.288955236,-0.110483507,-0.820541383,-0.307153317,0.047484234,-0.308432231,-0.162747845,0.082477697,-0.587104536,-0.273956023,0.11704744,-0.783560955,-0.323618977,0.151599675,-0.926760289,-0.343704676,0.14432569,-0.214254694,-0.174638669,0.172450977,-0.271307502,-0.310061967,0.142094372,-0.200451035,-0.330630949,0.106155484,-0.137508524,-0.308181209,0.228341304,-0.096808761,-0.187742329,0.250876287,-0.123204252,-0.282683589,0.225673853,-0.079633301,-0.28258939,0.183259531,-0.036771545,-0.261009821,two
0,0,0,-0.081304128,-0.056054813,-0.068208287,-0.148308718,-0.160123452,-0.114905414,-0.140541605,-0.216734941,-0.163905187,-0.105785251,-0.237316431,-0.210851997,-0.08538191,-0.431165871,-0.081383851,-0.139760109,-0.636852666,-0.149081767,-0.174438504,-0.762343312,-0.192994821,-0.196165412,-0.860502937,-0.216461547,0.025270592,-0.433341092,-0.090728819,0.063714327,-0.68833083,-0.148691366,0.096297929,-0.854550718,-0.185549402,0.125270289,-0.970942319,-0.203907742,0.119415227,-0.357514973,-0.107840483,0.161602981,-0.435355803,-0.18801425,0.154197105,-0.334734948,-0.212934439,0.131285689,-0.2442471,-0.20561027,0.197356073,-0.241960249,-0.128896323,0.235136096,-0.296167623,-0.184356359,0.216776976,-0.247365368,-0.180672574,0.182316467,-0.194562207,-0.162376723,two
0,0,0,-0.083500653,-0.059616537,-0.074321007,-0.140491612,-0.169895559,-0.122139018,-0.100016874,-0.222632314,-0.169880147,-0.034250696,-0.244286884,-0.213210605,-0.101979692,-0.442022945,-0.086099241,-0.144338617,-0.641753588,-0.152394139,-0.174336505,-0.760937682,-0.19303573,-0.194621311,-0.855732078,-0.214024261,0.013656695,-0.448978608,-0.090438494,0.05219319,-0.699716291,-0.145725316,0.081978237,-0.858141642,-0.178393862,0.107680006,-0.975050043,-0.194119626,0.114369787,-0.380875405,-0.102718975,0.13622269,-0.439514869,-0.177176855,0.112484839,-0.337178228,-0.194692187,0.08080761,-0.257242201,-0.184375455,0.200380969,-0.272643585,-0.120294485,0.218011857,-0.31546275,-0.166865527,0.188074665,-0.271525069,-0.157732354,0.148834212,-0.229292656,-0.137847926,two
0,0,0,-0.048167129,-0.047923389,-0.079087444,-0.069715982,-0.141169392,-0.125921375,-0.011210984,-0.180285924,-0.171720049,0.08309884,-0.188575989,-0.211228773,-0.059196871,-0.39580984,-0.093101604,-0.102306592,-0.601487329,-0.157090729,-0.134105113,-0.717251777,-0.192779617,-0.15707059,-0.820400852,-0.210965624,0.046439031,-0.420465608,-0.093775608,0.077629126,-0.693574402,-0.160023026,0.109106886,-0.849889389,-0.196138965,0.129212532,-0.969071874,-0.210247057,0.147532248,-0.367508623,-0.101553293,0.155296278,-0.410926827,-0.192543029,0.127197122,-0.303248228,-0.217690084,0.093501407,-0.238050371,-0.206993626,0.239265726,-0.273459747,-0.113105406,0.26118525,-0.286577432,-0.163618906,0.228041098,-0.220515085,-0.15381374,0.185135725,-0.171730464,-0.131498369,two
0,0,0,-0.060079752,-0.044295012,-0.081799015,-0.089867422,-0.145100965,-0.131295267,-0.019606311,-0.196413552,-0.177733036,0.088263681,-0.210042315,-0.216773262,-0.093767039,-0.424657421,-0.092012123,-0.143838402,-0.614023131,-0.161902194,-0.184004035,-0.717247259,-0.202159668,-0.2192259,-0.812504412,-0.220763401,0.016254679,-0.450273246,-0.090309824,0.049156652,-0.707969218,-0.152308109,0.075494834,-0.856172541,-0.182124504,0.094234086,-0.976885345,-0.191872249,0.120884838,-0.399086316,-0.096653545,0.117441344,-0.413680207,-0.176130347,0.075482506,-0.29801077,-0.185205523,0.039974342,-0.235790598,-0.16555004,0.213613464,-0.302823567,-0.108749132,0.207911291,-0.317134857,-0.14291404,0.171065747,-0.245159268,-0.117550252,0.136129798,-0.193476682,-0.086429241,two
0,0,0,-0.08680164,-0.048387353,-0.086611873,-0.144615242,-0.152623911,-0.141844855,-0.065677221,-0.215028729,-0.192217998,0.047235078,-0.226331666,-0.235561016,-0.144863875,-0.43328852,-0.10399902,-0.211124606,-0.615187009,-0.176809782,-0.253415162,-0.72908559,-0.217846993,-0.286908173,-0.829811038,-0.238607111,-0.030252944,-0.454356519,-0.103082614,0.002841567,-0.699990367,-0.168058385,0.029806987,-0.853984023,-0.196320136,0.052584886,-0.977189856,-0.205754259,0.072746939,-0.401795592,-0.110293633,0.076938607,-0.414670331,-0.189791414,0.034393428,-0.308217769,-0.195935102,0.001719408,-0.247109816,-0.174904025,0.160623701,-0.307399239,-0.124429142,0.154582109,-0.319063733,-0.163203855,0.117655686,-0.259276771,-0.142020848,0.087136265,-0.218289614,-0.113729244,two
0,0,0,-0.096179341,-0.056197,-0.08528133,-0.161393131,-0.170668344,-0.133809756,-0.086107162,-0.238681407,-0.177551457,0.019725115,-0.255244087,-0.214059534,-0.151030588,-0.459371212,-0.085224787,-0.204898124,-0.657975204,-0.147682516,-0.245205631,-0.775656478,-0.183956488,-0.27551915,-0.874972951,-0.202649774,-0.039414307,-0.47395303,-0.081599974,-0.010218232,-0.715289357,-0.134741751,0.013498305,-0.867499734,-0.162329584,0.033789961,-0.984187923,-0.173874581,0.05670692,-0.418366375,-0.087579263,0.062425344,-0.44778462,-0.159698639,0.038810599,-0.361057365,-0.17762214,0.018993854,-0.302444871,-0.167629479,0.138162496,-0.326809791,-0.100502182,0.136718808,-0.341414838,-0.142603432,0.110596938,-0.294473805,-0.136055242,0.086519479,-0.25539043,-0.11899212,two
0,0,0,-0.085615352,-0.071552966,-0.07834987,-0.138228687,-0.188816853,-0.120124689,-0.059326225,-0.252594405,-0.158861714,0.043270353,-0.2701668,-0.190138004,-0.118028411,-0.483760923,-0.066134605,-0.155132302,-0.67959542,-0.120091614,-0.183060017,-0.792052836,-0.15002837,-0.202849725,-0.888670225,-0.16491881,-0.006785016,-0.493430354,-0.065246424,0.024001244,-0.727576213,-0.113825242,0.045957957,-0.874105743,-0.138501263,0.06477233,-0.987054612,-0.146723338,0.087570851,-0.431507603,-0.074363343,0.084737727,-0.437904196,-0.14214224,0.047889919,-0.33739951,-0.157521964,0.022032277,-0.277734105,-0.145101615,0.164653142,-0.33359453,-0.090297032,0.160467968,-0.335182442,-0.126622327,0.124855712,-0.277920273,-0.117680161,0.097568122,-0.237696884,-0.099135799,two
0,0,0,-0.088997571,-0.067258521,-0.086292489,-0.145404261,-0.182829856,-0.133086142,-0.062386077,-0.256181117,-0.175486245,0.039942593,-0.285607675,-0.210474735,-0.124877174,-0.484604672,-0.069081421,-0.170364497,-0.678176821,-0.124271155,-0.197810037,-0.790515106,-0.158188379,-0.21583236,-0.888368053,-0.176789741,-0.01754735,-0.492096343,-0.065913649,0.011064745,-0.729807836,-0.115434726,0.037004363,-0.875451328,-0.14423927,0.061059035,-0.985835241,-0.156207147,0.072629544,-0.428503107,-0.07339014,0.079746254,-0.463445409,-0.145080161,0.056879405,-0.36727402,-0.164238833,0.03808425,-0.299571605,-0.153921773,0.147363519,-0.32998629,-0.08795357,0.156168643,-0.359438795,-0.132020604,0.131033551,-0.306768415,-0.126397212,0.105557861,-0.26186634,-0.108738631,two
0,0,0,-0.090639054,-0.061526435,-0.079162045,-0.148672114,-0.176773901,-0.122877672,-0.069909161,-0.247457573,-0.163911445,0.034729896,-0.276239129,-0.198184415,-0.134113092,-0.459653602,-0.069568447,-0.192000931,-0.647662554,-0.130090888,-0.232069546,-0.761886311,-0.166898162,-0.261727396,-0.858971357,-0.185431627,-0.025577255,-0.475823263,-0.068970436,0.006342843,-0.718162536,-0.120424819,0.028127585,-0.87084075,-0.149111921,0.047023108,-0.985939144,-0.160352209,0.068385687,-0.420821704,-0.077884225,0.070745744,-0.451097374,-0.149693342,0.037874112,-0.342892477,-0.164465278,0.01499191,-0.271209361,-0.150362882,0.146816335,-0.329996269,-0.093385293,0.150983805,-0.354052991,-0.133712485,0.122998045,-0.293365085,-0.121655842,0.100222926,-0.246223341,-0.099480707,two
0,0,0,-0.090519116,-0.05585054,-0.081024225,-0.150365024,-0.168293436,-0.130132128,-0.073912712,-0.243468395,-0.17568136,0.030751282,-0.266970345,-0.214152318,-0.137074032,-0.453783908,-0.081006831,-0.194241353,-0.639189157,-0.147595875,-0.236843128,-0.752000656,-0.188881518,-0.269922504,-0.848627858,-0.210586239,-0.026842632,-0.466929904,-0.081422785,0.006039066,-0.706989337,-0.136976711,0.024916602,-0.862586707,-0.166747867,0.039900633,-0.982993835,-0.17925139,0.068834253,-0.411119451,-0.090927945,0.073659925,-0.45079516,-0.161634723,0.034270998,-0.364705909,-0.172850532,0.004590542,-0.307589788,-0.158345899,0.147678781,-0.318769872,-0.107620655,0.145725958,-0.346578997,-0.14755409,0.110928849,-0.299526038,-0.134376661,0.083396959,-0.262035442,-0.11224868,two
0,0,0,-0.093604744,-0.056723746,-0.087151673,-0.151679642,-0.162833649,-0.136068963,-0.076130092,-0.229673299,-0.1798426,0.027042586,-0.251289245,-0.21600369,-0.142023043,-0.46353461,-0.086756202,-0.185320904,-0.65986588,-0.146633052,-0.216144102,-0.77704714,-0.179238928,-0.238594389,-0.879740971,-0.195672926,-0.027931031,-0.476919833,-0.083078343,0.003017469,-0.714325134,-0.137065678,0.026341928,-0.865321586,-0.164114488,0.044035155,-0.983756786,-0.174021527,0.068976723,-0.419455059,-0.088848694,0.071691143,-0.428682726,-0.162104854,0.038732116,-0.331981638,-0.178214953,0.010658398,-0.27166735,-0.165273827,0.148887718,-0.32632717,-0.101640006,0.149963909,-0.335148889,-0.142230459,0.118356948,-0.279884711,-0.133179389,0.088702881,-0.236899609,-0.113602412,two
0,0,0,-0.091967342,-0.054396942,-0.085448722,-0.148734816,-0.158032184,-0.135921643,-0.072704004,-0.221425367,-0.180912438,0.032166566,-0.246356848,-0.218093497,-0.138901792,-0.456137223,-0.08955847,-0.187744212,-0.643116664,-0.15277458,-0.222975859,-0.759350258,-0.18976276,-0.247767188,-0.860566405,-0.210198182,-0.026247818,-0.471099194,-0.087376383,0.002176902,-0.708304947,-0.143436562,0.025728863,-0.861270951,-0.173102525,0.046357685,-0.981281336,-0.186916839,0.070652676,-0.414800362,-0.094203375,0.079880572,-0.442590924,-0.166016503,0.05063627,-0.361436747,-0.181695993,0.024496367,-0.31102701,-0.171893425,0.15143363,-0.320063401,-0.1081601,0.154079049,-0.329123533,-0.149453312,0.119889851,-0.283607629,-0.14184843,0.086634521,-0.250965965,-0.125229876,two
0,0,0,-0.082573275,-0.052001406,-0.073209364,-0.141998974,-0.165194411,-0.119904369,-0.075679859,-0.233490657,-0.163096288,0.02514369,-0.264432426,-0.198669849,-0.135853143,-0.443395822,-0.088585107,-0.195247206,-0.617482723,-0.158057779,-0.241212249,-0.725942649,-0.199438808,-0.278138221,-0.823703869,-0.22225597,-0.028308797,-0.47026895,-0.091496598,-0.004779924,-0.708158236,-0.152857278,0.013248694,-0.860321227,-0.183218454,0.027065702,-0.980290676,-0.195697824,0.070967912,-0.424691287,-0.101231601,0.060640118,-0.434469343,-0.170728355,0.017958695,-0.346398208,-0.176749123,-0.014918227,-0.298378971,-0.160536961,0.155496864,-0.335419117,-0.117921001,0.135636233,-0.316346062,-0.156398377,0.101057535,-0.266187903,-0.141435799,0.074750449,-0.238205322,-0.118715279,two
0,0,0,-0.089369725,-0.053883459,-0.080202207,-0.148266296,-0.172872128,-0.129047419,-0.070528578,-0.237901002,-0.173480317,0.035205228,-0.264911264,-0.210988009,-0.143490485,-0.452426697,-0.090309466,-0.208745969,-0.63134711,-0.162890972,-0.25623442,-0.742550053,-0.207438334,-0.294046258,-0.841810156,-0.232493892,-0.029234784,-0.476925423,-0.091436015,-0.002974552,-0.706459682,-0.150602384,0.015868383,-0.853747793,-0.181533383,0.036736912,-0.979945683,-0.195849068,0.070979035,-0.428849696,-0.100893029,0.065119477,-0.440975612,-0.1691767,0.021839722,-0.354336432,-0.17772716,-0.004474409,-0.315540637,-0.165302504,0.154027242,-0.338109821,-0.118223985,0.121273228,-0.300623774,-0.158932057,0.081747809,-0.248577912,-0.149076747,0.059581158,-0.229870496,-0.131010069,two
0,0,0,-0.084105141,-0.065446303,-0.070157625,-0.136779705,-0.184717567,-0.113018998,-0.056199789,-0.24744999,-0.154442186,0.05153716,-0.257965442,-0.190290515,-0.118554296,-0.46345799,-0.069449266,-0.170962377,-0.653000747,-0.130124141,-0.208994423,-0.765127589,-0.167113853,-0.23778097,-0.86027863,-0.187011649,-0.007633488,-0.47355248,-0.074039487,0.023750186,-0.710737987,-0.12678494,0.043170785,-0.863014398,-0.156453088,0.058761503,-0.983779295,-0.169485645,0.088064284,-0.413766551,-0.086953549,0.085259641,-0.444126205,-0.154567163,0.048727076,-0.365572887,-0.169007971,0.022315234,-0.319646393,-0.158650826,0.167153166,-0.317435427,-0.105892352,0.153757333,-0.332077172,-0.142221929,0.115773247,-0.284209199,-0.130430543,0.0874395,-0.249480892,-0.111187978,two
0,0,0,-0.090122272,-0.062368299,-0.085178917,-0.146885735,-0.17359964,-0.133986968,-0.071342278,-0.238969636,-0.178254783,0.033311875,-0.259415181,-0.215144198,-0.130198664,-0.470710081,-0.080737351,-0.171025603,-0.671255636,-0.138557672,-0.199257696,-0.788018316,-0.172267171,-0.218058391,-0.889176994,-0.190961104,-0.021511314,-0.478903466,-0.078796504,0.010236628,-0.719106852,-0.130566281,0.033377379,-0.867887442,-0.159520729,0.052404017,-0.983644365,-0.172329867,0.070466052,-0.417286123,-0.086355187,0.074824555,-0.454813647,-0.158991883,0.041615854,-0.356230605,-0.17513122,0.016533067,-0.29092685,-0.163537981,0.146527759,-0.32142071,-0.10058065,0.150650645,-0.356945818,-0.144337049,0.11930745,-0.299718787,-0.135628344,0.091168201,-0.252051457,-0.116446647,two
0,0,0,-0.090314412,-0.068401261,-0.082624933,-0.145069919,-0.184035835,-0.130768087,-0.062371858,-0.247568036,-0.174970639,0.044285171,-0.26238712,-0.212309761,-0.120626519,-0.475311399,-0.077567472,-0.161720901,-0.673975537,-0.136042083,-0.189046562,-0.787192884,-0.170707469,-0.207549087,-0.888381757,-0.189924589,-0.010010892,-0.48119864,-0.077348358,0.020543862,-0.718342618,-0.129110078,0.043125034,-0.864822022,-0.156942724,0.063463854,-0.983633001,-0.168637065,0.082154858,-0.416469313,-0.08677483,0.082740722,-0.445053214,-0.157725626,0.04505487,-0.342575605,-0.171139356,0.019234618,-0.278172191,-0.157994258,0.156897914,-0.31575172,-0.103189925,0.152437705,-0.3386556,-0.143928607,0.112834552,-0.282088251,-0.133551361,0.081654315,-0.240204278,-0.113944603,two
0,0,0,-0.091238899,-0.05199792,-0.086899017,-0.149429153,-0.150591531,-0.140760548,-0.07511024,-0.211375946,-0.189733515,0.033420623,-0.238563686,-0.230941464,-0.134855567,-0.443675968,-0.095556174,-0.191856788,-0.640078306,-0.1629009,-0.229433678,-0.755455644,-0.199904674,-0.254729484,-0.856578487,-0.219229611,-0.018976981,-0.463263971,-0.094739014,0.006546458,-0.707188957,-0.154595663,0.026799972,-0.858122443,-0.183259419,0.048335491,-0.979773972,-0.194181987,0.080460002,-0.4061147,-0.102704717,0.070134182,-0.409522126,-0.176552836,0.022258716,-0.304394436,-0.185261674,-0.007861561,-0.246013098,-0.168733899,0.161863929,-0.308141754,-0.11817613,0.133481514,-0.304217584,-0.157825563,0.090427992,-0.24789202,-0.14349199,0.059828784,-0.215227775,-0.12112771,two
0,0,0,-0.086909948,-0.055282596,-0.084167681,-0.142209016,-0.159802014,-0.134055421,-0.068946066,-0.223381808,-0.180351948,0.036902619,-0.246125378,-0.219527742,-0.131558742,-0.454233033,-0.084532887,-0.185480836,-0.65177518,-0.146215838,-0.219755533,-0.767529667,-0.181094672,-0.242993809,-0.86689161,-0.199042125,-0.019647479,-0.46834608,-0.083576017,0.01083507,-0.714864844,-0.138730523,0.032276659,-0.865999983,-0.167000144,0.049920525,-0.982739015,-0.178134694,0.076276603,-0.409217556,-0.091772108,0.079218842,-0.439204443,-0.168079895,0.041744113,-0.327241563,-0.182251869,0.015409456,-0.256353068,-0.167681633,0.155514079,-0.312115646,-0.106264804,0.153674759,-0.339165577,-0.149122764,0.119356722,-0.280987534,-0.137054299,0.090071631,-0.237077263,-0.115276879,two
0,0,0,-0.091456801,-0.051316884,-0.084680992,-0.15067839,-0.152288496,-0.139749704,-0.077422298,-0.215996034,-0.18999664,0.027430146,-0.240067543,-0.233558247,-0.138060859,-0.4383259,-0.099948782,-0.197178808,-0.6302322,-0.17092538,-0.240469373,-0.744694609,-0.212215793,-0.272793788,-0.843557634,-0.234269978,-0.025433521,-0.454075897,-0.101219468,0.000683876,-0.699271866,-0.162097606,0.017555194,-0.855613443,-0.193765677,0.032651271,-0.97765678,-0.207656244,0.072271155,-0.396538764,-0.110548665,0.071095622,-0.42488969,-0.185850654,0.033864457,-0.333561826,-0.197794709,0.007460645,-0.275147475,-0.184171336,0.152041815,-0.301330318,-0.126668746,0.131542089,-0.317322877,-0.170564615,0.091650018,-0.267660576,-0.157986485,0.059805611,-0.232403237,-0.136441598,two
0,0,0,-0.088568436,-0.057619946,-0.080957842,-0.14505252,-0.159835559,-0.13064394,-0.069122539,-0.226189868,-0.17613504,0.03775032,-0.246253093,-0.21478178,-0.133210361,-0.451855882,-0.085539236,-0.191193065,-0.635490638,-0.148766008,-0.229746788,-0.7506893,-0.186285853,-0.256169182,-0.851740373,-0.206826465,-0.020933544,-0.467979812,-0.085892892,0.003887425,-0.71025587,-0.140448029,0.023926294,-0.864641835,-0.168850606,0.040260363,-0.982640149,-0.181100638,0.078311222,-0.410955539,-0.094703907,0.076412771,-0.434224148,-0.164100343,0.043877051,-0.350629458,-0.177294073,0.0180479,-0.298129099,-0.165768673,0.161493072,-0.313888608,-0.110399077,0.153006837,-0.327809059,-0.147740733,0.116117693,-0.278060222,-0.134736424,0.083776984,-0.239782889,-0.114274885,two
0,0,0,-0.082932541,-0.057820764,-0.077033625,-0.136298811,-0.169840276,-0.123908078,-0.061598863,-0.235055073,-0.168019971,0.04380049,-0.250383385,-0.205882728,-0.123061658,-0.450832695,-0.08136648,-0.179484837,-0.640803406,-0.144076116,-0.218075657,-0.755764553,-0.181019272,-0.245346646,-0.855772181,-0.200961591,-0.012344553,-0.46570394,-0.082896199,0.013622467,-0.710255917,-0.1389566,0.032285948,-0.863950938,-0.168662349,0.046063716,-0.982366226,-0.181203566,0.086233148,-0.41036873,-0.092469813,0.08562941,-0.446098463,-0.164208348,0.052813573,-0.352263583,-0.176731319,0.026002034,-0.291572362,-0.163476638,0.169692454,-0.31728352,-0.108329955,0.164485373,-0.343978265,-0.146762577,0.130083035,-0.29425419,-0.132512485,0.099380014,-0.255250111,-0.110550812,two
0,0,0,-0.086219773,-0.054715492,-0.081893955,-0.13871265,-0.162305242,-0.132442341,-0.062542161,-0.227744572,-0.177890757,0.044074015,-0.253351708,-0.216378996,-0.127849198,-0.44400974,-0.092054768,-0.183614287,-0.635889045,-0.158728212,-0.225732278,-0.753498022,-0.199373624,-0.255433747,-0.853961543,-0.222470227,-0.018281218,-0.462337005,-0.091073792,0.005393612,-0.706977537,-0.146854032,0.026832375,-0.861091617,-0.177684383,0.045317861,-0.980097754,-0.1932736,0.07913542,-0.409238972,-0.098212606,0.087592559,-0.455246559,-0.168762999,0.06170865,-0.379480884,-0.182819358,0.038908879,-0.32926542,-0.173762542,0.163146196,-0.317297326,-0.112103722,0.160976908,-0.33920294,-0.154991889,0.128501874,-0.295027752,-0.145611832,0.097931581,-0.261383054,-0.127962576,two
0,0,0,-0.079761127,-0.062648478,-0.067970001,-0.133010644,-0.170358401,-0.114201528,-0.069970859,-0.226088944,-0.15868197,0.027511789,-0.247842765,-0.197228345,-0.12978083,-0.436563469,-0.086745466,-0.185461919,-0.628256311,-0.153001222,-0.229608995,-0.74660277,-0.192821692,-0.261391745,-0.84878139,-0.21531004,-0.028087774,-0.455815535,-0.092609432,-0.006657404,-0.698874152,-0.150007947,0.012511056,-0.856168689,-0.180500454,0.028403635,-0.980335995,-0.195280745,0.067218488,-0.4068025,-0.104758458,0.076553959,-0.445647996,-0.173395924,0.050565656,-0.360243233,-0.182253237,0.026501776,-0.307743932,-0.169553606,0.151818848,-0.316675691,-0.122717202,0.147251368,-0.323578366,-0.162264266,0.118031782,-0.273089053,-0.147918249,0.091588028,-0.238322128,-0.126464416,two
0,0,0,-0.085894079,-0.053480783,-0.07854846,-0.14974179,-0.14368751,-0.133406956,-0.090352761,-0.204894908,-0.18319979,0.011530398,-0.229031162,-0.224948605,-0.146876954,-0.433346277,-0.107345398,-0.204713159,-0.629161999,-0.179694133,-0.248846664,-0.753163122,-0.221467113,-0.281140305,-0.859626978,-0.244858825,-0.039276655,-0.45782932,-0.107806925,-0.020140822,-0.695064215,-0.170218103,-0.000233588,-0.854401533,-0.198956075,0.011527892,-0.977365588,-0.211243023,0.058452381,-0.407684517,-0.114673688,0.056425362,-0.423004746,-0.182591028,0.031058887,-0.348973151,-0.18722912,0.003632017,-0.302114453,-0.171247235,0.142632563,-0.313360928,-0.128890411,0.134739779,-0.306772177,-0.166876651,0.105624576,-0.267644355,-0.151512718,0.074388911,-0.240536371,-0.128685019,two
0,0,0,-0.089461106,-0.053431313,-0.083146507,-0.15222246,-0.143012081,-0.139599479,-0.084776827,-0.206143192,-0.192272413,0.018977382,-0.228483918,-0.23751609,-0.15058465,-0.436825647,-0.098974938,-0.200523851,-0.630888809,-0.167497139,-0.238546035,-0.748710948,-0.207275168,-0.264760558,-0.851331858,-0.22890124,-0.042253511,-0.452278084,-0.099674374,-0.020721642,-0.695046725,-0.161358475,-0.000365098,-0.855262771,-0.191435809,0.013718907,-0.978774063,-0.204482577,0.053688933,-0.394804277,-0.108524742,0.064249019,-0.428593422,-0.184878672,0.036683976,-0.337359113,-0.195920204,0.006144456,-0.271708914,-0.180709227,0.136285563,-0.298064517,-0.124223962,0.147919694,-0.328478091,-0.168208769,0.11456251,-0.284536495,-0.156154327,0.075886785,-0.245328087,-0.134628957,two
0,0,0,-0.089316001,-0.063023264,-0.080407548,-0.150367558,-0.165924819,-0.127971419,-0.081871388,-0.228735685,-0.172523841,0.021393785,-0.248034523,-0.209667078,-0.1413263,-0.457886321,-0.077723742,-0.190310772,-0.653718343,-0.13736993,-0.221572222,-0.770100936,-0.170137257,-0.241166179,-0.870466592,-0.186887047,-0.033602034,-0.473537116,-0.078159966,-0.014598147,-0.717635042,-0.133968356,0.003165477,-0.869533228,-0.160241727,0.018911153,-0.985530871,-0.168437738,0.060472638,-0.414729074,-0.088040307,0.064132925,-0.431068311,-0.163731639,0.029682688,-0.321296476,-0.175812768,0.003012953,-0.25238666,-0.158590163,0.140961673,-0.317928489,-0.104496583,0.144756223,-0.332278305,-0.146169084,0.111846249,-0.277956706,-0.13437285,0.082458554,-0.239447809,-0.112285059,two
0,0,0,-0.092272911,-0.067385817,-0.082176009,-0.156756682,-0.172925172,-0.130790907,-0.087378329,-0.240543609,-0.176199468,0.013355637,-0.262225582,-0.214305561,-0.14407385,-0.465402911,-0.074545776,-0.191532121,-0.659812025,-0.132088082,-0.220387034,-0.772848278,-0.166362611,-0.238424816,-0.873938106,-0.184653795,-0.037690445,-0.475401499,-0.073592046,-0.019001485,-0.713365905,-0.125391133,-0.001224058,-0.865091513,-0.153608675,0.015985028,-0.986145993,-0.165107722,0.052995074,-0.414760405,-0.08237935,0.054932963,-0.447285016,-0.155599106,0.022692729,-0.339475517,-0.171082791,-0.003353458,-0.267814391,-0.157167192,0.129530146,-0.318434444,-0.097965502,0.133169838,-0.351507667,-0.140479198,0.101785375,-0.299328618,-0.13207407,0.070986011,-0.258487658,-0.112634029,two
0,0,0,-0.094430619,-0.060876687,-0.092504215,-0.152053379,-0.164242975,-0.142020516,-0.077582524,-0.23193113,-0.186180547,0.022047651,-0.262083039,-0.222098876,-0.127438867,-0.46279991,-0.078975631,-0.150765133,-0.670735177,-0.13546883,-0.16709331,-0.789299164,-0.169734252,-0.174526094,-0.894597404,-0.189582299,-0.029369197,-0.471378515,-0.072996449,-0.020811939,-0.718442803,-0.125174255,-0.007092983,-0.866743975,-0.153334705,0.004920626,-0.986200954,-0.165479502,0.054659894,-0.411247558,-0.078251316,0.067842421,-0.464817875,-0.156370462,0.045456094,-0.342880133,-0.174013954,0.022832781,-0.262396991,-0.161531607,0.127574955,-0.316598715,-0.091116436,0.150296247,-0.356610888,-0.143562279,0.116752572,-0.291755723,-0.141789086,0.078028436,-0.240923002,-0.126521727,two
0,0,0,-0.096590887,-0.061945614,-0.090699046,-0.155039072,-0.172122019,-0.139569105,-0.072078,-0.237462294,-0.183127048,0.031859757,-0.257208498,-0.218427556,-0.130044488,-0.471176312,-0.077953075,-0.149600173,-0.683823151,-0.132274915,-0.164230718,-0.803905944,-0.164499805,-0.170852513,-0.911120448,-0.18372147,-0.026768484,-0.474242838,-0.072425224,-0.02041901,-0.715149152,-0.124618187,-0.009703339,-0.862186392,-0.153856317,0.001670921,-0.985881153,-0.167438229,0.060961801,-0.412746521,-0.077663916,0.071436371,-0.459474593,-0.154506828,0.044421132,-0.347729824,-0.173187238,0.018496019,-0.274939572,-0.162263203,0.136427122,-0.317558327,-0.090400243,0.154373943,-0.35619053,-0.141820557,0.119528238,-0.290199977,-0.141120255,0.081672411,-0.238020688,-0.12712537,two
0,0,0,-0.099240225,-0.052490319,-0.095136514,-0.167627504,-0.147439402,-0.152114799,-0.09695792,-0.219376965,-0.203576025,-0.00104483,-0.250700645,-0.246703514,-0.159733036,-0.464338723,-0.089022028,-0.194970618,-0.651584444,-0.156316027,-0.218836016,-0.756956151,-0.197663957,-0.240336264,-0.853699054,-0.220546854,-0.054553272,-0.476074402,-0.085942835,-0.039952691,-0.7106776,-0.145783675,-0.029904995,-0.857292762,-0.176603093,-0.023016267,-0.981901442,-0.187988857,0.036501433,-0.41829975,-0.094466622,0.042991539,-0.450338613,-0.17413772,0.019439359,-0.338609427,-0.190118433,-0.002922733,-0.264912429,-0.174935748,0.112424433,-0.324118191,-0.111387546,0.112917788,-0.338806241,-0.159860149,0.079339253,-0.284444705,-0.155757586,0.043925166,-0.245223213,-0.138378518,two
0,0,0,-0.093548588,-0.056650255,-0.085345944,-0.156388571,-0.16457497,-0.136911466,-0.082102104,-0.237780144,-0.185177989,0.017644072,-0.260973419,-0.226637962,-0.145737123,-0.452714561,-0.07675962,-0.184009521,-0.626735394,-0.145335526,-0.213775096,-0.724744196,-0.189505297,-0.237671123,-0.816040523,-0.214610677,-0.044752211,-0.465961788,-0.078100927,-0.030190541,-0.710323924,-0.141139781,-0.02099754,-0.858299991,-0.175378143,-0.010561731,-0.981802304,-0.189611935,0.045662295,-0.408668076,-0.090074893,0.052474506,-0.466307544,-0.173896971,0.02608879,-0.350687006,-0.189160355,0.005979301,-0.273200237,-0.173048545,0.122592636,-0.316658815,-0.109135761,0.128482546,-0.358989226,-0.159635649,0.094436925,-0.303749852,-0.152252401,0.062554989,-0.262290388,-0.132770048,two
0,0,0,-0.095205449,-0.066542967,-0.070871195,-0.157378848,-0.185060111,-0.113010906,-0.082250697,-0.260687537,-0.153782774,0.020918858,-0.273722626,-0.188534266,-0.151974732,-0.451895008,-0.068946577,-0.205499819,-0.64144325,-0.132743966,-0.247589319,-0.753763794,-0.17255317,-0.280829664,-0.853436925,-0.194359284,-0.049300159,-0.470313279,-0.072949149,-0.037814644,-0.723395637,-0.125534492,-0.031004297,-0.870867701,-0.15335511,-0.025921287,-0.985993661,-0.164756147,0.044732824,-0.42073279,-0.085724954,0.045004044,-0.480423257,-0.157595638,0.01627402,-0.377269129,-0.171010357,-0.005825605,-0.307557769,-0.157605701,0.125815347,-0.33425931,-0.104690606,0.121729795,-0.367908186,-0.147573358,0.091018098,-0.311142831,-0.138388599,0.066786248,-0.266196408,-0.119240082,two
0,0,0,-0.104912823,-0.072441653,-0.081664543,-0.169868977,-0.177181068,-0.132923408,-0.088276205,-0.24798735,-0.179787059,0.014491437,-0.271952841,-0.21818039,-0.160081498,-0.469927455,-0.087856492,-0.208859166,-0.676907232,-0.153608756,-0.238927153,-0.797208437,-0.191658251,-0.261847592,-0.909709729,-0.21453835,-0.045447246,-0.491006198,-0.087563392,-0.060682487,-0.702697593,-0.151436284,-0.065024269,-0.848687009,-0.18221634,-0.06766945,-0.978459385,-0.195033531,0.056777496,-0.443743548,-0.096824128,0.034278529,-0.423874529,-0.170115867,0.00304389,-0.335765234,-0.182933531,-0.018486274,-0.292905509,-0.17074858,0.144172591,-0.357316181,-0.114625054,0.1137392,-0.318096387,-0.159033014,0.072983262,-0.268950259,-0.158583767,0.042821429,-0.248046473,-0.146566018,two
0,0,0,-0.093840793,-0.050491464,-0.108206603,-0.132672536,-0.148354898,-0.176158345,-0.061485446,-0.191526813,-0.237524297,0.044994604,-0.227368775,-0.294908822,-0.124270006,-0.453482566,-0.14409548,-0.171881594,-0.678484061,-0.237096942,-0.205715204,-0.808707886,-0.290176942,-0.22568331,-0.919604494,-0.321550335,0.002438361,-0.48695147,-0.138208014,-0.045430339,-0.65543991,-0.245046505,-0.092748828,-0.767625756,-0.293008063,-0.141179771,-0.858003942,-0.309947853,0.11478024,-0.446456694,-0.141976066,0.057271047,-0.413283148,-0.267299987,0.011606081,-0.273766305,-0.293052877,-0.023403919,-0.180496003,-0.278689645,0.214368174,-0.365184497,-0.152466962,0.144896968,-0.309749275,-0.250061162,0.098162996,-0.218810528,-0.263160951,0.06145881,-0.150263853,-0.248327021,two
0,0,0,-0.103440502,-0.077341796,-0.084013393,-0.168718523,-0.189580728,-0.131776448,-0.089549379,-0.27126212,-0.176693092,0.012118177,-0.305273474,-0.214468044,-0.158389802,-0.483321517,-0.065761566,-0.202157833,-0.655754571,-0.130469629,-0.234207945,-0.750461823,-0.171668736,-0.261989416,-0.845738187,-0.195938155,-0.050700876,-0.508375114,-0.067915485,-0.063665436,-0.738577981,-0.127122034,-0.070957371,-0.870528307,-0.155322849,-0.07623198,-0.983489212,-0.164126947,0.047750133,-0.460050351,-0.082787946,0.036692671,-0.472414503,-0.164258125,0.007593259,-0.340088619,-0.181561894,-0.012288066,-0.264080844,-0.167238408,0.133307021,-0.371065687,-0.105763289,0.118376133,-0.356863755,-0.155181896,0.071257963,-0.286137831,-0.155040125,0.032778292,-0.24915556,-0.14194803,two
0,0,0,-0.099986485,-0.067368954,-0.085430744,-0.164761784,-0.178726876,-0.134735562,-0.089499678,-0.262006824,-0.180968001,0.015201727,-0.294079685,-0.220817562,-0.147513764,-0.469398363,-0.06479507,-0.191364588,-0.632064797,-0.129079774,-0.227577808,-0.723149224,-0.172406067,-0.255586192,-0.809911349,-0.198210515,-0.048317646,-0.486024546,-0.067899,-0.046571156,-0.736940238,-0.125781757,-0.051878685,-0.874125914,-0.156262862,-0.052733135,-0.984398966,-0.167862721,0.043211269,-0.427548501,-0.08314409,0.041435179,-0.492985337,-0.169085095,0.011925795,-0.366957443,-0.187331008,-0.005301526,-0.282709697,-0.172893205,0.122001751,-0.331292662,-0.105330407,0.119200528,-0.377891678,-0.160477665,0.080348985,-0.308161891,-0.155999479,0.051249562,-0.253368098,-0.138437695,two
0,0,0,-0.085453651,-0.064082789,-0.081384809,-0.132104904,-0.169242851,-0.128813771,-0.058308579,-0.239945924,-0.173301081,0.043047713,-0.282407302,-0.21179216,-0.130814304,-0.461977639,-0.076850276,-0.182246594,-0.660350564,-0.138302579,-0.22370586,-0.771290711,-0.178360176,-0.254555489,-0.865220388,-0.201417649,-0.026690013,-0.481829595,-0.075975941,-0.020967843,-0.741785695,-0.125216505,-0.015400452,-0.882009687,-0.154101989,-0.009964966,-0.985437855,-0.169743726,0.068130057,-0.42796954,-0.084715053,0.070761241,-0.512937453,-0.156384178,0.047834289,-0.405233795,-0.172637315,0.031042094,-0.327091557,-0.165480868,0.151648983,-0.333873335,-0.099853237,0.152482552,-0.37395563,-0.144976603,0.123991063,-0.313703597,-0.139060489,0.100401058,-0.262058865,-0.12474896,two
0,0,0,-0.097966021,-0.067883638,-0.083344823,-0.15593805,-0.179116294,-0.129961246,-0.080320309,-0.253050371,-0.172859278,0.022799483,-0.283733341,-0.20813479,-0.143144082,-0.467565411,-0.072906932,-0.18980074,-0.664071704,-0.133926703,-0.224944226,-0.772873205,-0.170832992,-0.250111958,-0.870627431,-0.190914317,-0.038739572,-0.486121496,-0.071582145,-0.038170233,-0.724361623,-0.124162929,-0.037496628,-0.867193359,-0.151560218,-0.034017357,-0.986087346,-0.162710066,0.054651841,-0.430705198,-0.080707549,0.054070903,-0.452382019,-0.153319243,0.020701353,-0.330604311,-0.165207018,-0.001883322,-0.258185114,-0.150538922,0.133517864,-0.336479982,-0.09739578,0.122504231,-0.340400426,-0.139408299,0.080722804,-0.273875887,-0.131191612,0.048941196,-0.232133302,-0.113272024,two
0,0,0,-0.096562543,-0.057532822,-0.081674835,-0.152471217,-0.163865336,-0.130126269,-0.071809852,-0.229383212,-0.174919482,0.038161716,-0.256663001,-0.212035759,-0.134955212,-0.460252461,-0.078416804,-0.178515484,-0.675191731,-0.140089644,-0.210659149,-0.786219703,-0.173856517,-0.232622313,-0.882819909,-0.191080906,-0.019749282,-0.478825371,-0.076535395,-0.012909458,-0.718109476,-0.132495777,-0.008869696,-0.861940946,-0.162359065,-6.84E-05,-0.984606613,-0.174785049,0.078462114,-0.423264233,-0.083970887,0.050870069,-0.417000055,-0.155792152,0.005196321,-0.319759495,-0.171445208,-0.022631901,-0.269532038,-0.160655703,0.159978231,-0.328317228,-0.098509207,0.114681072,-0.306497777,-0.138960685,0.070762353,-0.248912954,-0.133051881,0.039691227,-0.215229538,-0.117293433,two
0,0,0,-0.096407588,-0.059327976,-0.085464249,-0.154841946,-0.178005388,-0.132208192,-0.066977217,-0.246412643,-0.174701943,0.043670017,-0.27122466,-0.209551983,-0.135395368,-0.46318135,-0.073794854,-0.183569561,-0.665432424,-0.135543373,-0.217538412,-0.77380758,-0.171048941,-0.242415223,-0.872269289,-0.189616193,-0.022463959,-0.483384748,-0.069944061,-0.008578654,-0.714050816,-0.124834038,-0.002451547,-0.859295416,-0.153215754,0.006641445,-0.986541166,-0.163378146,0.075849766,-0.431182851,-0.076772163,0.060916976,-0.420775946,-0.148200585,0.019140668,-0.295582949,-0.160459262,-0.001571517,-0.228049924,-0.145145959,0.155935996,-0.341692085,-0.091738174,0.124013478,-0.318023667,-0.131964042,0.081821225,-0.244197861,-0.124592125,0.058667892,-0.204062339,-0.106685185,two
0,0,0,-0.09776249,-0.057067196,-0.086350914,-0.158667883,-0.158113611,-0.136964326,-0.081400813,-0.221875074,-0.182878687,0.025619749,-0.255725487,-0.220157158,-0.155331397,-0.443613043,-0.08729868,-0.222463601,-0.642504052,-0.153373514,-0.268478129,-0.754276847,-0.189554016,-0.3012192,-0.849429493,-0.207662778,-0.039580017,-0.472583376,-0.084537875,-0.030519482,-0.709787754,-0.14001446,-0.023388102,-0.858511869,-0.166358632,-0.011869683,-0.984330108,-0.175935638,0.061459202,-0.422687327,-0.091632674,0.048731536,-0.397275762,-0.15959132,0.007932214,-0.275633728,-0.166909705,-0.015309988,-0.214538878,-0.150304369,0.143788696,-0.329809505,-0.107226541,0.110672963,-0.295836378,-0.142711289,0.072649207,-0.230317036,-0.130521977,0.04869181,-0.200933283,-0.110550676,two
0,0,0,-0.0897719,-0.054034413,-0.071360845,-0.156179529,-0.164765948,-0.114038352,-0.085992526,-0.236841029,-0.154766376,0.017616362,-0.25765039,-0.188640889,-0.15726213,-0.437520636,-0.071758933,-0.228851129,-0.616502845,-0.133252151,-0.276556743,-0.717684127,-0.167776165,-0.310091375,-0.808052093,-0.185768192,-0.044766605,-0.471008957,-0.074655296,-0.04906534,-0.708736126,-0.130529564,-0.047048555,-0.859436045,-0.158226252,-0.040229756,-0.984881099,-0.168495659,0.05776331,-0.429870256,-0.085853937,0.033310499,-0.426255507,-0.152659299,2.92E-05,-0.324863165,-0.163238585,-0.017433797,-0.272043236,-0.149336511,0.143819097,-0.346381339,-0.103939788,0.107620807,-0.328065443,-0.136946852,0.075028977,-0.273005008,-0.124904897,0.057323003,-0.244132879,-0.105769091,two
0,0,0,-0.095821525,-0.056939003,-0.075303197,-0.167625083,-0.165093135,-0.120437201,-0.100697944,-0.23312361,-0.162992702,0.002821143,-0.252652431,-0.198113415,-0.17032339,-0.435149468,-0.076563633,-0.243664551,-0.618775259,-0.138652517,-0.291701787,-0.723560155,-0.173196029,-0.328071476,-0.817578194,-0.191013957,-0.059199695,-0.47060766,-0.077623334,-0.061310065,-0.711652144,-0.132164947,-0.056790417,-0.860343079,-0.157757777,-0.047960009,-0.98492454,-0.166203154,0.042949801,-0.43103966,-0.087235144,0.01647672,-0.424758394,-0.153471019,-0.015591943,-0.309033132,-0.1613216,-0.031345449,-0.24783371,-0.144481734,0.12953273,-0.3495086,-0.104231438,0.09475113,-0.336482084,-0.137316766,0.066523953,-0.271458783,-0.122552945,0.053135913,-0.234225086,-0.100491038,two
0,0,0,-0.089910633,-0.051777378,-0.069683149,-0.154771416,-0.148612546,-0.114167993,-0.095630741,-0.212123734,-0.156880494,0.002248129,-0.234733866,-0.19261415,-0.153456149,-0.429222028,-0.076034372,-0.227945296,-0.605577341,-0.141729178,-0.280333968,-0.709968412,-0.181824726,-0.318913436,-0.801407971,-0.203771828,-0.048614792,-0.466531225,-0.079694336,-0.054421187,-0.706820404,-0.132249351,-0.045777073,-0.858646598,-0.159316405,-0.032680353,-0.984582597,-0.171840343,0.04971644,-0.424629262,-0.091482814,0.031773552,-0.431527125,-0.153219522,0.00314756,-0.35077755,-0.16276046,-0.015782104,-0.317005729,-0.151963432,0.134684886,-0.336462722,-0.110198676,0.103552802,-0.31313746,-0.143032188,0.078843414,-0.26322434,-0.131252649,0.064197733,-0.2420869,-0.113450857,two
0,0,0,-0.095206346,-0.150516797,-0.04711955,-0.181063333,-0.366919235,-0.081266844,-0.226434496,-0.543479092,-0.119356584,-0.256876425,-0.680739406,-0.156638733,-0.10522175,-0.453733562,-0.062449101,-0.179281203,-0.600388519,-0.139739707,-0.239670379,-0.677191112,-0.189190252,-0.288742663,-0.750045794,-0.213453899,0.012828373,-0.433425821,-0.08290967,0.020141654,-0.687912064,-0.157180763,0.017582862,-0.84918615,-0.191995926,0.01968386,-0.978565414,-0.204993357,0.124929926,-0.349869916,-0.110428178,0.101798525,-0.410110256,-0.208401395,0.043457402,-0.319636147,-0.217635112,0.001502811,-0.256965158,-0.197041858,0.222953555,-0.217033201,-0.139767831,0.179564744,-0.247068401,-0.194899062,0.109157044,-0.181402985,-0.173422267,0.056217873,-0.128442296,-0.144692168,two
0,0,0,-0.046731199,-0.060865174,-0.107422244,-0.085784563,-0.201956953,-0.177956873,-0.086442716,-0.309375792,-0.240381488,-0.025905639,-0.384179617,-0.296785681,-0.008698158,-0.402371781,-0.176651212,-0.06106906,-0.62501173,-0.267923418,-0.067982154,-0.799550349,-0.317170905,-0.067554911,-0.934375549,-0.349826625,0.084079957,-0.354735126,-0.163419966,-0.036435077,-0.299416497,-0.261368327,-0.072636446,-0.214802766,-0.278821993,-0.07693489,-0.157964505,-0.28250752,0.137787531,-0.240569367,-0.158573314,0.027445805,-0.097718709,-0.263744906,-0.018968766,-0.008586032,-0.255997021,-0.03670672,0.031254621,-0.234588493,0.17389244,-0.11067083,-0.162494787,0.108458075,0.046015192,-0.241346253,0.061818581,0.097110297,-0.242328195,0.035805124,0.106030693,-0.228709711,two
0,0,0,-0.075052829,-0.049989764,-0.087303035,-0.130797395,-0.207641525,-0.133766654,-0.085422825,-0.348116399,-0.17586927,0.02275476,-0.413672346,-0.209698402,-0.123204282,-0.461192652,-0.086697803,-0.214939791,-0.648728634,-0.158217437,-0.275797531,-0.749260331,-0.196055364,-0.3206584,-0.828635603,-0.212767079,-0.021064712,-0.491690988,-0.078357006,-0.036572198,-0.746780705,-0.132896709,-0.041760053,-0.883550448,-0.147017261,-0.039123413,-0.988429588,-0.146547975,0.070008415,-0.446590249,-0.081257591,0.005683842,-0.485548368,-0.157527003,-0.034580595,-0.365862435,-0.157784352,-0.040679455,-0.292986472,-0.135169206,0.148976792,-0.361192999,-0.091677231,0.081543909,-0.359537959,-0.138773203,0.047410039,-0.265965187,-0.124989634,0.038844918,-0.197764739,-0.101874943,two
0,0,0,-0.099286968,-0.04640313,-0.081239481,-0.181699936,-0.190495789,-0.12202396,-0.11607659,-0.308778334,-0.159930606,-0.011731449,-0.369778589,-0.191182113,-0.190805751,-0.440473882,-0.074071138,-0.274532903,-0.639899371,-0.141786241,-0.32496333,-0.74848036,-0.177402673,-0.362268163,-0.839122776,-0.194889696,-0.089086087,-0.478928928,-0.071964188,-0.095290793,-0.734324416,-0.13119616,-0.10174821,-0.870129273,-0.151522797,-0.100264431,-0.983039214,-0.153560891,0.008925284,-0.446966575,-0.080747056,-0.018862466,-0.470066414,-0.165884243,-0.050472274,-0.321617676,-0.171090077,-0.052842831,-0.246608151,-0.148063995,0.091718555,-0.377052496,-0.096347214,0.046778386,-0.368296282,-0.154380127,0.023715137,-0.26351464,-0.145691717,0.029350598,-0.207134373,-0.123912436,two
0,0,0,-0.110398314,-0.050404976,-0.090045305,-0.195899446,-0.181448094,-0.136049002,-0.131140208,-0.299439656,-0.176523106,-0.029548433,-0.36855551,-0.209461429,-0.209430778,-0.445033634,-0.07916132,-0.295404537,-0.641654242,-0.143835775,-0.34491178,-0.745455445,-0.180305458,-0.385043556,-0.8353635,-0.19852426,-0.110775111,-0.475931348,-0.073212165,-0.118166083,-0.730345906,-0.127430731,-0.123146034,-0.866291281,-0.146418728,-0.125899474,-0.980838468,-0.148678251,-0.015925899,-0.437717097,-0.079033124,-0.033310521,-0.489856771,-0.161653599,-0.055216924,-0.335908905,-0.165103861,-0.057466671,-0.251972313,-0.140261402,0.063608344,-0.361285861,-0.092026896,0.03467431,-0.405387048,-0.146963094,0.016811331,-0.305058607,-0.133067739,0.018458769,-0.243104429,-0.107353955,two
0,0,0,-0.104404185,-0.040311402,-0.087170333,-0.192645573,-0.177463747,-0.132271209,-0.124797794,-0.292395703,-0.172160556,-0.020722984,-0.358403025,-0.204989949,-0.202815986,-0.448780727,-0.08028389,-0.27960538,-0.645782251,-0.147717242,-0.321940225,-0.749162133,-0.18415506,-0.354961428,-0.844403554,-0.202589845,-0.099957706,-0.48041865,-0.07670598,-0.099436261,-0.729305265,-0.135777281,-0.099510604,-0.862830573,-0.156916225,-0.093133193,-0.982856847,-0.159118281,-0.003064661,-0.442271858,-0.084502517,-0.014521197,-0.473939644,-0.170349022,-0.042454295,-0.322725629,-0.176345751,-0.046987438,-0.244834822,-0.153097654,0.078581403,-0.36458445,-0.099369241,0.048112292,-0.361805675,-0.159680852,0.024252602,-0.258142935,-0.152066929,0.025332662,-0.20530945,-0.130045685,two
0,0,0,-0.097223998,-0.064665565,-0.079265435,-0.168506805,-0.204784769,-0.117020098,-0.097682719,-0.310497319,-0.15265058,0.002216142,-0.366139027,-0.181216201,-0.174122187,-0.466111462,-0.055826037,-0.231867341,-0.681693646,-0.112230036,-0.263897422,-0.791381575,-0.1419143,-0.287080991,-0.889104869,-0.155786993,-0.072661878,-0.489570025,-0.053081958,-0.073497134,-0.741183923,-0.104997351,-0.072667793,-0.877291636,-0.126651252,-0.06494004,-0.989392043,-0.129946824,0.022708088,-0.446293615,-0.061697034,-0.002445166,-0.479025813,-0.141564084,-0.035009254,-0.340481029,-0.152543202,-0.039936217,-0.261071934,-0.133102694,0.103055588,-0.368957873,-0.076785396,0.064204301,-0.379209554,-0.130199715,0.039421614,-0.2851359,-0.1233535,0.039930094,-0.224501854,-0.102529732,two
0,0,0,-0.106385,-0.061418172,-0.087362682,-0.182429607,-0.181574588,-0.135483287,-0.115924324,-0.277660342,-0.17792034,-0.021123676,-0.326682571,-0.211662232,-0.172395132,-0.4601927,-0.081426877,-0.209392449,-0.684451584,-0.141506361,-0.220820044,-0.807857445,-0.171525345,-0.228180384,-0.915673625,-0.185771393,-0.068941277,-0.471265264,-0.077564766,-0.060983885,-0.720610839,-0.134677092,-0.044907293,-0.862132898,-0.157515856,-0.026617911,-0.986618097,-0.160860862,0.024316562,-0.420408611,-0.084426441,0.005834117,-0.429668119,-0.163088204,-0.0263752,-0.308984181,-0.172805256,-0.04089176,-0.243092481,-0.152017049,0.101512375,-0.336964913,-0.098870782,0.070603262,-0.338775948,-0.14800432,0.042229385,-0.26203441,-0.140635288,0.029478358,-0.2169719,-0.119639241,two
0,0,0,-0.098378368,-0.057407653,-0.093017722,-0.170549213,-0.16981769,-0.148954966,-0.105844653,-0.268637744,-0.198844044,-0.003497799,-0.306274672,-0.23884703,-0.14279276,-0.470351289,-0.093786457,-0.157511816,-0.707224898,-0.159747761,-0.157978359,-0.833969241,-0.191592388,-0.156508143,-0.943287049,-0.207142275,-0.040525205,-0.476353996,-0.090441112,-0.019593434,-0.715987455,-0.155466985,0.003366079,-0.856731918,-0.180993774,0.026249641,-0.982407631,-0.184895111,0.052771433,-0.423436928,-0.098154438,0.043178297,-0.40723305,-0.178449523,-0.001024653,-0.276765284,-0.182905796,-0.02499724,-0.208268838,-0.15832026,0.13113497,-0.335964432,-0.115071044,0.106148458,-0.302239584,-0.163880856,0.064671152,-0.222117587,-0.156557498,0.041028608,-0.183793803,-0.135787681,two
0,0,0,-0.100814569,-0.058526208,-0.091882613,-0.169759758,-0.18530762,-0.139628243,-0.106059055,-0.28627765,-0.18137582,-0.005199694,-0.322025175,-0.214809453,-0.144226796,-0.475991562,-0.075856045,-0.177358275,-0.702489133,-0.133534891,-0.195955603,-0.815174546,-0.16164686,-0.207388862,-0.911544715,-0.173612251,-0.041701229,-0.484520892,-0.068130756,-0.030801362,-0.735368933,-0.123601166,-0.015333313,-0.871058685,-0.148178348,0.006021689,-0.98827011,-0.152597278,0.047114856,-0.431411808,-0.071636712,0.01648752,-0.431726022,-0.153496078,-0.023539275,-0.307232145,-0.168799859,-0.04018709,-0.235444172,-0.150927794,0.12042206,-0.346777694,-0.082314052,0.071402689,-0.337369699,-0.135366779,0.033348497,-0.248659037,-0.13107194,0.014577966,-0.18969869,-0.111155867,two
0,0,0,-0.092441543,-0.063689123,-0.089767864,-0.15774578,-0.197450251,-0.148795486,-0.106061218,-0.284171121,-0.198696463,-0.008892722,-0.322195293,-0.24176416,-0.081710635,-0.47340345,-0.107965718,-0.082639577,-0.704019738,-0.180924282,-0.087500657,-0.845660068,-0.223318384,-0.081843087,-0.963145524,-0.256227259,0.021029075,-0.46447184,-0.097967586,-0.052588425,-0.481460642,-0.181020308,-0.102185634,-0.342775584,-0.189273171,-0.092063123,-0.273709585,-0.182337126,0.090154472,-0.400696413,-0.098263021,-0.006485332,-0.342063825,-0.17840811,-0.059850701,-0.210335321,-0.146282399,-0.044203935,-0.157539867,-0.110976275,0.14153778,-0.312061612,-0.10842647,0.030002415,-0.252211114,-0.169842977,-0.013090475,-0.148467632,-0.152617992,0.001892406,-0.10645101,-0.126633436,two
0,0,0,-0.08809477,-0.020777717,-0.079323403,-0.158808849,-0.149340274,-0.121560785,-0.097264165,-0.264346274,-0.160790349,-0.001048156,-0.350131503,-0.194537811,-0.213743267,-0.375105626,-0.08460219,-0.309490571,-0.592095466,-0.151332322,-0.369170486,-0.691260056,-0.182477775,-0.415406374,-0.776266379,-0.196092353,-0.116543389,-0.43636307,-0.082971874,-0.159564795,-0.717586161,-0.139756117,-0.190347536,-0.85129215,-0.159904505,-0.204498726,-0.965256963,-0.162663046,-0.011297311,-0.427560114,-0.090107204,-0.038017569,-0.488283377,-0.177542089,-0.062850693,-0.357645576,-0.190945207,-0.06376001,-0.288883891,-0.176544809,0.09213197,-0.375968916,-0.102301569,0.041919226,-0.340357211,-0.169438218,0.022815793,-0.222580906,-0.168072474,0.028674598,-0.15205137,-0.151857224,two
0,0,0,-0.086356363,-0.010750516,-0.09788363,-0.148523075,-0.139243585,-0.144509628,-0.098681823,-0.269015284,-0.182488866,-0.011254039,-0.37804061,-0.213607096,-0.227734599,-0.369051381,-0.10025807,-0.336577704,-0.572465857,-0.166385316,-0.408006116,-0.653172247,-0.199135117,-0.464361083,-0.715692969,-0.212740694,-0.131370014,-0.44173208,-0.08521492,-0.194702309,-0.716729646,-0.134703531,-0.242058343,-0.842626223,-0.152923408,-0.276935701,-0.947927191,-0.157291634,-0.028527398,-0.448920375,-0.080106428,-0.090464885,-0.529516066,-0.16364758,-0.105702242,-0.391817167,-0.178030547,-0.102457931,-0.303637855,-0.165485735,0.066050599,-0.41867499,-0.081181089,-0.002935791,-0.413184754,-0.14663412,-0.007534376,-0.292574541,-0.145123108,0.004127823,-0.204356938,-0.128708038,two
0,0,0,-0.092829933,-0.029438215,-0.098059544,-0.150313598,-0.173354262,-0.149718834,-0.089693564,-0.296634757,-0.193615871,0.012902294,-0.378021448,-0.233638767,-0.190346536,-0.404236449,-0.10326877,-0.269166907,-0.602792525,-0.167933278,-0.327425146,-0.705393313,-0.200377686,-0.362592376,-0.791806606,-0.21900206,-0.090276513,-0.450305611,-0.093227785,-0.133051874,-0.703627368,-0.161949904,-0.167414952,-0.846664113,-0.193166964,-0.188487087,-0.960622242,-0.204150745,0.005468796,-0.429925453,-0.092661381,-0.028715034,-0.505842614,-0.198927471,-0.046950298,-0.357798828,-0.22447142,-0.041267118,-0.254426299,-0.214309149,0.094065475,-0.375471385,-0.096453037,0.028873305,-0.392389716,-0.187463043,0.015173049,-0.273300835,-0.2010632,0.023419718,-0.182599748,-0.191106739,two
0,0,0,-0.083954675,-0.094871684,-0.081094507,-0.123274142,-0.250860399,-0.120333957,-0.034092017,-0.325654696,-0.15521241,0.072334539,-0.345771529,-0.184442494,-0.106247083,-0.493770885,-0.071159646,-0.123375961,-0.724049038,-0.129661507,-0.130795714,-0.852407092,-0.159498373,-0.130614175,-0.957295112,-0.173891996,-0.000377844,-0.48664812,-0.06876541,0.042989484,-0.735455416,-0.124624425,0.059704375,-0.872975811,-0.145896684,0.080150415,-0.985759013,-0.147834634,0.089033941,-0.416198672,-0.076367457,0.090377204,-0.454770608,-0.163143761,0.029747787,-0.321059121,-0.170098243,0.00617583,-0.239216925,-0.146043797,0.155285485,-0.313596409,-0.089624811,0.127007356,-0.335463987,-0.150067984,0.078239507,-0.242075077,-0.139988295,0.061913923,-0.177556826,-0.114933642,two
0,0,0,-0.075204378,-0.090614769,-0.086140516,-0.105567222,-0.245478004,-0.128990354,-0.016755722,-0.319417857,-0.165897091,0.08961893,-0.331431953,-0.19723155,-0.066107119,-0.481847567,-0.085398767,-0.072699907,-0.723708799,-0.146890038,-0.077833012,-0.857286248,-0.178091762,-0.075306705,-0.962171627,-0.192763041,0.042034198,-0.468322518,-0.077912934,0.090720999,-0.725041788,-0.134409499,0.111328422,-0.868202338,-0.159249711,0.136193161,-0.976939997,-0.16443742,0.130321195,-0.395910496,-0.079302598,0.092780929,-0.444777581,-0.161655811,0.027264351,-0.337378396,-0.176563429,0.004659448,-0.260826471,-0.160783291,0.194460688,-0.297894663,-0.086499279,0.118562388,-0.337294847,-0.147230709,0.067938554,-0.248633357,-0.144208737,0.053333485,-0.171292884,-0.124829445,two
0,0,0,-0.084376485,-0.070762402,-0.07961823,-0.143944741,-0.227213472,-0.121127805,-0.071982444,-0.33420182,-0.159843948,0.040246295,-0.364438088,-0.193504863,-0.124304204,-0.460600603,-0.07067096,-0.165844645,-0.67258074,-0.130288138,-0.195468179,-0.775012572,-0.159193069,-0.209839287,-0.858246738,-0.171302623,-0.021480647,-0.475701304,-0.0679679,-0.008000706,-0.73566076,-0.124201948,-0.008696839,-0.878250413,-0.144459476,0.004432221,-0.989429124,-0.144949523,0.069959056,-0.423603666,-0.075470138,0.019245847,-0.469919521,-0.162935513,-0.025498886,-0.336269219,-0.176617947,-0.025578266,-0.244699594,-0.15728693,0.143183547,-0.339118159,-0.088034005,0.064819951,-0.365997153,-0.147984077,0.03282667,-0.268828018,-0.142244735,0.037544459,-0.190658451,-0.120908517,two
0,0,0,-0.097770997,-0.036044699,-0.099391659,-0.152746475,-0.175052715,-0.151883597,-0.093850478,-0.28746926,-0.194769597,0.011525458,-0.351395162,-0.232786717,-0.14484886,-0.430963463,-0.113627661,-0.219976524,-0.66330967,-0.175427063,-0.262003253,-0.790939391,-0.203513229,-0.272469409,-0.893184775,-0.220920688,-0.038694035,-0.460742422,-0.100605607,-0.079323958,-0.711012046,-0.162572493,-0.093472318,-0.856179655,-0.184187505,-0.084879752,-0.97837699,-0.188610429,0.051602387,-0.421572582,-0.096613723,-0.018001945,-0.475764327,-0.182743448,-0.05142977,-0.339943389,-0.193339491,-0.029850892,-0.2603013,-0.178636554,0.128674594,-0.345372116,-0.099440417,0.03695385,-0.33959496,-0.173438875,0.009009681,-0.226543596,-0.177526317,0.025000714,-0.154127308,-0.16359682,two
0,0,0,-0.092892246,-0.041533265,-0.098866077,-0.144852017,-0.179501917,-0.14985924,-0.081651177,-0.286949442,-0.192986396,0.031795273,-0.353458848,-0.228783882,-0.146687822,-0.425281137,-0.108993276,-0.244362147,-0.639150376,-0.177220601,-0.301846048,-0.73875941,-0.203805846,-0.321583161,-0.83081871,-0.217228979,-0.02699508,-0.461513237,-0.098384147,-0.083117702,-0.71894457,-0.167760267,-0.109064235,-0.855758514,-0.184128599,-0.108827885,-0.977492986,-0.180731719,0.075320815,-0.405442754,-0.098146326,0.020657569,-0.377633648,-0.198156863,-0.012376911,-0.214751638,-0.205723354,0.003084633,-0.132083736,-0.182677715,0.165405791,-0.302749732,-0.104596145,0.091493395,-0.206495599,-0.182279598,0.065236443,-0.094612537,-0.186124639,0.074800277,-0.051939292,-0.170573033,two
0,0,0,-0.062414201,-0.08476743,-0.066687515,-0.092355442,-0.235748425,-0.10827856,-0.02611836,-0.330035451,-0.147544835,0.067947188,-0.36006054,-0.181210857,-0.068150111,-0.471170487,-0.090705105,-0.126708486,-0.697093493,-0.148995607,-0.166452323,-0.842075175,-0.183252995,-0.191984241,-0.958286961,-0.211726595,0.033061882,-0.449733336,-0.090233713,-0.062156504,-0.517712476,-0.154983694,-0.067459976,-0.403878207,-0.168250199,-0.043604227,-0.321830038,-0.17219213,0.110513682,-0.365438234,-0.0959766,0.015830734,-0.365140548,-0.165329938,0.002173206,-0.256218692,-0.153046317,0.021749225,-0.195355633,-0.136578535,0.172736372,-0.253953303,-0.108612465,0.097080311,-0.222099529,-0.167620668,0.083776831,-0.136920896,-0.162392796,0.092053886,-0.081586657,-0.148290364,two
0,0,0,-0.088345731,-0.071791104,-0.095203816,-0.141241748,-0.194666288,-0.147540227,-0.060151009,-0.279431729,-0.193147924,0.044250015,-0.31754721,-0.230902366,-0.137628645,-0.465153382,-0.088952915,-0.164464667,-0.696682437,-0.151985759,-0.172472938,-0.824782765,-0.184649427,-0.177394063,-0.93583336,-0.200221578,-0.032873226,-0.472232736,-0.08132202,-0.006942266,-0.716218173,-0.142573947,0.013275186,-0.858188843,-0.168611899,0.032855008,-0.984238489,-0.173767506,0.056331872,-0.416231405,-0.084477659,0.059712368,-0.444445654,-0.171617756,0.019189796,-0.312970063,-0.181566383,-0.002445943,-0.235118907,-0.158542994,0.127212176,-0.325922861,-0.094829007,0.113371729,-0.339750525,-0.151529453,0.08145681,-0.254918352,-0.142492494,0.063658427,-0.197169603,-0.11785149,two
0,0,0,-0.072621268,-0.064619615,-0.071484762,-0.1057364,-0.194633646,-0.113571764,-0.045260918,-0.274479476,-0.154240112,0.032911274,-0.312818433,-0.190122092,-0.049476906,-0.452137035,-0.087247915,-0.00365859,-0.701311722,-0.153125964,0.017803868,-0.850354363,-0.187577065,0.040820508,-0.976806753,-0.210195748,0.047106148,-0.441527752,-0.083433375,-0.065170291,-0.610311162,-0.155826909,-0.115841515,-0.655717331,-0.178549749,-0.112300738,-0.716241959,-0.183168946,0.125765378,-0.384786797,-0.086476208,-0.041542327,-0.393125159,-0.159039553,-0.075704135,-0.272627624,-0.149128574,-0.046821722,-0.206781375,-0.12603377,0.187565936,-0.301312254,-0.097680838,0.032480553,-0.296773002,-0.151907994,-0.006794837,-0.197006944,-0.13740208,0.002588808,-0.125413033,-0.11056497,two
0,0,0,0.012824323,-0.060437027,-0.116848937,0.021036365,-0.152500985,-0.19465326,0.051797689,-0.234703369,-0.266361548,0.105040632,-0.346910475,-0.330506661,0.097658864,-0.429882193,-0.161910327,-0.035030281,-0.645881373,-0.274026684,-0.076799812,-0.794985016,-0.34347139,-0.058213212,-0.920979757,-0.385236951,0.138499487,-0.390017899,-0.156548238,-0.071711239,-0.497870074,-0.274080454,-0.107753612,-0.509527523,-0.318248215,-0.088982189,-0.524498627,-0.336080681,0.173870803,-0.313306994,-0.162874139,-0.012430787,-0.34929415,-0.289880652,-0.036957549,-0.31234168,-0.303791848,-0.009841046,-0.304064836,-0.288340536,0.220615324,-0.209796018,-0.179240268,0.121565423,-0.2310863,-0.27235362,0.094868921,-0.215931946,-0.276340407,0.096385344,-0.207325653,-0.259045817,two
0,0,0,0.062400785,0.12933107,-0.219117077,0.091375052,0.102134111,-0.351170473,0.054234232,0.024064714,-0.451804482,0.002824051,-0.079890818,-0.544026719,0.181395366,-0.373286109,-0.374323029,-0.031142407,-0.526965536,-0.53520146,-0.143552925,-0.620241253,-0.611465704,-0.153056052,-0.738836818,-0.65627281,0.15194763,-0.474047917,-0.332024394,-0.23792918,-0.386890178,-0.495060735,-0.330138293,-0.203107902,-0.511259954,-0.309888383,-0.109362507,-0.506081629,0.090096165,-0.503970121,-0.301627872,-0.295324201,-0.324589795,-0.460127926,-0.310743403,-0.117049403,-0.419533193,-0.247198865,-0.013188086,-0.36573967,0.033388992,-0.488861608,-0.291640497,-0.234709007,-0.382707796,-0.412440156,-0.276670954,-0.203095526,-0.384746198,-0.256887926,-0.086311202,-0.335342424,two
0,0,0,-0.080906665,-0.042657147,-0.097119463,-0.107075013,-0.179061829,-0.145429649,-0.02223472,-0.268075459,-0.184846024,0.0932563,-0.315908112,-0.218529883,-0.121666034,-0.43895134,-0.107171034,-0.181710149,-0.662027813,-0.176432541,-0.218434945,-0.781638004,-0.212646921,-0.24086161,-0.875734368,-0.231568681,-0.014299018,-0.455099188,-0.098496188,0.003478142,-0.721464383,-0.161841089,0.003534672,-0.865840123,-0.191276455,0.008688609,-0.979654659,-0.200502514,0.079639871,-0.397892481,-0.098708685,0.084795384,-0.437146038,-0.195739088,0.044445017,-0.292842092,-0.210731368,0.026503685,-0.203188615,-0.193179366,0.157183422,-0.302927197,-0.10391512,0.120916279,-0.295403648,-0.17857697,0.078073688,-0.192150091,-0.17546446,0.052191139,-0.123273088,-0.154367261,two
0,0,0,-0.087520482,-0.061552471,-0.09555267,-0.12163683,-0.186932194,-0.143694723,-0.030834688,-0.266598683,-0.184021295,0.080315435,-0.314446005,-0.217526879,-0.133629877,-0.461449107,-0.096489157,-0.177167833,-0.688419429,-0.16119527,-0.202361709,-0.813021731,-0.194643073,-0.220846111,-0.918302648,-0.21077913,-0.027965572,-0.479016367,-0.086729678,0.00018975,-0.728548452,-0.145483651,0.015359123,-0.866203394,-0.171446873,0.02865978,-0.98360051,-0.178069236,0.062157635,-0.424424397,-0.086607758,0.090076649,-0.452962736,-0.174981202,0.053327586,-0.318073658,-0.189755073,0.030611523,-0.240907152,-0.172448731,0.132673628,-0.333232942,-0.092540287,0.126471944,-0.313456249,-0.158154893,0.090266584,-0.223030552,-0.157607846,0.067104284,-0.170833508,-0.139036367,two
0,0,0,0.151803501,0.227528411,-0.339951142,0.335267963,0.269723402,-0.523085944,0.462710314,0.132419266,-0.659626016,0.651336375,-0.026766976,-0.758316857,0.840795308,-0.327465348,-0.382023907,0.553174559,-0.403157237,-0.628272115,0.370919211,-0.236886348,-0.732402627,0.406380098,-0.139401708,-0.78300479,0.673332638,-0.578369477,-0.315993243,0.272264904,-0.533921217,-0.56555587,0.113164729,-0.307444431,-0.609995015,0.179883887,-0.242327065,-0.60682673,0.46564823,-0.736539955,-0.289063137,0.051989686,-0.584305076,-0.552312987,-0.032598728,-0.308083654,-0.535124382,0.082238769,-0.232441373,-0.478572275,0.254686123,-0.837539275,-0.290527537,-0.059981617,-0.677183366,-0.479294091,-0.118659835,-0.426601389,-0.482270034,-0.022619348,-0.332094111,-0.442999435,two
0,0,0,0.062675787,0.025416678,-0.09081142,0.10045844,-0.065736243,-0.134366444,0.121845035,-0.155721515,-0.176792744,0.202805464,-0.208431516,-0.212531187,0.035484581,-0.365088295,-0.056705092,-0.053861003,-0.504060079,-0.112604979,-0.107182784,-0.541804972,-0.146923343,-0.139445483,-0.618297098,-0.162555439,0.02842559,-0.434174115,-0.053198298,0.02275576,-0.677115391,-0.117477127,0.02819374,-0.832474254,-0.156710703,0.039589019,-0.984742133,-0.169456899,0.030294857,-0.449262987,-0.061879527,-0.049920515,-0.503539495,-0.159396191,-0.061616468,-0.374729141,-0.1849162,-0.051110393,-0.312438768,-0.168458818,0.032459653,-0.435647145,-0.075138912,-0.020929446,-0.531371651,-0.118419575,-0.061117239,-0.522378162,-0.099299905,-0.092119151,-0.540444931,-0.071728617,two
0,0,0,-0.025999322,-0.011388403,-0.117613127,-0.027166347,-0.089728549,-0.180269938,0.017395342,-0.141088182,-0.228206282,0.08453698,-0.200846816,-0.266722647,0.004263653,-0.370939385,-0.165592473,-0.02320262,-0.647259933,-0.249343911,-0.026949572,-0.81459433,-0.288495202,-0.021211716,-0.949355293,-0.313487784,0.065988826,-0.406713193,-0.143792785,-0.016917123,-0.584434643,-0.239939112,-0.050732418,-0.663394269,-0.265684169,-0.05554845,-0.743361868,-0.266806644,0.100045164,-0.375212224,-0.130539402,-0.050040518,-0.285148458,-0.222810774,-0.080326505,-0.116925739,-0.204599191,-0.066613238,-0.027506302,-0.16830699,0.121521033,-0.304174927,-0.128499248,-0.010368634,-0.206142325,-0.19676179,-0.037570804,-0.08117939,-0.180369647,-0.031755017,-0.012467828,-0.148256316,two
0,0,0,-0.082411804,-0.044182102,-0.101328724,-0.122936388,-0.148926745,-0.152478011,-0.038075132,-0.230877373,-0.193765224,0.070402374,-0.288255443,-0.226438369,-0.147598458,-0.427422766,-0.114779637,-0.206393933,-0.663188991,-0.177310232,-0.241353768,-0.789593702,-0.208342012,-0.269492787,-0.898769146,-0.223962601,-0.04767215,-0.459274664,-0.098178731,-0.03042104,-0.712618551,-0.15850727,-0.016674699,-0.859308941,-0.186048884,-0.010383479,-0.980457567,-0.196456463,0.039546434,-0.414357702,-0.08964629,0.064855829,-0.449243775,-0.172695141,0.040691738,-0.3110493,-0.186006344,0.019485684,-0.224923073,-0.170520559,0.109441569,-0.330965136,-0.08793612,0.115933104,-0.320507735,-0.149727037,0.091461536,-0.226955748,-0.149212447,0.066335757,-0.161483144,-0.132133141,two
0,0,0,0.065302544,0.004270845,-0.090914151,0.10067261,-0.038794729,-0.151983526,0.129234651,-0.111885241,-0.20859369,0.187340257,-0.189833105,-0.259580823,0.100533855,-0.298481761,-0.129599885,0.096098229,-0.512773405,-0.199122212,0.089061166,-0.62382791,-0.22530648,0.091081386,-0.72582718,-0.235605813,0.080323547,-0.358126896,-0.125749945,0.071124949,-0.624809263,-0.226485766,0.078042031,-0.802421888,-0.264001238,0.091688288,-0.957787046,-0.272465102,0.061804493,-0.37549717,-0.127864193,0.008782035,-0.479808165,-0.247927863,-0.004938463,-0.348137157,-0.256764918,0.005450387,-0.258432182,-0.226187435,0.053373995,-0.371739872,-0.133858644,0.035138381,-0.478825362,-0.202232799,0.029772817,-0.438296285,-0.190107852,0.041908474,-0.403903049,-0.163223571,two
0,0,0,0.106626088,0.026769113,-0.091844662,0.185815568,-0.011881061,-0.155807948,0.2033154,-0.055625006,-0.215329984,0.217895416,-0.082007973,-0.272617967,0.127810911,-0.269118544,-0.132718087,0.126307331,-0.350524594,-0.207436062,0.115401292,-0.319319717,-0.255888627,0.105873705,-0.311175155,-0.2842924,0.042001205,-0.357188534,-0.13854681,0.036866769,-0.619001567,-0.22649867,0.044140765,-0.789033696,-0.291944854,0.044760903,-0.941634785,-0.33364711,-0.038162112,-0.382617234,-0.149014971,-0.086684972,-0.540128086,-0.253820231,-0.130990557,-0.588056351,-0.303524742,-0.164275395,-0.653249185,-0.31854453,-0.108760735,-0.364254123,-0.162163238,-0.143672968,-0.535395807,-0.22299936,-0.173877195,-0.621820737,-0.231425885,-0.199319111,-0.715849471,-0.233060567,two
0,0,0,0.174148039,0.066211045,-0.118779942,0.287224692,0.041750404,-0.196096085,0.335867338,0.015056001,-0.260321198,0.399739673,0.052787751,-0.318143464,0.234559826,-0.206836444,-0.226567105,0.206807923,-0.195311792,-0.329136275,0.187252758,-0.118760713,-0.361712073,0.178655448,-0.115592336,-0.370949848,0.109281095,-0.316244101,-0.226088517,0.071301181,-0.482823252,-0.353345966,0.076246597,-0.633224285,-0.393887436,0.088005543,-0.829645327,-0.409213272,-0.008549682,-0.388847604,-0.231715439,-0.077482909,-0.468848369,-0.379523595,-0.041516388,-0.348317024,-0.4048627,0.009541395,-0.316016714,-0.388944249,-0.121366695,-0.430874081,-0.240054682,-0.196021248,-0.646913959,-0.331276592,-0.233545163,-0.767173132,-0.331627449,-0.248963301,-0.914433305,-0.319106572,two
0,0,0,-0.051626048,0.183787338,-0.000932295,-0.028136531,0.426986087,-0.010758104,0.037638462,0.597235209,-0.025218667,0.106248738,0.698205518,-0.045636692,-0.037796949,0.49191877,-0.009001949,0.037211159,0.707784337,-0.046678244,0.102894669,0.863264246,-0.084556451,0.156953636,0.981192234,-0.112371513,0.01264074,0.466614763,-0.030694799,0.080958868,0.677385326,-0.05921069,0.148702009,0.84188941,-0.092379308,0.209988016,0.968724116,-0.120007382,0.07173943,0.431134311,-0.053420919,0.140630706,0.644404565,-0.079161664,0.199943737,0.787301888,-0.095752987,0.242070037,0.891740964,-0.108890872,0.139196515,0.387408668,-0.075856662,0.210597826,0.556266698,-0.100564836,0.25420854,0.66684019,-0.104304002,0.285888082,0.744779775,-0.105234024,two
0,0,0,-0.08291549,-0.172473696,-0.056852985,-0.146273105,-0.411173463,-0.105494984,-0.208847974,-0.582086078,-0.152956732,-0.249762664,-0.727112764,-0.199376884,0.03000897,-0.449988718,-0.136144797,0.060813973,-0.687020502,-0.205772117,0.088536053,-0.831894425,-0.235729711,0.111188415,-0.95964002,-0.258317961,0.11990298,-0.380958191,-0.147528314,0.072637107,-0.465382282,-0.248499168,0.023132762,-0.479161975,-0.281807846,0.020759935,-0.541654746,-0.293268627,0.18595038,-0.279897604,-0.159812449,0.055558963,-0.290980363,-0.266393251,-0.015128778,-0.164054239,-0.266989735,-0.02790415,-0.108028867,-0.246529719,0.231208405,-0.164420233,-0.173540831,0.124867826,-0.160352983,-0.245621421,0.055809094,-0.087394064,-0.236788675,0.032148836,-0.055710225,-0.215082946,two
0,0,0,-0.073710591,-0.062302936,-0.067635803,-0.132407992,-0.178417954,-0.110952785,-0.109029753,-0.253428744,-0.153244233,-0.050679147,-0.292671693,-0.192988662,-0.12504315,-0.407258782,-0.09522821,-0.193246865,-0.610480133,-0.162650676,-0.235743374,-0.726057028,-0.199512462,-0.268782565,-0.827703373,-0.217957212,-0.013362537,-0.427716137,-0.099169196,-0.013997653,-0.683638118,-0.166430898,-0.02005671,-0.845079563,-0.203210541,-0.027018827,-0.975844953,-0.216787018,0.093025486,-0.379213863,-0.107956499,0.033787074,-0.43512651,-0.18956132,-0.020074391,-0.381364889,-0.212911439,-0.057606673,-0.355570223,-0.205627122,0.18816602,-0.288478036,-0.120148244,0.11607334,-0.311295195,-0.16617815,0.048871525,-0.272615252,-0.157042878,-0.005302027,-0.239685246,-0.137076401,two
0,0,0,-0.075159084,-0.146843319,-0.035843354,-0.133286916,-0.359518578,-0.06926571,-0.164888798,-0.520790872,-0.104252814,-0.181602098,-0.649943022,-0.135167888,-0.026535381,-0.405404007,-0.101777186,-0.08986794,-0.587413836,-0.17455132,-0.144440491,-0.631030117,-0.209088708,-0.188619193,-0.673592643,-0.222293245,0.058940679,-0.362319019,-0.125394811,0.081281957,-0.640752046,-0.211490636,0.090705311,-0.822750127,-0.250626803,0.091067339,-0.960329369,-0.26357967,0.130865823,-0.268838262,-0.149936992,0.108928503,-0.356806028,-0.254640727,0.084597058,-0.271811486,-0.271091338,0.065342962,-0.203773595,-0.251952594,0.195692625,-0.146266922,-0.17243162,0.216378883,-0.162067863,-0.239031197,0.210819416,-0.108533548,-0.230568627,0.198329717,-0.06505695,-0.206556422,two
0,0,0,-0.09097531,0.010646461,-0.081591074,-0.154824645,-0.037824415,-0.141032791,-0.120179441,-0.052272472,-0.192839468,-0.083152335,-0.029150787,-0.24779195,-0.198991936,-0.306460644,-0.159499142,-0.315466915,-0.524881374,-0.228525812,-0.368345513,-0.656000103,-0.264911353,-0.408976948,-0.773551454,-0.286927176,-0.08035021,-0.350246992,-0.169831013,-0.098538864,-0.674153986,-0.218514345,-0.094583111,-0.844877474,-0.239144815,-0.102506009,-0.962321069,-0.251854479,0.038699812,-0.297900824,-0.184209453,0.099129681,-0.471711017,-0.253666242,0.100493717,-0.514880973,-0.283574345,0.0665405,-0.540301606,-0.29547501,0.146889108,-0.186877124,-0.202377665,0.231887058,-0.230546103,-0.260737685,0.215644179,-0.156507439,-0.261366093,0.169505005,-0.064978397,-0.255227069,two
0,0,0,-0.06336898,-0.192037352,-0.056846526,-0.086175782,-0.471722048,-0.085999853,-0.115619501,-0.674112028,-0.115892347,-0.132991719,-0.822419555,-0.141534642,0.077035528,-0.515990137,-0.067311085,0.093032059,-0.727947507,-0.125483451,0.099044155,-0.865600544,-0.158308349,0.104094519,-0.978289523,-0.179203626,0.183488706,-0.452671653,-0.069805021,0.030798165,-0.401443206,-0.144105154,-0.036058332,-0.283576706,-0.160166072,-0.044029032,-0.21513279,-0.159828378,0.252350151,-0.337487301,-0.079358116,0.061021763,-0.242697025,-0.156242465,0.013489042,-0.146376342,-0.147333749,0.021313856,-0.105475903,-0.126819903,0.308367072,-0.211713679,-0.095285204,0.171082951,-0.160539976,-0.141840523,0.087395831,-0.101520748,-0.124630448,0.056020059,-0.071930999,-0.100371407,two
0,0,0,-0.097022278,-0.034404141,-0.086645434,-0.165424877,-0.148434908,-0.141102714,-0.103630499,-0.23418792,-0.191091565,-0.000501296,-0.275266584,-0.235903725,-0.1734999,-0.422284499,-0.101862112,-0.234688651,-0.655461157,-0.172699434,-0.273318513,-0.772977811,-0.208910807,-0.303038707,-0.8660646,-0.224804032,-0.067111943,-0.436759034,-0.098741859,-0.05239199,-0.702819263,-0.158839644,-0.050111889,-0.856613015,-0.187239483,-0.043453953,-0.979657875,-0.195913759,0.028857935,-0.385434855,-0.104128217,-0.011915277,-0.449509805,-0.190287102,-0.052938618,-0.344338473,-0.208909912,-0.066901302,-0.27099619,-0.195122467,0.112996037,-0.300560972,-0.114549478,0.05844722,-0.324553347,-0.174818103,0.020602336,-0.245230382,-0.17045768,0.003772114,-0.17614954,-0.149863179,two
0,0,0,-0.019985968,-0.023045034,-0.087971439,-0.034038239,-0.091644202,-0.149320925,0.011067565,-0.130468392,-0.205465133,0.085053967,-0.18880916,-0.255636443,-0.049976373,-0.367076811,-0.140717587,-0.079012041,-0.583783717,-0.211096113,-0.08776327,-0.713485822,-0.243868593,-0.090116569,-0.826798045,-0.262742529,0.019581277,-0.390460643,-0.139757192,0.012553296,-0.650867356,-0.246144655,0.02228233,-0.811937043,-0.289072693,0.030696606,-0.952689019,-0.30239271,0.084523136,-0.344616777,-0.142342268,0.105750533,-0.368396399,-0.261265727,0.093655934,-0.236305552,-0.268520125,0.079668579,-0.165373547,-0.24098563,0.149250491,-0.258758421,-0.148953196,0.166828612,-0.253177091,-0.218883351,0.136669025,-0.177755599,-0.205689678,0.105445821,-0.139760223,-0.178357895,two
0,0,0,-0.093480376,-0.084464927,-0.045337235,-0.14726063,-0.241188944,-0.073421353,-0.089514261,-0.331035385,-0.105594633,0.007278321,-0.356936116,-0.133106808,-0.133885751,-0.485854164,-0.028328342,-0.190189156,-0.708544331,-0.080578608,-0.229856566,-0.807473818,-0.110382495,-0.267052872,-0.880482482,-0.121773862,-0.0412752,-0.491350779,-0.040205787,-0.017591492,-0.763576821,-0.087345912,-0.027057302,-0.894270364,-0.112695802,-0.035595937,-0.99253731,-0.116630264,0.05346342,-0.437310083,-0.059717538,0.011115249,-0.515618781,-0.122777747,-0.034920774,-0.453439479,-0.13625156,-0.052879077,-0.414129389,-0.123387168,0.140266126,-0.347438703,-0.082615128,0.079894225,-0.364696602,-0.110112259,0.041296757,-0.292003963,-0.091771217,0.033266236,-0.228652541,-0.067500842,two
0,0,0,-0.102142346,-0.080011766,-0.089975514,-0.154976835,-0.251816774,-0.129299084,-0.08220987,-0.364523335,-0.164822188,0.04751346,-0.389290493,-0.192624886,-0.111253969,-0.515972763,-0.050493841,-0.152568005,-0.709469203,-0.098060357,-0.179846905,-0.798523675,-0.120188673,-0.195834443,-0.883235176,-0.129395768,0.003705273,-0.530168329,-0.041096545,0.014426978,-0.773407181,-0.081565684,0.017353982,-0.89336396,-0.091103125,0.026495835,-0.995839701,-0.087185205,0.106812986,-0.479463644,-0.046566252,0.052458948,-0.509725777,-0.131361918,0.014369357,-0.346286366,-0.149063908,0.011084144,-0.245031649,-0.132984664,0.198513374,-0.396848262,-0.057980107,0.145731244,-0.411095001,-0.117589171,0.106581884,-0.287875758,-0.116960707,0.096933205,-0.198655285,-0.100714365,two
0,0,0,-0.054099444,-0.064570421,-0.099462997,-0.065035941,-0.216126566,-0.145955393,-0.016987536,-0.340622111,-0.186838955,0.087556969,-0.40943118,-0.221426671,-0.017341267,-0.51265558,-0.070968102,-0.081123431,-0.693911646,-0.129657345,-0.124533494,-0.783974945,-0.165689017,-0.142353246,-0.876933973,-0.1873359,0.066684236,-0.530075583,-0.06055398,0.040452847,-0.737726967,-0.121821738,0.02725747,-0.861655496,-0.148476372,0.031602177,-0.986902294,-0.158193438,0.13900396,-0.487515041,-0.064500232,0.106507413,-0.531325688,-0.166811362,0.075141279,-0.379542737,-0.188979368,0.07672436,-0.285663686,-0.176845921,0.201152463,-0.412138164,-0.074200862,0.178188285,-0.426471912,-0.149414089,0.144721134,-0.314769325,-0.154425067,0.135428258,-0.235020476,-0.141360802,two
0,0,0,-0.122699779,-0.07475363,-0.053074559,-0.194895996,-0.241138834,-0.08543788,-0.115016971,-0.361334725,-0.121943066,0.012091868,-0.402995277,-0.150844398,-0.141334297,-0.505625214,-0.017964208,-0.183510153,-0.679184065,-0.082517901,-0.230856389,-0.729766351,-0.116977595,-0.26647439,-0.793021882,-0.132070627,-0.031776676,-0.516906403,-0.029331873,-0.028543282,-0.763042913,-0.085862276,-0.048066891,-0.866872675,-0.104848154,-0.045467617,-0.993393734,-0.105364063,0.073077447,-0.465166466,-0.053273668,-0.021892489,-0.498045967,-0.132029585,-0.058613732,-0.354298743,-0.132273322,-0.038320732,-0.303311482,-0.108376715,0.166350111,-0.377334512,-0.08184887,0.050424992,-0.380354069,-0.119213782,0.014407899,-0.278080476,-0.098564379,0.033745475,-0.233938217,-0.073289051,two
0,0,0,-0.026690269,-0.060036244,-0.073033863,-0.051082014,-0.178086121,-0.112283747,-0.059997631,-0.268958946,-0.144731032,-0.041013366,-0.345005342,-0.167915186,-0.004972145,-0.430712467,-0.120454921,-0.056181411,-0.685407737,-0.191376715,-0.07155175,-0.839452031,-0.229335645,-0.072563601,-0.964325772,-0.254578727,0.059891514,-0.427347313,-0.114482954,-0.129467077,-0.416242456,-0.189074081,-0.144132828,-0.306649375,-0.19865985,-0.109913506,-0.251202425,-0.196797221,0.096388607,-0.365677536,-0.115201577,-0.100929457,-0.279871012,-0.185419808,-0.084858573,-0.174061655,-0.169036458,-0.030684151,-0.136786736,-0.148305648,0.131497934,-0.284157302,-0.124211569,-0.01927569,-0.21814957,-0.180099589,-0.038642805,-0.133282859,-0.167910352,-0.017616051,-0.09144661,-0.145662899,two
0,0,0,-0.09651772,-0.066200931,-0.077970426,-0.168821137,-0.203195148,-0.120294147,-0.108700782,-0.316482312,-0.161633502,-0.001549081,-0.371198976,-0.195709142,-0.171559609,-0.451350928,-0.064559394,-0.232903991,-0.667428045,-0.127367769,-0.267834715,-0.776622687,-0.155841615,-0.287770042,-0.874279174,-0.167405859,-0.060477886,-0.477330867,-0.06333063,-0.052751902,-0.741280542,-0.119291212,-0.05416897,-0.874709517,-0.134414874,-0.041375692,-0.990387415,-0.131987955,0.041273335,-0.43519585,-0.07341821,-0.015919933,-0.456644847,-0.15426339,-0.058917739,-0.318422452,-0.158550473,-0.053648718,-0.248763284,-0.135209194,0.12596984,-0.357163855,-0.090051303,0.048334992,-0.351568398,-0.135711423,0.018930676,-0.254933271,-0.123060353,0.032885017,-0.199197681,-0.100738884,two
0,0,0,0.18530649,0.121633167,-0.213119488,0.313013656,0.194925495,-0.389187977,0.32837072,0.1998848,-0.547659325,0.335405872,0.185911752,-0.707182669,0.616627397,-0.231614231,-0.383254428,0.43952241,0.076660637,-0.626075499,0.271326785,0.271060669,-0.806099792,0.171801549,0.358347064,-0.917644599,0.378982273,-0.374579782,-0.379228356,0.088921921,0.065222638,-0.583849583,-0.051591942,0.256980035,-0.670601074,-0.109953989,0.344576364,-0.731532458,0.115115998,-0.452458068,-0.390821812,-0.166498467,-0.062897774,-0.577767435,-0.268022957,0.122132981,-0.574162579,-0.305892649,0.203371382,-0.555375664,-0.129577103,-0.483242734,-0.423064906,-0.309735478,-0.244144838,-0.549273299,-0.367646516,-0.108458111,-0.526578185,-0.369317312,-0.054423388,-0.492986075,two
0,0,0,-0.072509236,-0.078613457,-0.07631518,-0.108803496,-0.208208943,-0.124083904,-0.05872011,-0.290835857,-0.168959415,0.027893889,-0.326007722,-0.208651959,-0.056829769,-0.467014445,-0.093957678,-0.053383888,-0.703939679,-0.167353837,-0.058696352,-0.850132495,-0.206987546,-0.062522041,-0.970376646,-0.233367005,0.040823935,-0.440428478,-0.089020459,-0.061806522,-0.481874287,-0.180775568,-0.108624002,-0.336546585,-0.194168122,-0.112465227,-0.24334557,-0.186432831,0.117625372,-0.36722887,-0.092894444,-0.003574601,-0.334842411,-0.17977813,-0.048576217,-0.210183264,-0.155290908,-0.045536573,-0.14447775,-0.121056886,0.179423032,-0.273452002,-0.105055223,0.058926191,-0.236391452,-0.162207574,0.002267961,-0.139527637,-0.142620639,-0.008145866,-0.078067716,-0.11382086,two
0,0,0,-0.097283519,-0.060856537,-0.09611356,-0.159966699,-0.176957458,-0.149486383,-0.085066488,-0.265286798,-0.195134218,0.017054098,-0.310221238,-0.23351686,-0.170421697,-0.442290258,-0.095425766,-0.229995053,-0.656088709,-0.164129778,-0.264610534,-0.781436575,-0.203107923,-0.292230761,-0.891113156,-0.223460544,-0.067722051,-0.457077696,-0.088963615,-0.05807612,-0.709548406,-0.150109365,-0.049949386,-0.855901624,-0.17697846,-0.040447353,-0.98203024,-0.184338328,0.024817676,-0.405380494,-0.093111183,0.038451962,-0.443256862,-0.180922244,0.005925724,-0.310000941,-0.188743931,-0.012792509,-0.236068259,-0.165682451,0.102842389,-0.318415009,-0.104572228,0.100595031,-0.340232895,-0.163734303,0.06669939,-0.2514729,-0.152272536,0.044237486,-0.197747597,-0.126645981,two
0,0,0,-0.109245129,-0.036086289,-0.08869593,-0.179024636,-0.12086246,-0.150407228,-0.102267265,-0.191651323,-0.20421381,-0.007483165,-0.239658274,-0.250997606,-0.192618113,-0.389000527,-0.127041879,-0.277951327,-0.606588031,-0.208758674,-0.332642984,-0.7339429,-0.253992829,-0.374749583,-0.843201136,-0.27831903,-0.07977695,-0.426302886,-0.126133048,-0.089726834,-0.675303633,-0.194922766,-0.088363592,-0.831771421,-0.226530615,-0.080396095,-0.967643027,-0.239172406,0.023366979,-0.387102024,-0.131762102,0.00247608,-0.374935077,-0.20439612,-0.029986463,-0.281822793,-0.204871807,-0.04554198,-0.237864501,-0.185437912,0.116615825,-0.301533322,-0.145674061,0.0672143,-0.264979055,-0.190485457,0.038609304,-0.198566648,-0.172265712,0.024611261,-0.159677605,-0.145676714,two
0,0,0,-0.108206302,-0.048743581,-0.069697691,-0.197335676,-0.169882405,-0.114359598,-0.140544854,-0.274734946,-0.157367107,-0.047978343,-0.32801766,-0.195255843,-0.196726523,-0.435421267,-0.0760641,-0.2732323,-0.633211981,-0.142499412,-0.313784151,-0.754508166,-0.181359409,-0.342998723,-0.856229363,-0.202531409,-0.092473278,-0.463290613,-0.082288246,-0.096812839,-0.703444053,-0.142184529,-0.097017977,-0.853183136,-0.170369844,-0.089282793,-0.979787172,-0.179013076,0.004729892,-0.424199893,-0.096765421,-0.02655595,-0.445072041,-0.17273063,-0.057629233,-0.318569821,-0.176807028,-0.064940341,-0.237128202,-0.154994029,0.088233793,-0.346554433,-0.11756942,0.040178335,-0.352761691,-0.166571946,0.010613497,-0.266082844,-0.152305112,0.005576652,-0.204703722,-0.126712103,two
0,0,0,-0.097931048,-0.074070947,-0.07713487,-0.175669513,-0.207944392,-0.120798606,-0.129646486,-0.332221243,-0.162868216,-0.028667248,-0.388595023,-0.198250985,-0.173919636,-0.460437631,-0.064898891,-0.244965957,-0.664262137,-0.129131169,-0.284948871,-0.773906045,-0.161764248,-0.30726318,-0.872382281,-0.176161883,-0.069023333,-0.485333049,-0.063920825,-0.073687546,-0.734077791,-0.12145555,-0.081166665,-0.871216156,-0.139992813,-0.081191206,-0.987032595,-0.13847254,0.030516841,-0.448158548,-0.07368409,-0.010945137,-0.461936984,-0.15486513,-0.042649885,-0.314003141,-0.158773905,-0.042234644,-0.22391266,-0.132008205,0.117529419,-0.376536406,-0.089985147,0.057946123,-0.380164784,-0.135296459,0.02685145,-0.278499033,-0.119158631,0.026848806,-0.210711252,-0.09139472,two
0,0,0,-0.095146678,-0.069836821,-0.074033592,-0.173211737,-0.215224033,-0.11456204,-0.131180188,-0.345082996,-0.155306651,-0.030368393,-0.401530066,-0.190798556,-0.164811313,-0.463250703,-0.05381868,-0.230242896,-0.664434635,-0.115442834,-0.27140768,-0.77515894,-0.146655553,-0.293945687,-0.873955969,-0.160656813,-0.061937516,-0.490860256,-0.053206116,-0.075096973,-0.73932716,-0.110023073,-0.091644111,-0.876344246,-0.129226529,-0.098049024,-0.986886998,-0.128220288,0.034999762,-0.45758281,-0.063536914,-0.015927201,-0.482643119,-0.147657442,-0.051605702,-0.336163357,-0.15688322,-0.05321423,-0.238909057,-0.133824031,0.120207102,-0.392548907,-0.079821705,0.052411874,-0.39545189,-0.134290703,0.020187661,-0.282378742,-0.126611341,0.019686831,-0.20110102,-0.104014676,two
0,0,0,-0.091621462,-0.07288313,-0.070064942,-0.16645698,-0.223615614,-0.110189836,-0.121677951,-0.351659787,-0.151578155,-0.016557412,-0.409603146,-0.189253107,-0.146875019,-0.466902775,-0.047448437,-0.21002982,-0.654128467,-0.108358653,-0.251608582,-0.762846321,-0.141861053,-0.276608853,-0.861183332,-0.158819538,-0.046653132,-0.49260574,-0.051437707,-0.058603485,-0.73587229,-0.108901109,-0.083130297,-0.873243237,-0.130567034,-0.09959379,-0.986137025,-0.132720931,0.046363002,-0.455793183,-0.06615418,0.007263252,-0.49934834,-0.151089824,-0.034889328,-0.345366522,-0.158022603,-0.041214036,-0.247512455,-0.135487117,0.130817941,-0.385925175,-0.086468507,0.076069228,-0.41097668,-0.142950342,0.037353117,-0.295209878,-0.132508516,0.031811905,-0.214657841,-0.10916489,two
0,0,0,-0.098885364,-0.062149499,-0.078639931,-0.181488667,-0.202125514,-0.121559612,-0.139436795,-0.335544667,-0.163255741,-0.042888978,-0.402443081,-0.199990622,-0.176844861,-0.457733718,-0.059949924,-0.242351825,-0.657132537,-0.123272314,-0.281831247,-0.768001904,-0.156066153,-0.305516258,-0.864973112,-0.170189495,-0.073532862,-0.483667623,-0.057512192,-0.071679778,-0.732213237,-0.115600319,-0.080487272,-0.873468524,-0.13690996,-0.082984222,-0.987100627,-0.136915928,0.023659516,-0.449255573,-0.065798251,-0.014431237,-0.489368315,-0.153199381,-0.05211465,-0.341644009,-0.163385418,-0.058298994,-0.24163298,-0.139995266,0.107228559,-0.381358101,-0.07999563,0.046174884,-0.384201262,-0.139937699,0.010070774,-0.265860109,-0.133110185,0.006394852,-0.177376896,-0.109231498,two
0,0,0,-0.099003805,-0.071937652,-0.074013593,-0.17534944,-0.210542625,-0.116334556,-0.132863473,-0.34668555,-0.158674214,-0.033041205,-0.410712227,-0.196015079,-0.167797306,-0.460541044,-0.052933341,-0.232446711,-0.659809895,-0.114881142,-0.274022914,-0.776057224,-0.148256749,-0.29449435,-0.876433598,-0.164217695,-0.065529836,-0.48586601,-0.05341205,-0.074793823,-0.729948987,-0.108979727,-0.086572989,-0.873789891,-0.129317952,-0.088470212,-0.98755544,-0.130027975,0.030789442,-0.447908838,-0.064984829,-0.007309805,-0.491585185,-0.147930998,-0.044544467,-0.344251658,-0.157203423,-0.047808427,-0.244041274,-0.134823691,0.116687338,-0.377106727,-0.082221978,0.061776093,-0.403434112,-0.136833817,0.025929904,-0.292822551,-0.12871615,0.023662238,-0.209109856,-0.105869622,two
0,0,0,-0.105156565,-0.065941572,-0.065116932,-0.19055728,-0.213498685,-0.100716752,-0.153720878,-0.352130027,-0.137277968,-0.062898585,-0.412635921,-0.169562907,-0.179128487,-0.453552095,-0.049740237,-0.240121621,-0.650285793,-0.112831129,-0.280049577,-0.765006494,-0.148878073,-0.304518922,-0.862397238,-0.167501916,-0.078581233,-0.483904225,-0.054346952,-0.095687334,-0.729183979,-0.112869385,-0.114932324,-0.869940229,-0.138975276,-0.121633281,-0.981985512,-0.14460221,0.019893176,-0.453981005,-0.068128584,-0.025412852,-0.501609584,-0.147688581,-0.061103645,-0.366016047,-0.155076545,-0.062265283,-0.27551378,-0.134341637,0.10781258,-0.388203333,-0.087702879,0.042097214,-0.401111018,-0.142339162,0.00930744,-0.294819449,-0.134372142,0.010950291,-0.217833344,-0.112403514,two
0,0,0,-0.106190597,-0.070208699,-0.071852485,-0.186910811,-0.215185536,-0.109170564,-0.143011003,-0.352012378,-0.146293394,-0.048483235,-0.416266004,-0.177694099,-0.178638776,-0.463941496,-0.046653314,-0.242663074,-0.658644937,-0.109344396,-0.281322776,-0.769997857,-0.14507019,-0.307374394,-0.866126299,-0.162953073,-0.077561626,-0.486716624,-0.050295771,-0.091107649,-0.726482041,-0.109674692,-0.104714243,-0.867702804,-0.136698454,-0.105053556,-0.984293731,-0.141878829,0.018532573,-0.446861649,-0.064791345,-0.022897948,-0.494268113,-0.151515973,-0.056275386,-0.346139345,-0.158827685,-0.054456959,-0.248772271,-0.134363352,0.101543901,-0.37062843,-0.085230771,0.038044705,-0.395675962,-0.144864581,0.006297625,-0.284566402,-0.134949879,0.010641411,-0.204926018,-0.109314943,two
0,0,0,-0.099079581,-0.062031201,-0.069732982,-0.182792889,-0.210248861,-0.108921469,-0.148227558,-0.346114768,-0.148440888,-0.057486428,-0.414912643,-0.18280058,-0.158332364,-0.448864423,-0.045608805,-0.211998499,-0.622240291,-0.107086613,-0.244169983,-0.721509984,-0.141719479,-0.259203528,-0.811853206,-0.159391453,-0.064859168,-0.477012284,-0.05041797,-0.07732692,-0.72716278,-0.111852384,-0.088243596,-0.871137614,-0.138035523,-0.085073185,-0.986167142,-0.142256532,0.027294588,-0.445533775,-0.065689178,-0.020330318,-0.508640469,-0.155930502,-0.053482299,-0.365861109,-0.168241683,-0.05283471,-0.267452656,-0.147669514,0.112161607,-0.378668287,-0.086149346,0.045437587,-0.410016796,-0.151004433,0.008277433,-0.292942202,-0.146216437,0.005094288,-0.204302749,-0.124679101,two
0,0,0,-0.105546796,-0.069168277,-0.070487055,-0.185969891,-0.21525944,-0.105968604,-0.139069382,-0.350310706,-0.140853607,-0.048530285,-0.41930576,-0.17014874,-0.176220486,-0.470166543,-0.045334403,-0.237181673,-0.663210231,-0.107349638,-0.272501068,-0.775387691,-0.14295744,-0.297095085,-0.873385511,-0.160975434,-0.074308883,-0.494628853,-0.049907574,-0.087670843,-0.729910293,-0.10907243,-0.099097549,-0.868420676,-0.136097972,-0.097863442,-0.985143934,-0.141117599,0.022332287,-0.454063364,-0.065223807,-0.020467864,-0.493867861,-0.153566344,-0.050497889,-0.34419,-0.162296836,-0.046014547,-0.244118117,-0.138495325,0.104846985,-0.375874626,-0.086335241,0.039898089,-0.393104544,-0.15036219,0.00650017,-0.278606115,-0.142819921,0.010506391,-0.196415648,-0.117978913,two
0,0,0,-0.10609594,-0.077217664,-0.062720654,-0.182046292,-0.227899508,-0.094413113,-0.13871345,-0.360591895,-0.12778602,-0.04935973,-0.435014459,-0.15756303,-0.164969988,-0.473957374,-0.029568792,-0.215701307,-0.673834633,-0.082523376,-0.241919493,-0.793315725,-0.111343767,-0.251975643,-0.893335955,-0.12604009,-0.066795955,-0.495164121,-0.035908361,-0.090874568,-0.737080888,-0.090042726,-0.10594538,-0.876576757,-0.114581689,-0.1088784,-0.986980839,-0.118382083,0.026371535,-0.459531186,-0.052920429,-0.015292749,-0.51705626,-0.139490098,-0.044627602,-0.37289301,-0.155380086,-0.041919803,-0.270789715,-0.138063535,0.110162069,-0.390767595,-0.074583354,0.043048326,-0.407584043,-0.144022469,0.008361631,-0.289007182,-0.147600329,0.007421339,-0.200960552,-0.131318341,two
0,0,0,-0.098001266,-0.075441383,-0.066082389,-0.173853027,-0.22475093,-0.104649687,-0.134283713,-0.361569667,-0.143892889,-0.041502899,-0.429095873,-0.179264055,-0.16014075,-0.464782895,-0.04753719,-0.216923568,-0.668019408,-0.109615752,-0.252212668,-0.786964082,-0.14381846,-0.269515597,-0.890430527,-0.161310683,-0.058487355,-0.48784413,-0.051028428,-0.079022864,-0.734142818,-0.107808844,-0.098200382,-0.872696397,-0.129954995,-0.104482722,-0.985735705,-0.131941203,0.036634448,-0.451251947,-0.064610281,-0.013580649,-0.49763594,-0.148057432,-0.048370751,-0.343852517,-0.158308067,-0.04418901,-0.239470623,-0.1375432,0.121680858,-0.382002054,-0.083028725,0.049232222,-0.404705588,-0.142759268,0.016280393,-0.288292839,-0.138908844,0.022170452,-0.204521935,-0.118795713,two
0,0,0,-0.10365947,-0.050735681,-0.063506883,-0.190239446,-0.20373969,-0.094622527,-0.143243542,-0.34182642,-0.125276195,-0.050424277,-0.406964004,-0.151641208,-0.182175675,-0.454125165,-0.043566502,-0.247722573,-0.64718113,-0.103433648,-0.28260035,-0.764157475,-0.137068664,-0.307354345,-0.862204075,-0.154026706,-0.079475128,-0.480696546,-0.049340875,-0.092346588,-0.723000074,-0.106947854,-0.100326828,-0.86666183,-0.133038163,-0.095453286,-0.985997827,-0.136736813,0.019117347,-0.445501824,-0.064341448,-0.030329769,-0.507095637,-0.153350741,-0.069479816,-0.36277522,-0.162707326,-0.071912417,-0.261479882,-0.139032431,0.106698572,-0.372863275,-0.083895021,0.031719417,-0.389155638,-0.154078524,-0.009233202,-0.268555476,-0.149273745,-0.00989622,-0.178819629,-0.124865637,two
0,0,0,-0.102503963,-0.077978703,-0.064566664,-0.178588594,-0.225817133,-0.098771515,-0.139716908,-0.361152107,-0.134491158,-0.052506469,-0.431481129,-0.166129479,-0.159445394,-0.466436513,-0.035648657,-0.207077844,-0.674032954,-0.090564477,-0.236959644,-0.787590823,-0.120664229,-0.248859064,-0.886620521,-0.136135586,-0.065786703,-0.488128055,-0.041053695,-0.098034975,-0.734559548,-0.096379104,-0.122969611,-0.871930164,-0.121363896,-0.13149163,-0.983231464,-0.126355999,0.026102722,-0.455231412,-0.056762296,-0.014104824,-0.518540746,-0.144442438,-0.04515533,-0.36938732,-0.156629285,-0.04473397,-0.264226105,-0.136487403,0.11207547,-0.389935365,-0.077377428,0.052489828,-0.429258961,-0.144742361,0.012987654,-0.311010247,-0.14274846,0.006857131,-0.219841593,-0.122678419,two
0,0,0,-0.101819973,-0.068817555,-0.068675135,-0.181502767,-0.218508482,-0.107411096,-0.142197121,-0.357934588,-0.146550005,-0.050491137,-0.429035479,-0.181569376,-0.170819933,-0.457266196,-0.048780372,-0.227631388,-0.655716368,-0.112657519,-0.260825783,-0.775116231,-0.147770152,-0.27752652,-0.876848263,-0.165706899,-0.069386711,-0.482186386,-0.052422901,-0.085199967,-0.728758157,-0.113432333,-0.100096532,-0.871464337,-0.138211694,-0.102240532,-0.984708824,-0.141051073,0.026234755,-0.447423113,-0.06635858,-0.021660624,-0.504806334,-0.155215141,-0.054647381,-0.350456008,-0.165050968,-0.050112901,-0.243590134,-0.142307033,0.110461538,-0.379662208,-0.085432179,0.035021313,-0.399992605,-0.152022338,0.004109633,-0.281965727,-0.149791393,0.011378897,-0.196081319,-0.128922284,two
0,0,0,-0.10456957,-0.069479399,-0.065054297,-0.182720149,-0.216267543,-0.100403713,-0.14440604,-0.351191253,-0.136499197,-0.055728917,-0.419555806,-0.16853705,-0.166845986,-0.460643817,-0.040350935,-0.222621241,-0.657360973,-0.097942218,-0.2519085,-0.778020236,-0.129300167,-0.265272943,-0.877760662,-0.145282776,-0.068950279,-0.483500798,-0.046340706,-0.090915269,-0.727864798,-0.102530102,-0.103203689,-0.871660566,-0.127456998,-0.103350653,-0.985904766,-0.131569129,0.023983098,-0.44720893,-0.06237245,-0.01696465,-0.516109114,-0.148184482,-0.047302447,-0.37652439,-0.161278526,-0.046102253,-0.273574929,-0.142205724,0.107613731,-0.376752569,-0.083419824,0.038825382,-0.397977605,-0.151049275,0.002334515,-0.28550361,-0.151841014,-0.00059274,-0.197772265,-0.133369828,two
0,0,0,-0.099156103,-0.079889389,-0.064601111,-0.174228719,-0.231372679,-0.102988067,-0.134561888,-0.366458804,-0.142262002,-0.038482546,-0.429089999,-0.178814643,-0.14475833,-0.465476599,-0.043617086,-0.194916053,-0.671404225,-0.100279486,-0.226304795,-0.788683913,-0.131182927,-0.237188287,-0.891999669,-0.147109843,-0.048100688,-0.488101366,-0.046837038,-0.073389724,-0.738671295,-0.099826532,-0.100978987,-0.876460349,-0.120310761,-0.11508634,-0.985806096,-0.122235326,0.043352633,-0.453729399,-0.059588015,-0.002064767,-0.518869469,-0.142804493,-0.041621912,-0.374790706,-0.154258302,-0.045610209,-0.268586757,-0.135472065,0.127611881,-0.386934747,-0.076869121,0.061065659,-0.422795177,-0.140552701,0.016834913,-0.303499361,-0.138305648,0.008069754,-0.207860571,-0.119336915,two
0,0,0,-0.106612727,-0.06877985,-0.06734478,-0.188112496,-0.210959975,-0.104890336,-0.148692557,-0.349654088,-0.143244409,-0.057903244,-0.423533157,-0.177448188,-0.178990109,-0.4591153,-0.043946258,-0.253248224,-0.64779209,-0.105127658,-0.298546353,-0.759533774,-0.140536859,-0.325641591,-0.853880472,-0.158235058,-0.078777303,-0.482386061,-0.049938254,-0.092154264,-0.728095986,-0.105702245,-0.104292788,-0.871873581,-0.13045891,-0.103718643,-0.985411987,-0.134928347,0.016556972,-0.444323823,-0.066133713,-0.024553496,-0.516486342,-0.150845764,-0.059839366,-0.38210721,-0.160661437,-0.061307535,-0.283918255,-0.139811804,0.100114916,-0.371368145,-0.08750084,0.032611977,-0.406023179,-0.149840219,-0.002266347,-0.296482169,-0.142620513,-0.001226107,-0.207536415,-0.119221465,two
0,0,0,-0.106158536,-0.074440911,-0.061732351,-0.184578819,-0.22284619,-0.094727833,-0.144699051,-0.359052629,-0.130123563,-0.054666984,-0.423678296,-0.160742355,-0.167243242,-0.471619667,-0.027431207,-0.222685189,-0.664695364,-0.081345457,-0.253830873,-0.774825368,-0.110571961,-0.269655096,-0.86769945,-0.124518373,-0.070225902,-0.49287359,-0.035587309,-0.088469408,-0.735080323,-0.087642836,-0.100540175,-0.876516699,-0.110195259,-0.099712653,-0.988656492,-0.11231976,0.021506181,-0.453773176,-0.054804122,-0.018707631,-0.514346654,-0.138036866,-0.048444194,-0.370128035,-0.150661572,-0.045297237,-0.265511461,-0.130623956,0.102425401,-0.380343054,-0.079070633,0.031972203,-0.397190547,-0.141539208,-0.000720899,-0.285995689,-0.140671435,0.001378954,-0.200586998,-0.121636446,two
0,0,0,-0.096503601,-0.07315874,-0.062608686,-0.17462777,-0.222955013,-0.101001242,-0.139701657,-0.364098651,-0.141853761,-0.045358695,-0.434364348,-0.178812394,-0.165752541,-0.462318449,-0.038419872,-0.236024956,-0.658635398,-0.098268536,-0.279071754,-0.776722012,-0.130822448,-0.297740142,-0.878013725,-0.146329516,-0.066701077,-0.481609218,-0.045608971,-0.078780136,-0.73321317,-0.098580652,-0.08848616,-0.876566458,-0.117017062,-0.085919327,-0.989457585,-0.116582835,0.027619494,-0.440112371,-0.063558059,-0.012357068,-0.513617287,-0.146567317,-0.051569011,-0.363808327,-0.154440685,-0.051763431,-0.260297262,-0.131087614,0.113029572,-0.368539966,-0.085979493,0.057617434,-0.426685556,-0.141551604,0.015530982,-0.316355104,-0.131122894,0.012058161,-0.230412765,-0.106785369,two
0,0,0,-0.103861384,-0.06247752,-0.060209281,-0.18681261,-0.213114893,-0.093164285,-0.145520088,-0.356708356,-0.128072634,-0.05404691,-0.432922083,-0.159971929,-0.178093906,-0.451023706,-0.039305612,-0.261949487,-0.626127642,-0.101105432,-0.313101708,-0.739572323,-0.138267966,-0.343520202,-0.837000307,-0.158095367,-0.079764316,-0.478609656,-0.048341122,-0.089145985,-0.727629948,-0.103393073,-0.098900212,-0.874122727,-0.125583827,-0.096765395,-0.986916321,-0.128967565,0.015461266,-0.443065749,-0.067023882,-0.021805325,-0.519089289,-0.150427239,-0.058664783,-0.377152989,-0.153280633,-0.060280432,-0.274985717,-0.128484924,0.098760917,-0.368445914,-0.090628041,0.035501768,-0.410895812,-0.153741548,-0.003639556,-0.293386687,-0.141788717,-0.003407731,-0.200136182,-0.11537818,two
0,0,0,-0.106455303,-0.062585188,-0.068950374,-0.188113815,-0.214124789,-0.105376074,-0.142697709,-0.356474861,-0.141704109,-0.051092029,-0.432523336,-0.173491056,-0.179898171,-0.462948881,-0.046899658,-0.254639257,-0.652463541,-0.108328195,-0.301319164,-0.760163551,-0.14329942,-0.331917114,-0.851455762,-0.16043994,-0.077681391,-0.485206891,-0.051101428,-0.08007716,-0.728493425,-0.105721402,-0.083874214,-0.870424575,-0.129260202,-0.076193056,-0.98816634,-0.133123635,0.018201439,-0.446442349,-0.065572914,-0.020143553,-0.516701033,-0.149603898,-0.054823009,-0.377273114,-0.157344926,-0.054487495,-0.280156317,-0.135214304,0.100954173,-0.371733797,-0.085450492,0.034177755,-0.399072257,-0.150011562,-0.000284892,-0.284861935,-0.14328733,0.003569693,-0.197105879,-0.119733448,two
0,0,0,-0.105509691,-0.066543821,-0.060702662,-0.188428194,-0.214862366,-0.092736439,-0.144274074,-0.351778686,-0.126153268,-0.057405293,-0.426092792,-0.154930008,-0.179486784,-0.471920961,-0.037170866,-0.250305869,-0.66225001,-0.094492645,-0.292423416,-0.769660874,-0.127478666,-0.320418013,-0.860629007,-0.143469215,-0.076659902,-0.497676486,-0.045144578,-0.082766771,-0.734597364,-0.096400306,-0.080976375,-0.8755153,-0.12082874,-0.070613865,-0.989632047,-0.125068358,0.018004484,-0.457326864,-0.062719342,-0.02388461,-0.494633496,-0.1434344,-0.056207644,-0.347570077,-0.153799648,-0.05730072,-0.247856576,-0.133129525,0.098916799,-0.379471338,-0.085068251,0.034062599,-0.393635244,-0.14619882,-0.002211219,-0.279834684,-0.139715944,-0.003652829,-0.196059153,-0.116332272,two
0,0,0,-0.106411057,-0.065344971,-0.06571296,-0.190041263,-0.217599647,-0.097921962,-0.145986895,-0.358945947,-0.130681809,-0.05727456,-0.432306743,-0.158042284,-0.177111846,-0.473234507,-0.037289632,-0.249529145,-0.664558222,-0.094773562,-0.292201624,-0.772041422,-0.127568892,-0.321126947,-0.864489236,-0.143405167,-0.073369653,-0.499530918,-0.042257965,-0.080890738,-0.736536186,-0.093969352,-0.080759138,-0.876672399,-0.11788228,-0.07014625,-0.990083168,-0.12171616,0.021127031,-0.459829448,-0.057823742,-0.025066096,-0.499643861,-0.140966178,-0.057689774,-0.354839917,-0.153164527,-0.057148489,-0.255550687,-0.132948517,0.100604471,-0.383443433,-0.078657803,0.03005733,-0.394112354,-0.14215293,-0.004871632,-0.281695334,-0.13902664,-0.003446965,-0.198207092,-0.117835388,two
0,0,0,-0.105333462,-0.064216358,-0.066528883,-0.187219887,-0.217194663,-0.101309622,-0.14034388,-0.358383985,-0.136884243,-0.044878885,-0.429270469,-0.167598852,-0.177747986,-0.466666581,-0.039036347,-0.25191137,-0.652747378,-0.10029608,-0.297040407,-0.76120824,-0.135280823,-0.326292676,-0.854567465,-0.15265293,-0.073151005,-0.49403711,-0.044672008,-0.077397731,-0.733361076,-0.100488289,-0.079678745,-0.873471233,-0.124322482,-0.069004366,-0.98942368,-0.127589884,0.023689257,-0.45722414,-0.06097095,-0.020592134,-0.503251054,-0.145759783,-0.059058473,-0.355816247,-0.15274691,-0.058776155,-0.259394142,-0.129401006,0.106925709,-0.383163864,-0.08280206,0.03416252,-0.395996132,-0.146164659,-0.002393752,-0.277287357,-0.138716003,0.002115904,-0.193394116,-0.114797375,two
0,0,0,-0.104997102,-0.059773837,-0.066477512,-0.187106835,-0.211869983,-0.099321092,-0.143243152,-0.355568237,-0.132726419,-0.052262134,-0.430530722,-0.161711766,-0.183381344,-0.462336845,-0.039626517,-0.260673653,-0.644474078,-0.098772878,-0.305554549,-0.751052185,-0.132538903,-0.336190348,-0.844283827,-0.149069465,-0.080756994,-0.489745371,-0.044684134,-0.083623484,-0.735610322,-0.097980548,-0.087089662,-0.874908676,-0.120160432,-0.079168772,-0.989335628,-0.122259236,0.016902047,-0.453165498,-0.060092677,-0.026134116,-0.51471022,-0.144869057,-0.061553307,-0.374891438,-0.153223134,-0.061027965,-0.279348886,-0.130667401,0.10015305,-0.380586341,-0.080760645,0.029269995,-0.394381127,-0.14551788,-0.004228374,-0.278731341,-0.139297199,0.002165203,-0.193535127,-0.115905143,two
0,0,0,-0.107264671,-0.063697111,-0.059513089,-0.189004456,-0.218595596,-0.089922502,-0.142888971,-0.357516646,-0.122462614,-0.051380563,-0.430001483,-0.150619791,-0.185558317,-0.46545593,-0.03354431,-0.26385957,-0.652617564,-0.090806141,-0.308569462,-0.762383955,-0.123599023,-0.339950921,-0.855792425,-0.13983978,-0.081807439,-0.492356977,-0.042708976,-0.087670558,-0.731305539,-0.095403771,-0.089495982,-0.872526593,-0.119394662,-0.078890377,-0.989235956,-0.123241763,0.015586598,-0.454633954,-0.06175888,-0.030805803,-0.511497275,-0.147842215,-0.061687616,-0.358822347,-0.156446214,-0.056954857,-0.255562011,-0.132942046,0.09854223,-0.379401784,-0.085349019,0.026750524,-0.400076747,-0.152641413,-0.00531995,-0.278933676,-0.14651812,0.001743179,-0.190463174,-0.122190811,two
0,0,0,-0.106388783,-0.058346481,-0.0597337,-0.191201649,-0.21425433,-0.089191493,-0.144053513,-0.352277481,-0.120251012,-0.05531547,-0.42503535,-0.147405968,-0.184020818,-0.462230401,-0.036648969,-0.262024278,-0.649942752,-0.094085785,-0.305277261,-0.760624047,-0.127073478,-0.336815137,-0.854715376,-0.143656244,-0.079899424,-0.489670952,-0.045343823,-0.085731768,-0.728623037,-0.098548934,-0.087405544,-0.870800414,-0.123136972,-0.077422058,-0.988842493,-0.12726488,0.017636452,-0.452596248,-0.063609372,-0.030216077,-0.509185365,-0.14996014,-0.062547348,-0.358325531,-0.159391051,-0.059456478,-0.256062712,-0.136604477,0.101275497,-0.377087903,-0.086324684,0.028202788,-0.397236906,-0.155312309,-0.005698717,-0.275697976,-0.150218174,0.000113801,-0.186371166,-0.126355269,two
0,0,0,-0.107026,-0.047612143,-0.068730124,-0.191341643,-0.200735113,-0.103099519,-0.143577773,-0.340206469,-0.136468236,-0.056089022,-0.421485729,-0.165451172,-0.191002212,-0.457487929,-0.047083338,-0.264641729,-0.648100749,-0.109136395,-0.307667992,-0.764545708,-0.145402934,-0.335434157,-0.863673324,-0.164802249,-0.084815382,-0.48727765,-0.050668055,-0.093816091,-0.724189255,-0.107576713,-0.094999778,-0.8654882,-0.133865327,-0.081018457,-0.986919364,-0.139377825,0.014624142,-0.453359328,-0.064371502,-0.032470209,-0.494482234,-0.149083155,-0.066690587,-0.339173938,-0.155493445,-0.062412483,-0.237524361,-0.13246801,0.102416538,-0.380262646,-0.083737501,0.025144727,-0.383356809,-0.15048725,-0.008751856,-0.257468037,-0.144430327,-0.000329897,-0.170996116,-0.120935393,two
0,0,0,-0.109216991,-0.049451884,-0.067692583,-0.190607446,-0.19690799,-0.102100307,-0.141707651,-0.333159516,-0.135638348,-0.058169385,-0.418807729,-0.164418582,-0.188253617,-0.455857108,-0.048840202,-0.264760071,-0.643956496,-0.112296401,-0.307415079,-0.76188116,-0.14914689,-0.335786586,-0.861903975,-0.168287915,-0.085111937,-0.485755475,-0.054076685,-0.09529002,-0.72189474,-0.112239258,-0.098722322,-0.864048825,-0.139578433,-0.088096985,-0.985419462,-0.145558941,0.012694584,-0.452213307,-0.069185855,-0.032988882,-0.49799808,-0.15354549,-0.06314203,-0.349186039,-0.16078335,-0.057492111,-0.251302278,-0.138153778,0.098509878,-0.380407454,-0.090085707,0.024358828,-0.382023715,-0.154764946,-0.007578924,-0.263635354,-0.148747802,0.00149454,-0.182068052,-0.125329677,two
0,0,0,-0.107515772,-0.041991082,-0.066085736,-0.191067294,-0.188255979,-0.099290014,-0.152893776,-0.328136522,-0.131636778,-0.072358747,-0.413828892,-0.159361879,-0.192301841,-0.453881536,-0.044582434,-0.260181057,-0.655120286,-0.104146824,-0.296619705,-0.777384611,-0.13591365,-0.318108936,-0.87585174,-0.150952519,-0.088580449,-0.481587551,-0.049110535,-0.104911696,-0.721600091,-0.104284117,-0.109469151,-0.867159422,-0.129541292,-0.101379101,-0.985918072,-0.132995616,0.009520501,-0.445977859,-0.063454318,-0.041657233,-0.486653895,-0.144866659,-0.071417993,-0.344856938,-0.156793465,-0.066092826,-0.247806221,-0.137463676,0.097402855,-0.374735034,-0.083039533,0.014529787,-0.37148902,-0.147042395,-0.019818568,-0.25507646,-0.145703585,-0.015885921,-0.170824331,-0.125383309,two
0,0,0,-0.104609278,-0.028735195,-0.064290628,-0.189020469,-0.174365383,-0.098033599,-0.146754476,-0.316916679,-0.130268173,-0.070847984,-0.410173744,-0.158077821,-0.190519977,-0.443072967,-0.050851491,-0.244147874,-0.653704019,-0.111696855,-0.269560162,-0.779276951,-0.143012602,-0.282411032,-0.880112153,-0.158132065,-0.08358107,-0.465579798,-0.057937286,-0.101408149,-0.710843514,-0.117116221,-0.104693279,-0.85744557,-0.144627586,-0.09388311,-0.984374822,-0.148970369,0.014702815,-0.426517029,-0.074048759,-0.039908015,-0.491546832,-0.164347187,-0.073919478,-0.350356833,-0.177506562,-0.072798268,-0.250960446,-0.156733449,0.101139386,-0.352373374,-0.094161863,0.016196627,-0.362223526,-0.170103137,-0.020451923,-0.241857331,-0.172224696,-0.01829658,-0.154351469,-0.151747665,two
0,0,0,-0.10567281,-0.036088041,-0.065290595,-0.196701601,-0.184555004,-0.098648587,-0.158734684,-0.325979933,-0.131606313,-0.074406644,-0.406899803,-0.16026158,-0.190784646,-0.448880991,-0.045292734,-0.246928152,-0.657311761,-0.104855037,-0.274933907,-0.783258643,-0.136218954,-0.293345827,-0.886743336,-0.151844857,-0.088857843,-0.472861306,-0.052148161,-0.107171724,-0.71519519,-0.111008973,-0.116924936,-0.859317576,-0.137496771,-0.114106591,-0.983345564,-0.141460906,0.008022033,-0.438505657,-0.068974131,-0.040043655,-0.495547464,-0.156430779,-0.071237442,-0.350338869,-0.167531523,-0.066283509,-0.25524532,-0.146262372,0.095177545,-0.369779297,-0.09089904,0.017251927,-0.375065321,-0.162113488,-0.016501832,-0.25380066,-0.162800474,-0.010977606,-0.170521233,-0.142954187,two
0,0,0,-0.108536812,-0.050812655,-0.061069563,-0.18956511,-0.191468041,-0.095388086,-0.146897262,-0.326434312,-0.13025158,-0.069413552,-0.410570028,-0.160830283,-0.18825671,-0.444346699,-0.04775799,-0.244748323,-0.655377512,-0.110628885,-0.274105051,-0.785366888,-0.144824016,-0.293016036,-0.89266665,-0.162361711,-0.090058427,-0.465867882,-0.057732245,-0.110126291,-0.711021446,-0.119371397,-0.121593197,-0.856717713,-0.147293674,-0.119165497,-0.98108818,-0.152530543,0.00560507,-0.428414463,-0.07683298,-0.039115389,-0.488623322,-0.163942144,-0.070364891,-0.336450185,-0.168707263,-0.063444248,-0.237553648,-0.143096791,0.094074399,-0.354345021,-0.100845777,0.020023366,-0.379204489,-0.167945659,-0.014928529,-0.260270114,-0.160827617,-0.008577978,-0.178231824,-0.135794379,two
0,0,0,-0.106202917,-0.032747189,-0.064117222,-0.195923419,-0.184964674,-0.09528029,-0.151276646,-0.327940455,-0.125934636,-0.068690594,-0.410762325,-0.15221743,-0.194457303,-0.447445444,-0.045609293,-0.255885936,-0.65880354,-0.104214124,-0.287557542,-0.785289097,-0.134739863,-0.307473653,-0.888803664,-0.149852642,-0.092471839,-0.47252036,-0.052722304,-0.111482318,-0.717659556,-0.110789171,-0.120208795,-0.862031296,-0.13749464,-0.116529998,-0.983072687,-0.141381938,0.005230112,-0.438608932,-0.0693323,-0.045219163,-0.491448648,-0.157035469,-0.07579195,-0.339021974,-0.166457685,-0.071465358,-0.235699824,-0.14318413,0.093126035,-0.369650259,-0.090945705,0.014899541,-0.377779702,-0.163098385,-0.020394148,-0.251774614,-0.161900765,-0.017042129,-0.162245761,-0.139787735,two
0,0,0,-0.105355565,-0.035403862,-0.064502719,-0.192147549,-0.181384839,-0.098667008,-0.14948669,-0.320705297,-0.132481241,-0.069948857,-0.408754728,-0.16188884,-0.19517369,-0.437541697,-0.051490071,-0.264017667,-0.646098704,-0.114176668,-0.299802278,-0.767674553,-0.146320199,-0.32222703,-0.868782759,-0.161680193,-0.093248852,-0.464076669,-0.060466438,-0.109773381,-0.706935502,-0.123164345,-0.116621999,-0.852872221,-0.15159056,-0.109763075,-0.981623189,-0.156102473,0.003437112,-0.430915067,-0.078832799,-0.045518944,-0.485537219,-0.170861469,-0.075722753,-0.334555161,-0.1796613,-0.069210689,-0.239119878,-0.155138239,0.089492636,-0.36194369,-0.102005187,0.015146131,-0.368835238,-0.174629208,-0.017557965,-0.244687214,-0.170999635,-0.010393405,-0.162503673,-0.147121925,two
0,0,0,-0.103300066,-0.04375866,-0.068036415,-0.185744744,-0.19193489,-0.102808852,-0.14160601,-0.331448584,-0.136232379,-0.0581623,-0.415724414,-0.165302436,-0.188085896,-0.446089543,-0.050730042,-0.257574569,-0.642155995,-0.114537923,-0.294957833,-0.7634608,-0.1508323,-0.318808192,-0.865531086,-0.170062923,-0.086458769,-0.472833296,-0.056396831,-0.101242797,-0.714522542,-0.118118885,-0.106921191,-0.857292495,-0.147417296,-0.098017955,-0.983200247,-0.153979725,0.010791027,-0.438560031,-0.071621257,-0.034404191,-0.498751188,-0.161540497,-0.065175867,-0.348659879,-0.169550061,-0.057925857,-0.255738159,-0.14623109,0.097022365,-0.366821078,-0.092061774,0.02417467,-0.382439104,-0.163982519,-0.007980243,-0.257827722,-0.159308883,0.001642586,-0.174932501,-0.135482776,two
0,0,0,-0.112235408,-0.04990247,-0.068475792,-0.191886638,-0.197120944,-0.103311048,-0.145178155,-0.3320186,-0.136167957,-0.064214951,-0.415971395,-0.165265364,-0.189224429,-0.440950434,-0.057141075,-0.255229716,-0.626296866,-0.121282,-0.291389557,-0.744918683,-0.159725075,-0.315745641,-0.846064089,-0.181326334,-0.088347291,-0.470435058,-0.062480358,-0.107225911,-0.713017011,-0.123006373,-0.117427257,-0.858537202,-0.152646626,-0.114749581,-0.980145792,-0.161699595,0.007744722,-0.437915066,-0.07682022,-0.032863907,-0.512993205,-0.162967468,-0.060728774,-0.368269178,-0.170160796,-0.057185612,-0.268878915,-0.148919514,0.093094092,-0.366901409,-0.096638501,0.022815857,-0.387838509,-0.165991658,-0.010793491,-0.269487341,-0.16159029,-0.006855879,-0.18292713,-0.139711745,two
0,0,0,-0.104957764,-0.054664412,-0.063167129,-0.181250144,-0.202668484,-0.094894385,-0.139247497,-0.337292917,-0.12626871,-0.05695918,-0.415017433,-0.153830922,-0.179890981,-0.447962521,-0.047191936,-0.245227422,-0.636631452,-0.106404855,-0.28395271,-0.755103581,-0.140784469,-0.308731227,-0.855543221,-0.159785886,-0.081996617,-0.476518978,-0.053164559,-0.100005987,-0.724038676,-0.106981857,-0.110839912,-0.866572692,-0.130863731,-0.109828968,-0.984616714,-0.135895272,0.013366802,-0.441194434,-0.067996713,-0.026131137,-0.510431078,-0.147287841,-0.055839994,-0.36294921,-0.152314132,-0.05317532,-0.263619783,-0.13058617,0.096984245,-0.368393467,-0.08822781,0.022964886,-0.379077087,-0.152258796,-0.008220039,-0.26267483,-0.147412004,-0.001736609,-0.180846465,-0.126138564,two
0,0,0,-0.109633044,-0.03838498,-0.068684965,-0.193656294,-0.184752873,-0.102827683,-0.149020661,-0.327459521,-0.13598685,-0.065630241,-0.412414874,-0.164140899,-0.188927149,-0.447752267,-0.047519366,-0.234906466,-0.661780115,-0.107786917,-0.256683794,-0.792169947,-0.139220818,-0.268355337,-0.899997065,-0.155314582,-0.09005113,-0.473055804,-0.053150704,-0.108658278,-0.71404951,-0.113786713,-0.117903762,-0.857646488,-0.140792956,-0.115177605,-0.982732943,-0.144810501,0.003937155,-0.43898915,-0.069127249,-0.041135072,-0.497193736,-0.157334107,-0.069841656,-0.350922469,-0.166971729,-0.063581988,-0.256949928,-0.144534432,0.088364304,-0.369564407,-0.090776422,0.013178323,-0.371655386,-0.162180876,-0.019321875,-0.253234085,-0.163597251,-0.012993197,-0.175683499,-0.144266044,two
0,0,0,-0.110911237,-0.059055535,-0.06952302,-0.190074736,-0.199199055,-0.108827526,-0.15187069,-0.33805061,-0.14770116,-0.074006892,-0.428116667,-0.181439727,-0.184585189,-0.455634308,-0.054628163,-0.225977074,-0.676156884,-0.119676525,-0.246921746,-0.811192243,-0.155623707,-0.254116051,-0.92470386,-0.174911839,-0.089640648,-0.474042652,-0.060295467,-0.122442219,-0.699868862,-0.127940328,-0.140141829,-0.843981654,-0.160541598,-0.140964296,-0.975293024,-0.170095813,0.004156811,-0.439832132,-0.075851982,-0.034929853,-0.510604432,-0.171838709,-0.061398732,-0.358786285,-0.180739138,-0.056951964,-0.256068109,-0.156894895,0.092936886,-0.369328135,-0.096795378,0.02692355,-0.403223012,-0.172053202,-0.008577763,-0.284771589,-0.171357019,-0.008228306,-0.197367883,-0.150058224,two
0,0,0,-0.112200059,-0.067714922,-0.068263283,-0.189247968,-0.20818819,-0.105271726,-0.147540068,-0.340553257,-0.141992783,-0.069727307,-0.425417738,-0.173490335,-0.18553393,-0.457997634,-0.047954015,-0.234516041,-0.669982353,-0.109234709,-0.259424858,-0.795708988,-0.142096232,-0.269565636,-0.900895793,-0.159296559,-0.08793929,-0.481563135,-0.05360163,-0.119348265,-0.717589136,-0.116785093,-0.13621214,-0.856895892,-0.145384506,-0.13570735,-0.979044654,-0.151838994,0.005609683,-0.447166508,-0.069410705,-0.037109585,-0.506930033,-0.160024047,-0.06561391,-0.352205337,-0.167816531,-0.058726342,-0.250888544,-0.144267435,0.090849499,-0.375186177,-0.090741538,0.019178687,-0.396945425,-0.160073616,-0.015728481,-0.280294015,-0.157874857,-0.011377194,-0.199485743,-0.136933016,two
0,0,0,-0.106475414,-0.064225977,-0.06845284,-0.183447143,-0.209420412,-0.103340222,-0.142680423,-0.345403955,-0.137899619,-0.05890276,-0.429327337,-0.167381297,-0.174862861,-0.453139285,-0.042372483,-0.225518889,-0.640731755,-0.102302905,-0.255561904,-0.754786246,-0.136200122,-0.274240277,-0.855433839,-0.154262051,-0.078623377,-0.482466782,-0.047330096,-0.101799956,-0.727889735,-0.105212905,-0.113320954,-0.867349136,-0.130149202,-0.111327626,-0.984691158,-0.134124878,0.015643676,-0.447815317,-0.062848403,-0.02798956,-0.515830489,-0.149675313,-0.055338057,-0.366294891,-0.158168653,-0.049387416,-0.268173261,-0.135536143,0.100713539,-0.376031473,-0.084014944,0.031223408,-0.396361682,-0.150962649,0.000208724,-0.281755598,-0.148246435,0.005155287,-0.202508864,-0.127416392,two
0,0,0,-0.114280862,-0.057231266,-0.065287742,-0.1929599,-0.201173926,-0.097806875,-0.148090132,-0.338509565,-0.129446186,-0.070618461,-0.42259455,-0.15691178,-0.187198621,-0.449642144,-0.046723005,-0.245569049,-0.658067265,-0.10610557,-0.274256575,-0.783883779,-0.13886978,-0.291053943,-0.887043818,-0.156060683,-0.090393755,-0.476538451,-0.053129055,-0.125818993,-0.719154173,-0.112681261,-0.14409776,-0.859418666,-0.140079658,-0.146249777,-0.978391695,-0.146152981,0.003168624,-0.445354,-0.069211511,-0.036614997,-0.519566339,-0.157563249,-0.0631561,-0.379464829,-0.16734444,-0.057818931,-0.28507279,-0.146364623,0.088289094,-0.375977487,-0.090398513,0.019160868,-0.394208897,-0.161832752,-0.014456878,-0.276142316,-0.161199288,-0.010577335,-0.191574358,-0.141287327,two
0,0,0,-0.091077012,-0.096296937,-0.058896654,-0.158652521,-0.258562851,-0.101451721,-0.113747425,-0.386958153,-0.146641665,-0.017064638,-0.446891331,-0.190231166,-0.094469472,-0.505016678,-0.040128469,-0.131047046,-0.705636401,-0.096611826,-0.160898721,-0.851997619,-0.13037882,-0.167990898,-0.973672421,-0.154081392,-0.000298667,-0.506931019,-0.045957396,-0.061803222,-0.66024821,-0.096414115,-0.11900907,-0.738146568,-0.112248615,-0.138728397,-0.83227099,-0.117350696,0.083180618,-0.462123842,-0.061313748,0.006663564,-0.498690556,-0.1301562,-0.040870207,-0.34767828,-0.124087455,-0.031890133,-0.248907217,-0.104326215,0.155274601,-0.388542904,-0.082646878,0.079696373,-0.43610545,-0.136857588,0.033033387,-0.321130287,-0.125722163,0.035561995,-0.231051246,-0.105010311,two
0,0,0,-0.101479614,-0.078703295,-0.062418395,-0.168895014,-0.236868189,-0.101087605,-0.125323468,-0.371266983,-0.141022556,-0.028938719,-0.442673287,-0.178146414,-0.142068186,-0.462431481,-0.043783365,-0.183947493,-0.671047297,-0.100438927,-0.214136892,-0.801031012,-0.133363742,-0.22367772,-0.911546788,-0.15485454,-0.043083246,-0.489066249,-0.049658539,-0.089359673,-0.723184216,-0.11015302,-0.132460558,-0.861726683,-0.138182306,-0.154772011,-0.97695677,-0.146973108,0.04758633,-0.45692556,-0.064122307,-0.002222313,-0.521562528,-0.146998787,-0.042630097,-0.354748712,-0.150121825,-0.038662373,-0.247123254,-0.128756986,0.134581428,-0.389807611,-0.083709945,0.059720599,-0.429686085,-0.152490618,0.019028291,-0.297319455,-0.148643297,0.020365194,-0.206070899,-0.128549476,two
0,0,0,-0.109579661,-0.063038426,-0.065584116,-0.186151941,-0.210711208,-0.101288551,-0.145950791,-0.346661856,-0.137641825,-0.062159498,-0.431959688,-0.169715946,-0.177792057,-0.448037848,-0.04354395,-0.226362776,-0.628192628,-0.107888437,-0.257345984,-0.739256082,-0.145457768,-0.277075017,-0.839033432,-0.166388611,-0.08222883,-0.481785814,-0.051339725,-0.109891466,-0.722180395,-0.114861466,-0.127909006,-0.860905549,-0.142826387,-0.130444878,-0.980249155,-0.148646322,0.011283731,-0.451422218,-0.069123825,-0.031271518,-0.527051958,-0.158388287,-0.061032812,-0.369515004,-0.163715207,-0.054350366,-0.270153937,-0.139550821,0.097680317,-0.381748898,-0.092591695,0.026093799,-0.39488284,-0.163199697,-0.006873715,-0.271641855,-0.160464324,0.000191332,-0.19220034,-0.139361473,two
0,0,0,-0.111280059,-0.050200595,-0.066600608,-0.190820496,-0.19529355,-0.098991297,-0.147469582,-0.333080774,-0.129944584,-0.070835939,-0.420384077,-0.156647013,-0.19320803,-0.441056223,-0.052417604,-0.245350697,-0.654305902,-0.113056553,-0.271354293,-0.782096251,-0.144922346,-0.287888885,-0.888669235,-0.161614658,-0.095534593,-0.470897975,-0.057899299,-0.131078439,-0.716781453,-0.118949582,-0.151621679,-0.85678693,-0.145061234,-0.157845584,-0.976103549,-0.149354053,-0.000164816,-0.440786037,-0.072782567,-0.042072442,-0.510034858,-0.16097783,-0.068023162,-0.36484087,-0.168870161,-0.061810802,-0.269399847,-0.146569756,0.087542873,-0.37218079,-0.092981099,0.014899509,-0.378037111,-0.165775318,-0.017705588,-0.257944633,-0.166213573,-0.01225901,-0.176826518,-0.146656916,two
0,0,0,-0.108114194,-0.03810019,-0.065935313,-0.191832005,-0.192003168,-0.095889976,-0.148995888,-0.333381451,-0.123876994,-0.069206078,-0.416959743,-0.147935987,-0.191430081,-0.44346217,-0.053082935,-0.236303258,-0.663359324,-0.109620622,-0.257917879,-0.794944006,-0.137616651,-0.269404727,-0.902950455,-0.152893325,-0.093646789,-0.472000426,-0.057235745,-0.134665995,-0.71593915,-0.117773757,-0.16239335,-0.853914114,-0.144526213,-0.174034147,-0.973327233,-0.149486496,0.003524071,-0.444814256,-0.070040127,-0.041664253,-0.518531777,-0.157689725,-0.071565015,-0.380491712,-0.168839215,-0.068364502,-0.289173898,-0.150134551,0.094570872,-0.379732126,-0.087905059,0.014259875,-0.375115592,-0.163730613,-0.019946223,-0.252711044,-0.169943067,-0.014619413,-0.17026896,-0.154773055,two
0,0,0,-0.104845659,-0.068480208,-0.062717061,-0.180957427,-0.218849849,-0.097656312,-0.139563262,-0.355568381,-0.133691517,-0.054388895,-0.438569973,-0.16673466,-0.172561654,-0.456212164,-0.04287026,-0.225788747,-0.652624951,-0.103012273,-0.259702498,-0.771914427,-0.136191911,-0.276712246,-0.876629837,-0.154659436,-0.076361503,-0.486449915,-0.049704584,-0.113415817,-0.731767547,-0.109318308,-0.142336567,-0.864814764,-0.134020624,-0.151689744,-0.978716375,-0.138218954,0.018833121,-0.456728352,-0.065915807,-0.027096554,-0.530439328,-0.153600197,-0.061891345,-0.370404847,-0.16090667,-0.055461289,-0.269605802,-0.138829647,0.108932419,-0.391085276,-0.086874264,0.036485317,-0.418609496,-0.156567326,0.000794544,-0.293068527,-0.154327146,0.007565516,-0.209561006,-0.134269267,two
0,0,0,-0.107447073,-0.057637676,-0.061003334,-0.183701402,-0.210845789,-0.092307066,-0.140221984,-0.350986356,-0.124668884,-0.054519519,-0.430172512,-0.153573379,-0.178536639,-0.444363311,-0.037231107,-0.246058371,-0.615605406,-0.099989778,-0.287171797,-0.724219016,-0.137948344,-0.31600678,-0.822561274,-0.159760927,-0.080929081,-0.478631682,-0.046597983,-0.10861449,-0.721982185,-0.107433642,-0.127596827,-0.857581119,-0.134962287,-0.130700598,-0.981340669,-0.141024269,0.01477479,-0.446352624,-0.065778559,-0.030306079,-0.521488285,-0.153956561,-0.059637417,-0.357012844,-0.157706358,-0.05064166,-0.259909556,-0.132380502,0.101767299,-0.374357922,-0.089969556,0.02759105,-0.39917376,-0.157925449,-0.005305169,-0.27111557,-0.150701249,0.0043837,-0.19149318,-0.126961791,two
0,0,0,-0.107265745,-0.038793897,-0.06137358,-0.192578257,-0.185365656,-0.093001561,-0.150959648,-0.325680915,-0.124085709,-0.073096026,-0.413334426,-0.151603381,-0.199079334,-0.431496599,-0.051434602,-0.277745136,-0.62763994,-0.113453767,-0.318959871,-0.746003167,-0.146391755,-0.346604157,-0.845880819,-0.162519913,-0.0979695,-0.463741085,-0.060689022,-0.122063442,-0.705877955,-0.119992058,-0.137687992,-0.850878124,-0.146804106,-0.138538822,-0.978775024,-0.151018036,0.000126274,-0.433594415,-0.078552698,-0.048835322,-0.493859794,-0.165942022,-0.077058848,-0.343862826,-0.172867612,-0.069802975,-0.24845347,-0.148552027,0.088072316,-0.366366135,-0.101021134,0.011266079,-0.371591189,-0.171014247,-0.021966582,-0.247163149,-0.165387565,-0.01494219,-0.164701035,-0.140627602,two
0,0,0,-0.107664915,-0.0447954,-0.058687102,-0.188742117,-0.191954262,-0.088891945,-0.145254429,-0.331861636,-0.120008674,-0.070161555,-0.423722987,-0.146691456,-0.196601211,-0.44142386,-0.041477451,-0.260499575,-0.652270109,-0.103015194,-0.294099622,-0.781594011,-0.134766475,-0.317634606,-0.889447426,-0.15009168,-0.098748342,-0.470180556,-0.051493009,-0.131293825,-0.70937761,-0.113740454,-0.150426068,-0.85280145,-0.140839742,-0.156526671,-0.97709078,-0.144197813,-0.001344116,-0.440225103,-0.070862144,-0.048728639,-0.480515933,-0.158071745,-0.073533958,-0.325375548,-0.164575161,-0.063848939,-0.228624595,-0.139740822,0.089191257,-0.374220267,-0.09524452,0.010744895,-0.365582946,-0.163741809,-0.017863981,-0.240485462,-0.160951942,-0.007670983,-0.162291211,-0.138585659,two
0,0,0,-0.109214301,-0.068642692,-0.063207886,-0.188455664,-0.213633493,-0.099894969,-0.148774635,-0.354445776,-0.138082495,-0.063564936,-0.434968336,-0.171171857,-0.182932388,-0.470130935,-0.041202163,-0.241446067,-0.680693019,-0.102935975,-0.276427887,-0.809797817,-0.137974903,-0.293836869,-0.917647354,-0.157248367,-0.086338389,-0.49028086,-0.049209771,-0.129173017,-0.715204524,-0.112241077,-0.156353586,-0.854013543,-0.142656697,-0.166952585,-0.974337039,-0.150977377,0.009568964,-0.454411937,-0.067018438,-0.036724279,-0.515339635,-0.154546355,-0.066039433,-0.360632019,-0.160226288,-0.063636827,-0.256003514,-0.136079157,0.101597371,-0.380875744,-0.09046245,0.034385826,-0.412017515,-0.157308534,-0.006119467,-0.293458256,-0.152459556,-0.011756812,-0.205329589,-0.129606364,two
0,0,0,-0.110924888,-0.067800566,-0.065242958,-0.191386135,-0.21344293,-0.102788709,-0.148244921,-0.354725439,-0.141429944,-0.06406644,-0.442301126,-0.174525522,-0.186238467,-0.472041498,-0.044344779,-0.243805875,-0.681055427,-0.107768023,-0.278157445,-0.810596195,-0.143570846,-0.294154534,-0.920880434,-0.163466085,-0.087072081,-0.496507085,-0.051753335,-0.131848799,-0.712473172,-0.118287507,-0.159894183,-0.85059365,-0.150596093,-0.171625145,-0.972128183,-0.159723529,0.010398528,-0.463092004,-0.069085552,-0.041028329,-0.506150664,-0.160877347,-0.067378725,-0.341204973,-0.168068294,-0.062304409,-0.231742857,-0.143841102,0.103006728,-0.390717837,-0.092144802,0.028897611,-0.410266592,-0.162723098,-0.00780846,-0.287969024,-0.160203522,-0.009121832,-0.199857787,-0.13823615,two
0,0,0,-0.113424738,-0.050513408,-0.063757297,-0.198014782,-0.201365661,-0.095979071,-0.155351103,-0.347003664,-0.12860702,-0.073661171,-0.43853287,-0.15628819,-0.199349489,-0.455821441,-0.044217047,-0.261067823,-0.675610032,-0.105594462,-0.293390991,-0.808396357,-0.136896752,-0.312018785,-0.91967875,-0.152527996,-0.100652416,-0.485362038,-0.050657288,-0.146911284,-0.711776816,-0.114480385,-0.17536487,-0.850661264,-0.142656616,-0.189188741,-0.970821627,-0.147353275,-0.003134261,-0.458335862,-0.067004068,-0.052815727,-0.493754111,-0.15665663,-0.075771906,-0.33785004,-0.165736427,-0.067750182,-0.237256858,-0.143002661,0.088275281,-0.3934154,-0.08899354,0.009567338,-0.378540312,-0.162499186,-0.02092314,-0.250237365,-0.165603514,-0.014446101,-0.165134728,-0.147071595,two
0,0,0,-0.113056068,-0.057831452,-0.061550113,-0.196464632,-0.205059788,-0.095701692,-0.158535706,-0.350926341,-0.130767705,-0.072998922,-0.435991323,-0.161349916,-0.193834825,-0.45991883,-0.046289367,-0.249613518,-0.678728276,-0.109443778,-0.280506407,-0.811458481,-0.144102758,-0.29588891,-0.922998436,-0.162842322,-0.097013576,-0.485619486,-0.054010611,-0.143406768,-0.712067661,-0.118493825,-0.174537596,-0.848406271,-0.147866127,-0.189185115,-0.969732409,-0.154363364,0.000365822,-0.455651704,-0.070912294,-0.048599346,-0.509251022,-0.159429967,-0.075479475,-0.350923002,-0.163982779,-0.070441437,-0.247631412,-0.138817158,0.093170906,-0.3866407,-0.093365776,0.016924392,-0.397495166,-0.165880273,-0.018458736,-0.269786036,-0.164129645,-0.016488718,-0.179883357,-0.142069416,two
0,0,0,-0.110848164,-0.039537491,-0.066839127,-0.199748659,-0.191514929,-0.101811022,-0.159065447,-0.336918757,-0.136395683,-0.075077441,-0.427677176,-0.166138052,-0.199277037,-0.443961646,-0.053773784,-0.252307906,-0.667137106,-0.116805122,-0.28059174,-0.800025836,-0.149490256,-0.297362713,-0.914719117,-0.167154872,-0.100537416,-0.474978844,-0.059327708,-0.146761901,-0.702234932,-0.125327834,-0.176881303,-0.840380307,-0.153816571,-0.192295271,-0.968251506,-0.159723357,-0.001142116,-0.451959397,-0.074553235,-0.04913143,-0.501893392,-0.165447286,-0.071219044,-0.341450518,-0.171442397,-0.06360756,-0.239267063,-0.147340412,0.093241258,-0.39131137,-0.095855069,0.014752349,-0.38189228,-0.170824657,-0.017483845,-0.254312249,-0.173165265,-0.012587306,-0.171263016,-0.154641859,two
0,0,0,-0.057570164,-0.273543574,-0.037154747,-0.219625205,-0.538081421,-0.073105834,-0.382461644,-0.709067379,-0.106411061,-0.409864351,-0.901380358,-0.139730685,-0.376181582,-0.47264289,-0.06349931,-0.593023192,-0.446728362,-0.129302102,-0.529519852,-0.371004552,-0.174599146,-0.423089949,-0.335800038,-0.196528143,-0.42361342,-0.287121452,-0.06571179,-0.615013465,-0.236795297,-0.101121747,-0.548755909,-0.180547769,-0.115620164,-0.451119425,-0.166127262,-0.12932331,-0.443921291,-0.102773222,-0.07152078,-0.612618381,-0.062697956,-0.107604686,-0.5506694,-0.024326349,-0.094366524,-0.460316012,-0.019297731,-0.086214936,-0.454401554,0.0681253,-0.078937186,-0.594229014,0.102223102,-0.101983523,-0.529653987,0.132869678,-0.078664799,-0.450076291,0.136873182,-0.056825447,thumbs_up
0,0,0,-0.08435657,-0.285710281,-0.008342285,-0.258287512,-0.539607915,-0.032352468,-0.395805637,-0.730326314,-0.057713839,-0.388949327,-0.917155982,-0.086852321,-0.431329786,-0.496803164,-0.062070239,-0.650589504,-0.44210575,-0.104335424,-0.593305894,-0.356721809,-0.128856392,-0.497988857,-0.314791889,-0.143257998,-0.468541231,-0.316985269,-0.075513436,-0.680489553,-0.224494055,-0.097277923,-0.610062621,-0.168194191,-0.096368546,-0.507929489,-0.157935681,-0.106862664,-0.478119937,-0.133091541,-0.086748457,-0.671693718,-0.054120907,-0.112371799,-0.601202567,-0.013857752,-0.091138318,-0.504871932,-0.013682994,-0.085564518,-0.471756589,0.042033866,-0.097078283,-0.622430379,0.112402751,-0.119006444,-0.55173478,0.139183006,-0.096363032,-0.4666834,0.128393725,-0.079372988,thumbs_up
0,0,0,-0.081064117,-0.268763405,-0.018641412,-0.244471791,-0.532121975,-0.047378151,-0.386446098,-0.730112145,-0.075096844,-0.378392342,-0.919485849,-0.106606801,-0.423231631,-0.449187117,-0.068764773,-0.64380423,-0.400357174,-0.12057261,-0.598461257,-0.324769435,-0.152044459,-0.505659927,-0.286532591,-0.168748368,-0.456583851,-0.258784312,-0.079535534,-0.679889982,-0.190161265,-0.10553043,-0.623401809,-0.146266401,-0.108224228,-0.526900009,-0.138833379,-0.119053596,-0.459707832,-0.076144433,-0.089658821,-0.668515726,-0.008518466,-0.120806073,-0.608945101,0.022066455,-0.102800594,-0.516063656,0.015698435,-0.096703295,-0.446659095,0.092782507,-0.099481259,-0.617195731,0.16462773,-0.123713976,-0.554570631,0.186990968,-0.101014852,-0.470296532,0.172002276,-0.083212724,thumbs_up
0,0,0,-0.067320616,-0.281302749,-0.003673099,-0.227553073,-0.542783294,-0.022204549,-0.368052546,-0.738715912,-0.043176296,-0.377372239,-0.923588352,-0.067636891,-0.365511489,-0.493444833,-0.04977841,-0.582288421,-0.467013506,-0.093007915,-0.537147639,-0.386958481,-0.11791207,-0.451235296,-0.359460462,-0.13316724,-0.407080236,-0.31653089,-0.068228146,-0.631937426,-0.248291236,-0.094746468,-0.580292778,-0.194972325,-0.095395124,-0.49113215,-0.188400143,-0.10513486,-0.429016671,-0.139986755,-0.086100146,-0.639715084,-0.085073719,-0.116482483,-0.586770168,-0.046118931,-0.095455389,-0.499081535,-0.047178234,-0.087260405,-0.435357954,0.022673895,-0.102720659,-0.617923499,0.064952641,-0.128758666,-0.565189163,0.096541817,-0.107631639,-0.484045711,0.091589499,-0.090360553,thumbs_up
0,0,0,-0.062038423,-0.276825117,-0.029623304,-0.235060787,-0.540349965,-0.057538526,-0.380264036,-0.733482409,-0.083246902,-0.379637615,-0.918526901,-0.110379404,-0.331082059,-0.482316623,-0.065497659,-0.564385435,-0.451482386,-0.121938977,-0.515332911,-0.375508426,-0.155485888,-0.417177686,-0.34819982,-0.174157008,-0.373137896,-0.304365076,-0.074169565,-0.623185934,-0.231723873,-0.112664862,-0.560535282,-0.193392537,-0.12099504,-0.455682774,-0.189079976,-0.132731467,-0.392964308,-0.122192536,-0.085579584,-0.628780523,-0.064137221,-0.132119238,-0.566277643,-0.038851998,-0.121174463,-0.462859804,-0.048839817,-0.115326001,-0.391954873,0.046414062,-0.097688158,-0.570006656,0.106170671,-0.137315062,-0.511515716,0.122229828,-0.127364564,-0.420898979,0.112689036,-0.116247321,thumbs_up
0,0,0,-0.078335322,-0.267295376,-0.012589544,-0.242201809,-0.531088312,-0.036436929,-0.382898388,-0.730697588,-0.059623319,-0.384086828,-0.919484041,-0.083823665,-0.373787885,-0.497385129,-0.061879741,-0.613159942,-0.385337103,-0.100093919,-0.559952269,-0.307476367,-0.116717891,-0.474967628,-0.312206787,-0.12810488,-0.389940428,-0.325958761,-0.078755145,-0.638637406,-0.195738151,-0.105100634,-0.572909627,-0.152873489,-0.103330566,-0.482111448,-0.175678021,-0.11043436,-0.391121088,-0.148766406,-0.093905368,-0.614001413,-0.050364916,-0.127389285,-0.54670275,-0.017377271,-0.106714222,-0.458488959,-0.04548319,-0.098059501,-0.377980201,0.018037535,-0.108379397,-0.531150495,0.099501969,-0.137917291,-0.452417284,0.114217631,-0.120248259,-0.36367462,0.082866711,-0.104789618,thumbs_up
0,0,0,-0.082459175,-0.26095545,-0.012495341,-0.257126444,-0.535732647,-0.04087821,-0.400047065,-0.735146173,-0.069298075,-0.403908409,-0.909578794,-0.097593112,-0.367418668,-0.49037003,-0.090759174,-0.630139853,-0.377939341,-0.14974018,-0.550713983,-0.297316508,-0.170213382,-0.453349114,-0.316200255,-0.181101889,-0.380123236,-0.318487319,-0.116270933,-0.649234722,-0.193773803,-0.161706423,-0.55980271,-0.146863537,-0.153545995,-0.4626204,-0.177918774,-0.152255388,-0.379297436,-0.133745846,-0.140872269,-0.632206648,-0.044201126,-0.192042679,-0.54504416,-0.004091851,-0.158618988,-0.448340098,-0.04003587,-0.136545126,-0.371503358,0.050613722,-0.164556273,-0.555423674,0.124017516,-0.209181559,-0.474475389,0.137102422,-0.187596939,-0.381993259,0.102250631,-0.165704141,thumbs_up
0,0,0,-0.085298256,-0.238954908,-0.018893177,-0.260466848,-0.518784832,-0.044091128,-0.395473872,-0.731670506,-0.067037827,-0.402387041,-0.91122158,-0.088090307,-0.368267524,-0.492560554,-0.081249316,-0.632355858,-0.356768238,-0.139463983,-0.556837985,-0.287200564,-0.162522759,-0.468371294,-0.319068783,-0.174448617,-0.377883943,-0.326956628,-0.100102861,-0.651033639,-0.183971218,-0.146331051,-0.561670169,-0.145887635,-0.140008954,-0.470908571,-0.180562609,-0.138350897,-0.378698218,-0.15271771,-0.119798828,-0.627979672,-0.046676037,-0.173455886,-0.538782764,-0.013391422,-0.142377887,-0.448065686,-0.048589067,-0.119465529,-0.377174727,0.021974125,-0.139245092,-0.555142521,0.098274263,-0.185240776,-0.470930804,0.112505514,-0.165679368,-0.38221869,0.076860846,-0.143621828,thumbs_up
0,0,0,-0.075209075,-0.242496085,-0.034743242,-0.246792108,-0.51887749,-0.064985746,-0.385040518,-0.726066832,-0.086646477,-0.391122803,-0.914262854,-0.105576449,-0.358169805,-0.478057063,-0.111650262,-0.632495221,-0.341318155,-0.160309071,-0.557407955,-0.274061497,-0.164759913,-0.467324358,-0.306237019,-0.165096219,-0.356716359,-0.304588925,-0.120847443,-0.646809428,-0.172555692,-0.162066373,-0.561405371,-0.129668992,-0.146167786,-0.473865584,-0.154573501,-0.139559754,-0.345865042,-0.124673341,-0.129764779,-0.606962059,-0.02706435,-0.182395394,-0.52868885,0.012291068,-0.148817259,-0.442828223,-0.009754292,-0.124595447,-0.331716523,0.048187459,-0.138518518,-0.532708379,0.120658021,-0.186561123,-0.459971074,0.140149021,-0.168405956,-0.371921139,0.117916205,-0.147679698,thumbs_up
0,0,0,-0.083622284,-0.237276396,-0.033335918,-0.255222121,-0.511275805,-0.065441889,-0.387788459,-0.724032874,-0.090405539,-0.387312147,-0.914903666,-0.113756687,-0.325170101,-0.507934223,-0.106977702,-0.612924682,-0.387789204,-0.161191044,-0.549384684,-0.291415585,-0.17017112,-0.455301376,-0.308216235,-0.173590867,-0.330336808,-0.337851269,-0.120632143,-0.635405829,-0.220156324,-0.166173365,-0.553287864,-0.14845839,-0.152670989,-0.463176837,-0.157134217,-0.147166359,-0.333444094,-0.147881514,-0.134858316,-0.609497228,-0.059676692,-0.191132989,-0.535416884,0.013226528,-0.157560664,-0.451037036,0.011113124,-0.134129049,-0.328595797,0.038627514,-0.149113743,-0.536777143,0.113568861,-0.203660009,-0.469673778,0.158137203,-0.188915334,-0.385895616,0.152465968,-0.170378398,thumbs_up
0,0,0,-0.07706177,-0.252107794,-0.042067612,-0.241266633,-0.519148668,-0.078081566,-0.375817064,-0.72994155,-0.103457386,-0.38681324,-0.913253975,-0.127838546,-0.297267547,-0.517252594,-0.11961878,-0.597365178,-0.38160258,-0.164704898,-0.551250851,-0.269731681,-0.161215098,-0.464042142,-0.276786827,-0.157129312,-0.289113221,-0.354237466,-0.124199162,-0.610092206,-0.218864397,-0.163518796,-0.549574753,-0.119770756,-0.149472473,-0.472680015,-0.115519547,-0.146296284,-0.288849199,-0.171306569,-0.128224386,-0.573238726,-0.060021537,-0.178104691,-0.526751066,0.032362384,-0.158998172,-0.45621318,0.044418822,-0.149091146,-0.284355085,0.005270795,-0.131799109,-0.490447503,0.101370137,-0.181127964,-0.4444003,0.15731886,-0.179315217,-0.369485403,0.155700334,-0.173552064,thumbs_up
0,0,0,-0.081766194,-0.245993159,-0.039438215,-0.248989607,-0.512792022,-0.075043629,-0.383041912,-0.72387123,-0.101902256,-0.393228585,-0.910704783,-0.126443971,-0.306420187,-0.509470827,-0.110985325,-0.604627346,-0.380833934,-0.164129153,-0.546443898,-0.275953809,-0.168483451,-0.451366851,-0.290270822,-0.167516534,-0.303535685,-0.349679485,-0.117619723,-0.614258923,-0.211638539,-0.16339561,-0.538664488,-0.129630297,-0.150266622,-0.453701551,-0.13748585,-0.144868532,-0.307663202,-0.168296995,-0.12511755,-0.583743279,-0.064512942,-0.179997339,-0.516782328,0.014054089,-0.152606352,-0.437862462,0.014127712,-0.133604457,-0.309058304,0.008462992,-0.132619071,-0.50929862,0.092471152,-0.184788343,-0.446409515,0.14133239,-0.176320384,-0.366216882,0.134234546,-0.162408308,thumbs_up
0,0,0,-0.081355066,-0.235329742,-0.026067358,-0.251147366,-0.511113398,-0.056209705,-0.383593485,-0.725783297,-0.080213089,-0.385678986,-0.916897209,-0.102719169,-0.328953036,-0.49768217,-0.103487669,-0.608575676,-0.358170504,-0.152054953,-0.544008175,-0.279255931,-0.155075165,-0.458174347,-0.309834723,-0.154009701,-0.319172017,-0.329241799,-0.117588461,-0.614143261,-0.182665722,-0.157915778,-0.532796712,-0.13012683,-0.14111976,-0.451445518,-0.153468077,-0.133597815,-0.311050117,-0.142643145,-0.1310714,-0.569743302,-0.02899003,-0.182170958,-0.494952708,0.019433712,-0.149660557,-0.414847518,-0.005506105,-0.127387522,-0.299553298,0.036063216,-0.143283802,-0.500413748,0.12662668,-0.188651056,-0.43077246,0.154237938,-0.170631914,-0.346561205,0.133635651,-0.150787913,thumbs_up
0,0,0,-0.081040347,-0.23212193,-0.032924253,-0.254748971,-0.512324481,-0.063851516,-0.388464442,-0.72693976,-0.08782678,-0.386850359,-0.915659031,-0.109157405,-0.333446629,-0.494998346,-0.106404916,-0.617820341,-0.360324657,-0.1583395,-0.546866505,-0.277008798,-0.165706255,-0.455309092,-0.30611216,-0.167492483,-0.333640333,-0.32432645,-0.118319133,-0.629566244,-0.189994319,-0.161204058,-0.54553386,-0.135268403,-0.145486957,-0.45905552,-0.154696024,-0.138195507,-0.331693089,-0.13757843,-0.13084847,-0.591116106,-0.041805938,-0.184794147,-0.514256631,0.008336501,-0.151691602,-0.430115107,-0.009184988,-0.127980963,-0.324100187,0.040401169,-0.143095803,-0.518135252,0.108332264,-0.191931304,-0.449406724,0.138016429,-0.174546104,-0.365319757,0.124786214,-0.154390249,thumbs_up
0,0,0,-0.076524547,-0.23527561,-0.033281187,-0.252391686,-0.513314583,-0.06434676,-0.385071974,-0.72738733,-0.088063051,-0.386131447,-0.915919427,-0.109517615,-0.338697256,-0.505799517,-0.106542356,-0.625284538,-0.366607386,-0.155199266,-0.556988542,-0.275273558,-0.16030688,-0.462894177,-0.292866935,-0.16036182,-0.342671593,-0.333039447,-0.116314123,-0.638492362,-0.1974101,-0.155101178,-0.554982927,-0.132883962,-0.137743908,-0.466478652,-0.142993512,-0.129904506,-0.341464176,-0.144267143,-0.126448464,-0.598639866,-0.046269585,-0.177132479,-0.522669626,0.011209032,-0.145184095,-0.438002486,0.003143602,-0.122914351,-0.3314554,0.034618124,-0.136246974,-0.519092521,0.102594025,-0.18195234,-0.451093891,0.139058872,-0.165145162,-0.367602203,0.130968119,-0.146020369,thumbs_up
0,0,0,-0.07311038,-0.241070816,-0.033867813,-0.244912094,-0.521064751,-0.065175144,-0.378348121,-0.728841499,-0.088653095,-0.386054484,-0.915830296,-0.11052965,-0.350001592,-0.480217462,-0.109994439,-0.624701641,-0.339054822,-0.15750825,-0.560080004,-0.259759709,-0.162563728,-0.471168375,-0.287822215,-0.163998082,-0.354946863,-0.311547379,-0.120891471,-0.639561031,-0.170986279,-0.160562086,-0.557849706,-0.119113073,-0.146738441,-0.468992646,-0.140524411,-0.142063834,-0.352662615,-0.130304911,-0.131406293,-0.61439377,-0.032600704,-0.1839488,-0.535708263,0.022813011,-0.154144304,-0.448294149,0.007527457,-0.13355573,-0.34253262,0.044220433,-0.141590174,-0.542737441,0.11877515,-0.1927442,-0.473580826,0.156396563,-0.178317249,-0.386348247,0.145312419,-0.160298197,thumbs_up
0,0,0,-0.071011463,-0.243584183,-0.029076924,-0.241867935,-0.531684535,-0.057991063,-0.382238971,-0.734975731,-0.080426511,-0.382169404,-0.918416235,-0.102265172,-0.357000012,-0.471999121,-0.093303748,-0.61927825,-0.353146557,-0.142993094,-0.560251854,-0.283667357,-0.158027047,-0.475926977,-0.300269059,-0.165105323,-0.374413656,-0.302019001,-0.104214279,-0.645412534,-0.190768546,-0.142260364,-0.575263713,-0.143573895,-0.134980977,-0.487093858,-0.155740477,-0.134738624,-0.381531245,-0.129067148,-0.115092645,-0.636078341,-0.066126633,-0.162196977,-0.566572781,-0.016839578,-0.132825343,-0.48083636,-0.025330261,-0.11310912,-0.384007194,0.035423358,-0.125977063,-0.574642214,0.073605552,-0.169786848,-0.506546976,0.110925956,-0.150032069,-0.423952298,0.104547128,-0.129082522,thumbs_up
0,0,0,-0.075334168,-0.256105396,-0.017981666,-0.245100256,-0.530662496,-0.039720079,-0.387065147,-0.732075784,-0.058388499,-0.395216763,-0.915289197,-0.077777865,-0.374345575,-0.492844628,-0.077321063,-0.615447447,-0.384591592,-0.118246987,-0.553258358,-0.297983224,-0.132480728,-0.462876374,-0.297486497,-0.141562582,-0.396321232,-0.310935718,-0.091621141,-0.641335938,-0.211909293,-0.121190477,-0.573615211,-0.147111278,-0.115017722,-0.479426886,-0.14806583,-0.118414622,-0.401823694,-0.129795305,-0.104349111,-0.623535509,-0.063957784,-0.143076859,-0.555848239,-0.008106375,-0.115390619,-0.465647868,-0.012110421,-0.100572061,-0.398838674,0.040645331,-0.116584459,-0.556091537,0.09484185,-0.154098971,-0.485088746,0.132871131,-0.134710851,-0.400396038,0.121576776,-0.116558033,thumbs_up
0,0,0,-0.0756835,-0.287889192,-0.00241193,-0.220737022,-0.561163345,-0.020277123,-0.353305561,-0.754580436,-0.038822754,-0.360715847,-0.930701772,-0.060648902,-0.403967117,-0.502158824,-0.06466977,-0.611806961,-0.400781419,-0.098959368,-0.554711608,-0.326549895,-0.116354883,-0.469445858,-0.313139658,-0.127575098,-0.431313481,-0.295881801,-0.085774096,-0.630007774,-0.200288656,-0.098592691,-0.567840396,-0.15679342,-0.093427197,-0.477536065,-0.160019808,-0.102224903,-0.434894265,-0.092039686,-0.102954893,-0.597735544,-0.015062459,-0.121391221,-0.534912363,0.009153928,-0.096531052,-0.448031191,-0.004685671,-0.089659971,-0.426051012,0.096686745,-0.119440554,-0.541274372,0.157882624,-0.135224805,-0.471109366,0.178308299,-0.107502727,-0.394926885,0.165682413,-0.087682142,thumbs_up
0,0,0,-0.05684227,-0.272302822,-0.018102178,-0.209603045,-0.549181593,-0.032937092,-0.335380889,-0.75612996,-0.047589525,-0.353995713,-0.932921917,-0.065906989,-0.378001288,-0.48918937,-0.032251747,-0.555293749,-0.439605056,-0.072729922,-0.516656109,-0.35044733,-0.10993755,-0.439052625,-0.314073245,-0.134349613,-0.424879354,-0.313577375,-0.04334126,-0.605438932,-0.259531069,-0.060361249,-0.5751702,-0.197393764,-0.075299407,-0.499777986,-0.180948799,-0.094586048,-0.441896119,-0.131048045,-0.05629329,-0.611748759,-0.09997963,-0.082553583,-0.580165996,-0.047636129,-0.077596873,-0.506923322,-0.036007026,-0.078906662,-0.440508327,0.039575075,-0.06972168,-0.574793604,0.085151677,-0.091594753,-0.540214178,0.129194328,-0.0757985,-0.477490337,0.135974417,-0.061903584,thumbs_up
0,0,0,-0.052984976,-0.278462378,-0.02528514,-0.206574953,-0.539559366,-0.046829701,-0.336969411,-0.742625476,-0.06823129,-0.354727386,-0.930088349,-0.095415636,-0.381369071,-0.432492627,-0.0335576,-0.595042387,-0.405356019,-0.075588697,-0.629362786,-0.314671434,-0.115164009,-0.617704622,-0.251190619,-0.141859053,-0.417289501,-0.259573267,-0.040151375,-0.62364777,-0.217044706,-0.059553435,-0.659105648,-0.151394044,-0.086798319,-0.64207489,-0.102731529,-0.118058056,-0.428671698,-0.091927381,-0.049448364,-0.623909013,-0.070290168,-0.074245725,-0.665408924,-0.011999021,-0.091092821,-0.654902993,0.02929477,-0.111814846,-0.417039826,0.053437052,-0.058890536,-0.578615144,0.110947629,-0.081557208,-0.620053824,0.163708928,-0.085263104,-0.629434552,0.191625515,-0.09036435,thumbs_up
0,0,0,-0.046633748,-0.263826112,-0.03621664,-0.196103149,-0.538799687,-0.058645914,-0.338925053,-0.740785588,-0.074705841,-0.351316191,-0.931615764,-0.093107475,-0.389917012,-0.407640685,-0.056868347,-0.601564166,-0.360260112,-0.089109289,-0.590311307,-0.288318018,-0.112595981,-0.541755946,-0.258809493,-0.127698636,-0.434872802,-0.22360556,-0.052991093,-0.648727507,-0.183653268,-0.072721043,-0.622301489,-0.139350388,-0.082797321,-0.552554052,-0.124066532,-0.096507712,-0.448951253,-0.055434184,-0.050074874,-0.658122961,-0.036229465,-0.075924831,-0.633474541,-0.000590705,-0.072933202,-0.56406138,0.012842429,-0.074061413,-0.443149781,0.083197565,-0.047798581,-0.614454524,0.116089098,-0.069469925,-0.595194951,0.150999621,-0.059471677,-0.539257811,0.155847485,-0.049872598,thumbs_up
0,0,0,-0.04588429,-0.274777086,-0.031539322,-0.183408318,-0.553469421,-0.052055465,-0.323607629,-0.74821462,-0.068499402,-0.341625648,-0.935946464,-0.085417407,-0.405443463,-0.433300741,-0.032078297,-0.5951667,-0.38741939,-0.06289442,-0.547600663,-0.333630424,-0.089825427,-0.472243357,-0.324771535,-0.107290045,-0.452844979,-0.25352812,-0.032238656,-0.644098724,-0.228094817,-0.048221562,-0.589760251,-0.190594953,-0.058716188,-0.504618276,-0.184991934,-0.071280155,-0.466674693,-0.082915805,-0.034853716,-0.656250747,-0.069647104,-0.058373009,-0.608825295,-0.039323295,-0.052570656,-0.525210097,-0.033950806,-0.050460637,-0.458770958,0.067547529,-0.038691252,-0.611260951,0.099068188,-0.058209399,-0.57315073,0.129123848,-0.044885038,-0.505153691,0.130600134,-0.031382427,thumbs_up
0,0,0,-0.041270388,-0.295057486,-0.036563963,-0.179526353,-0.557026566,-0.058727454,-0.313805443,-0.747210051,-0.077733661,-0.345203009,-0.933543321,-0.096600985,-0.454652125,-0.398117122,-0.024167888,-0.640583373,-0.322132606,-0.048902244,-0.60444986,-0.257842822,-0.075573473,-0.53205289,-0.2318398,-0.092234055,-0.499266443,-0.196934898,-0.021768992,-0.677667724,-0.137580268,-0.03157802,-0.624755356,-0.094451963,-0.046623532,-0.541426646,-0.088182456,-0.063346191,-0.506903499,-0.011575913,-0.021859422,-0.685306082,0.009524737,-0.041261881,-0.639758826,0.040031422,-0.038644156,-0.557300493,0.047981208,-0.038578067,-0.49120908,0.148241128,-0.023585526,-0.641659509,0.162182544,-0.036477955,-0.605927456,0.187068969,-0.016571291,-0.542684873,0.189825252,0.001615907,thumbs_up
0,0,0,-0.00274137,-0.28079092,-0.056258282,-0.117397837,-0.558569799,-0.088912544,-0.245472748,-0.761251355,-0.111946099,-0.257797624,-0.957099229,-0.13229305,-0.356371443,-0.39229004,-0.051514514,-0.567004191,-0.378787839,-0.083189235,-0.53044286,-0.350326646,-0.110796726,-0.457943907,-0.339085395,-0.125692958,-0.430635152,-0.211770285,-0.034314129,-0.626688879,-0.24065396,-0.04185981,-0.609868666,-0.225498742,-0.061033802,-0.55551909,-0.209962763,-0.081479095,-0.473129054,-0.062252227,-0.020554769,-0.656829222,-0.117350242,-0.027479587,-0.645069985,-0.110270533,-0.031906948,-0.594003678,-0.099144816,-0.039392842,-0.494106124,0.056654181,-0.010317259,-0.649441678,0.008729517,-0.012426335,-0.639749716,0.016492807,0.000895714,-0.602328451,0.023985484,0.011700868,thumbs_up
0,0,0,-0.000338511,-0.27415355,-0.077914698,-0.12932283,-0.545445251,-0.116295439,-0.262951788,-0.748392233,-0.13980663,-0.274030306,-0.947893715,-0.162495833,-0.378648596,-0.35377031,-0.084699987,-0.624194106,-0.374114188,-0.116895206,-0.736692035,-0.418059586,-0.132885113,-0.806423075,-0.458954628,-0.142337672,-0.446550691,-0.180339282,-0.063738016,-0.676953056,-0.231252912,-0.084318472,-0.79882345,-0.296818882,-0.097396916,-0.872801284,-0.344609619,-0.107972377,-0.478586081,-0.045712721,-0.047458958,-0.69634499,-0.09318138,-0.07317751,-0.805788484,-0.157003971,-0.07808556,-0.869871708,-0.213740132,-0.078257317,-0.485743773,0.058112272,-0.037097234,-0.669810579,0.03088784,-0.065742254,-0.771729657,-0.004991512,-0.070017306,-0.842802564,-0.052739876,-0.06539866,thumbs_up
0,0,0,-0.002589017,-0.27727615,-0.074437084,-0.12596224,-0.550652008,-0.111170599,-0.260987336,-0.753744012,-0.133939036,-0.267385551,-0.950969213,-0.15544299,-0.385008577,-0.377185679,-0.063399054,-0.611609519,-0.381908184,-0.093535744,-0.690317416,-0.413263211,-0.11418553,-0.729916487,-0.449717566,-0.12495771,-0.455734118,-0.200386367,-0.039708377,-0.671759136,-0.247717774,-0.049879033,-0.774669738,-0.304567596,-0.061460208,-0.830791381,-0.343655795,-0.071953552,-0.488372304,-0.059895751,-0.02131115,-0.689808187,-0.114910547,-0.034506438,-0.778012546,-0.175033314,-0.031117983,-0.822937557,-0.23064273,-0.027079182,-0.494860446,0.049289274,-0.009203102,-0.66153703,0.001528842,-0.0206952,-0.740777867,-0.036767568,-0.010234557,-0.791088741,-0.082801989,0.003630186,thumbs_up
0,0,0,-0.008098972,-0.271093618,-0.06640317,-0.132414518,-0.554107837,-0.0965876,-0.267481678,-0.760079243,-0.113497827,-0.285170407,-0.949309945,-0.132243968,-0.344492773,-0.386649199,-0.052861544,-0.544674526,-0.372016454,-0.079111926,-0.586158227,-0.349550377,-0.10826993,-0.596342937,-0.350195985,-0.128887415,-0.411670988,-0.209832979,-0.031804997,-0.605017038,-0.223037103,-0.038691269,-0.676349421,-0.226461249,-0.070387488,-0.710166,-0.229347369,-0.103611836,-0.443651136,-0.069561459,-0.014354415,-0.623017239,-0.088294847,-0.023977117,-0.685825146,-0.099638722,-0.045680825,-0.711943965,-0.116347471,-0.068909455,-0.451507443,0.040558355,-0.000877343,-0.599227667,0.035439533,-0.008709327,-0.647814781,0.045079619,-0.008606111,-0.673699235,0.03924702,-0.010992037,thumbs_up
0,0,0,-0.026795516,-0.27921906,-0.056621652,-0.144371715,-0.55417001,-0.090716778,-0.271744749,-0.760116246,-0.115756764,-0.270013957,-0.952574649,-0.140335318,-0.391562656,-0.414614611,-0.05653458,-0.599109603,-0.419127185,-0.091493554,-0.616804997,-0.410590851,-0.120831614,-0.600828629,-0.418955347,-0.14032928,-0.460900906,-0.227317104,-0.047022975,-0.660850306,-0.275807083,-0.061653514,-0.716197412,-0.28393707,-0.085509401,-0.731233085,-0.290704008,-0.110246713,-0.490928897,-0.067288374,-0.041073421,-0.675448919,-0.122624705,-0.056609487,-0.729093459,-0.139237178,-0.065723096,-0.742353147,-0.160573316,-0.077603997,-0.495045984,0.068815002,-0.039072161,-0.642110255,0.034974769,-0.051896882,-0.689586602,0.028864184,-0.04621989,-0.713568942,0.010645218,-0.041204343,thumbs_up
0,0,0,-0.021888923,-0.274222499,-0.056410559,-0.147405537,-0.552237771,-0.086608035,-0.281029636,-0.757123591,-0.106344316,-0.284211444,-0.950471193,-0.125810834,-0.376921045,-0.410092549,-0.059117288,-0.600386885,-0.419137282,-0.094438016,-0.639972881,-0.426668804,-0.120109854,-0.637764635,-0.445025603,-0.135724912,-0.447877172,-0.227263737,-0.048661898,-0.668036617,-0.280734707,-0.064050246,-0.747564132,-0.311324285,-0.085203129,-0.777648285,-0.332807197,-0.106849128,-0.480746813,-0.074749485,-0.041929841,-0.68298237,-0.128951385,-0.059622247,-0.754167038,-0.16246836,-0.067933397,-0.777584766,-0.200595697,-0.077476614,-0.487922924,0.051952524,-0.03919114,-0.649828911,0.01424267,-0.056010612,-0.709990701,-0.001618584,-0.052529963,-0.74103594,-0.032953015,-0.047939145,thumbs_up
0,0,0,-0.019973639,-0.274507077,-0.059823203,-0.139162132,-0.552402549,-0.093821965,-0.266249593,-0.761106315,-0.117188322,-0.264211297,-0.95425627,-0.139954854,-0.375986309,-0.40721591,-0.061367912,-0.602606426,-0.421567508,-0.096197131,-0.655982266,-0.431395259,-0.122530055,-0.666604298,-0.451034922,-0.139038944,-0.449906303,-0.22254793,-0.048849654,-0.66287437,-0.275593559,-0.063718021,-0.737614328,-0.303274971,-0.083303653,-0.766319531,-0.326923127,-0.104011189,-0.487229724,-0.068894987,-0.040266264,-0.680124275,-0.132690873,-0.055716488,-0.743537828,-0.165075056,-0.060477811,-0.763400197,-0.199400404,-0.067742661,-0.499841041,0.05763607,-0.036322675,-0.655693133,0.010341097,-0.049462996,-0.71067145,-0.008762018,-0.042646007,-0.739173524,-0.038868716,-0.03581865,thumbs_up
0,0,0,-0.015200175,-0.279223251,-0.060030063,-0.134822283,-0.557525231,-0.092435383,-0.266719597,-0.761294794,-0.115562506,-0.271352556,-0.952519046,-0.138113207,-0.387583811,-0.42535798,-0.04704557,-0.585280881,-0.436916129,-0.080613524,-0.618832358,-0.425714136,-0.111287595,-0.616832568,-0.427101569,-0.13182627,-0.464715363,-0.245117493,-0.035243682,-0.649107763,-0.301628464,-0.050841814,-0.699443885,-0.299319537,-0.075334613,-0.713463547,-0.294236525,-0.09822707,-0.50360002,-0.088388437,-0.028149057,-0.674722317,-0.155888756,-0.042649455,-0.724212387,-0.167347619,-0.049966106,-0.737793192,-0.179697151,-0.059212463,-0.515876065,0.047367625,-0.025819703,-0.658010713,-0.003258006,-0.037079252,-0.702480843,-0.010664799,-0.029611913,-0.726240488,-0.025780822,-0.022351976,thumbs_up
0,0,0,-0.015242002,-0.280566915,-0.063753188,-0.134321587,-0.556904658,-0.095450853,-0.267994174,-0.757186133,-0.116947307,-0.280023876,-0.950106587,-0.137419436,-0.40094871,-0.423294423,-0.042617905,-0.592413467,-0.439505295,-0.074387265,-0.636994204,-0.446474806,-0.103841221,-0.645472268,-0.46171457,-0.123435824,-0.476870415,-0.241590778,-0.028835528,-0.660447771,-0.303602622,-0.039952774,-0.732643468,-0.325869186,-0.06080731,-0.765744227,-0.338236689,-0.081540271,-0.508980932,-0.083649353,-0.021076078,-0.680057774,-0.148123151,-0.033890026,-0.746084405,-0.178687045,-0.038382465,-0.7729846,-0.207731001,-0.045273515,-0.510740122,0.053523627,-0.019030986,-0.649071768,0.010755256,-0.030766209,-0.703178351,-0.005887966,-0.022925589,-0.733629178,-0.029046978,-0.014599365,thumbs_up
0,0,0,-0.014839235,-0.289810795,-0.061088564,-0.13348152,-0.560818985,-0.092471267,-0.269824011,-0.757674783,-0.114979829,-0.280378173,-0.950295882,-0.135372881,-0.411884406,-0.432766389,-0.026167854,-0.586505921,-0.443707587,-0.057546219,-0.614656016,-0.436945744,-0.092148828,-0.61250165,-0.438137359,-0.115065573,-0.492307711,-0.251289674,-0.01179372,-0.66135615,-0.309188609,-0.018871322,-0.718081796,-0.321798181,-0.040515932,-0.741005102,-0.322162009,-0.062136118,-0.528900905,-0.093127538,-0.004155248,-0.691399401,-0.162135385,-0.012579727,-0.748491484,-0.189170971,-0.013886349,-0.771152415,-0.212681889,-0.018802738,-0.534472423,0.041474959,-0.002338279,-0.66965424,-0.015532875,-0.00757628,-0.723301611,-0.03365924,0.006259711,-0.757761137,-0.053680403,0.018645321,thumbs_up
0,0,0,-0.030114384,-0.285384472,-0.049822723,-0.148943593,-0.557639929,-0.081096367,-0.279033202,-0.75988064,-0.106386025,-0.284884653,-0.949928605,-0.128360353,-0.431920047,-0.434025315,-0.022666294,-0.565786542,-0.428038289,-0.049903703,-0.510130495,-0.370072161,-0.085389859,-0.440831008,-0.3298649,-0.109017085,-0.501829495,-0.247437805,-0.011872209,-0.628149379,-0.279247975,-0.01520314,-0.584063599,-0.245470356,-0.038303587,-0.522096705,-0.207377969,-0.062178048,-0.53074075,-0.075951645,-0.005084039,-0.655507073,-0.127850726,-0.007928936,-0.626759525,-0.111451534,-0.011732828,-0.573628914,-0.080338138,-0.020542042,-0.535312149,0.074017274,-0.002073877,-0.645127046,0.02879381,0.002418084,-0.624876275,0.036554711,0.02091583,-0.590551638,0.05282421,0.034722429,thumbs_up
0,0,0,-0.027188163,-0.288934379,-0.055175824,-0.147241435,-0.562023797,-0.086235279,-0.275315842,-0.76767588,-0.109792635,-0.269987166,-0.95377786,-0.131964858,-0.438948829,-0.432642465,-0.019680359,-0.589297885,-0.425599763,-0.041645581,-0.585443932,-0.397547628,-0.074736014,-0.561511227,-0.388558198,-0.099090246,-0.50678662,-0.250856735,-0.005859498,-0.651852275,-0.282500267,-0.004881249,-0.669735087,-0.275941756,-0.02567885,-0.6565201,-0.264395061,-0.047891335,-0.530698978,-0.085218372,0.00301589,-0.674956547,-0.135685319,0.001847283,-0.709880221,-0.152669681,-0.002197015,-0.710338667,-0.164014429,-0.010948317,-0.526352258,0.058382727,0.007248202,-0.641151626,0.018159272,0.010217733,-0.666732893,0.002939623,0.026378238,-0.673667147,-0.010905231,0.039049335,thumbs_up
0,0,0,-0.024116021,-0.28277776,-0.059706033,-0.144765634,-0.564471267,-0.087575796,-0.272328163,-0.76899436,-0.107915561,-0.276877628,-0.952633626,-0.125809195,-0.440080641,-0.431633875,-0.011842116,-0.590621276,-0.423957081,-0.035924981,-0.599110711,-0.392310791,-0.073182899,-0.591468541,-0.3830257,-0.101057613,-0.513179713,-0.253202334,0.00199487,-0.664449371,-0.288851341,-0.001841042,-0.70992574,-0.275477677,-0.029753946,-0.729360302,-0.260113459,-0.056000677,-0.544341307,-0.092905563,0.009231995,-0.693003664,-0.140576816,0.004750733,-0.748551795,-0.148998363,-0.000865408,-0.774248467,-0.156392855,-0.009442433,-0.545245079,0.048194603,0.010537353,-0.669171967,0.007888144,0.010738427,-0.722617455,0.001824963,0.025548265,-0.761740975,-0.006325607,0.037809268,thumbs_up
0,0,0,-0.017578744,-0.283299871,-0.063898523,-0.134837444,-0.568958696,-0.094896834,-0.258605844,-0.771998191,-0.117035611,-0.255988267,-0.956721783,-0.138395941,-0.421373578,-0.431440354,-0.032405534,-0.58919209,-0.417850659,-0.063533796,-0.604322282,-0.393253673,-0.10080518,-0.59143482,-0.387189832,-0.126761782,-0.492052925,-0.249952517,-0.017875655,-0.652306276,-0.273867307,-0.025892697,-0.694872929,-0.265035102,-0.052496619,-0.70347881,-0.255439794,-0.077961435,-0.518652879,-0.088671099,-0.009435688,-0.674047403,-0.124936908,-0.018234081,-0.722905789,-0.134681144,-0.025717225,-0.738405155,-0.149669705,-0.035947368,-0.5169165,0.054992107,-0.006624727,-0.639453159,0.032713332,-0.010991926,-0.678393829,0.029473921,0.001133587,-0.700856908,0.018163781,0.011361574,thumbs_up
0,0,0,-0.02628574,-0.291148404,-0.049584496,-0.144934466,-0.572478116,-0.07770422,-0.26816484,-0.77217555,-0.097419881,-0.259590394,-0.95885039,-0.114972854,-0.406779827,-0.443053531,-0.039655351,-0.564093752,-0.43491923,-0.066986757,-0.522149068,-0.395471429,-0.096982726,-0.460233189,-0.364134064,-0.116261068,-0.477118953,-0.256729108,-0.02799152,-0.617914943,-0.289093287,-0.034405662,-0.582861017,-0.267951078,-0.055264343,-0.527708893,-0.238237292,-0.07757916,-0.504953045,-0.089604336,-0.018584436,-0.63834619,-0.139120276,-0.025490417,-0.611315296,-0.134947965,-0.029743843,-0.561832588,-0.116637783,-0.038762307,-0.509119246,0.055761267,-0.012337556,-0.616315775,0.020139032,-0.014809718,-0.58937118,0.020463059,-8.37E-05,-0.549952639,0.027103783,0.011550271,thumbs_up
0,0,0,-0.024522001,-0.288470633,-0.049748527,-0.145361702,-0.570747757,-0.076538391,-0.272134197,-0.77058121,-0.095606012,-0.271754091,-0.955741342,-0.112730657,-0.425945877,-0.433910975,-0.029679033,-0.585113183,-0.40706699,-0.048553026,-0.546571345,-0.370528621,-0.073997931,-0.487757718,-0.348431349,-0.091091714,-0.487598916,-0.250424848,-0.016152583,-0.635343163,-0.251093113,-0.019232175,-0.597736285,-0.228607651,-0.041192197,-0.537357575,-0.204273241,-0.062495911,-0.51301423,-0.083921136,-0.004405099,-0.653922882,-0.107348256,-0.008103184,-0.62646815,-0.100611066,-0.015268533,-0.571204341,-0.083357167,-0.024567878,-0.516743703,0.063469468,0.004174481,-0.636423993,0.048762377,0.004701923,-0.622847031,0.047680025,0.016964359,-0.591003913,0.046946365,0.02774015,thumbs_up
0,0,0,-0.041087173,-0.300138499,-0.038469955,-0.167773046,-0.577899535,-0.060082636,-0.297205704,-0.771839199,-0.078031361,-0.305693913,-0.947274475,-0.096032808,-0.461045124,-0.445816105,-0.022418471,-0.624772559,-0.384615239,-0.04284378,-0.582183991,-0.32087327,-0.069826725,-0.510610896,-0.288015804,-0.087411889,-0.516233311,-0.253337214,-0.016208351,-0.673070638,-0.21826278,-0.019062662,-0.629307531,-0.175156922,-0.03643329,-0.552338368,-0.152216012,-0.055320344,-0.530458793,-0.071841853,-0.0113861,-0.685013684,-0.063602762,-0.020761268,-0.645515061,-0.030627745,-0.026330819,-0.566756764,-0.00650977,-0.034277451,-0.521003112,0.091195742,-0.008628335,-0.644944125,0.125028742,-0.015338426,-0.611250423,0.153039464,-0.003751445,-0.551121945,0.162680734,0.007830374,thumbs_up
0,0,0,-0.036238134,-0.290778868,-0.04667421,-0.169298451,-0.568472619,-0.073931936,-0.306023522,-0.763727581,-0.092122769,-0.308735507,-0.94495035,-0.108403055,-0.451911021,-0.427340602,-0.047009949,-0.60317813,-0.387705885,-0.059188085,-0.549965452,-0.346166479,-0.072987851,-0.473578017,-0.322854062,-0.08194383,-0.511363506,-0.23766998,-0.033754908,-0.665171133,-0.225366844,-0.028938838,-0.612384724,-0.206703199,-0.035449801,-0.534839214,-0.193622078,-0.046721373,-0.528458599,-0.058405194,-0.020302034,-0.689016983,-0.059720125,-0.020656979,-0.641304631,-0.048221137,-0.020460233,-0.559755399,-0.03578864,-0.026146821,-0.519519706,0.101318034,-0.008806605,-0.651949795,0.140615056,-0.008437467,-0.618019498,0.15357372,0.005434963,-0.558072899,0.155142044,0.017364158,thumbs_up
0,0,0,-0.042320279,-0.306371954,-0.02554657,-0.189536868,-0.581941459,-0.034115524,-0.315406365,-0.779876138,-0.037115563,-0.3215875,-0.945982157,-0.041221831,-0.438875743,-0.465545038,-0.015780396,-0.597037672,-0.395007087,-0.017395663,-0.554793037,-0.326767586,-0.029396763,-0.490740369,-0.298126364,-0.040333738,-0.491714926,-0.284764544,-0.010622797,-0.648661002,-0.221863634,0.006497576,-0.60311009,-0.17994947,0.000311461,-0.529094747,-0.162730069,-0.017161255,-0.509129005,-0.107867106,-0.004337868,-0.659035495,-0.072638719,0.000846432,-0.615693476,-0.04395323,0.000357336,-0.537085495,-0.026269634,-0.009995745,-0.503535333,0.048483894,0.001108271,-0.631800759,0.09465564,0.000671177,-0.589932151,0.120464814,0.015102449,-0.521888899,0.12160617,0.025164029,thumbs_up
0,0,0,-0.026287969,-0.298745656,-0.032061919,-0.155141244,-0.580592233,-0.041843913,-0.291242342,-0.780991942,-0.045759734,-0.292353955,-0.955032232,-0.049422685,-0.412733038,-0.494524344,-0.006890781,-0.565530552,-0.460393272,-0.014435243,-0.529827068,-0.391035351,-0.035115335,-0.469248615,-0.348197335,-0.051528558,-0.474088527,-0.303089098,0.001566759,-0.620314641,-0.274900113,0.01360818,-0.579701033,-0.234934245,-0.002007156,-0.50878242,-0.204044189,-0.025059754,-0.498176881,-0.125901109,0.009427942,-0.631935293,-0.117534517,0.011955412,-0.595779067,-0.094824422,0.005437367,-0.523281279,-0.067144839,-0.007727689,-0.499704299,0.026605782,0.015453481,-0.611184791,0.042380907,0.01567514,-0.570819967,0.064147255,0.028506851,-0.503249941,0.071175653,0.037864198,thumbs_up
0,0,0,-0.033083106,-0.309499403,-0.005268023,-0.168232055,-0.596468665,-0.009866312,-0.301227363,-0.793266576,-0.011843879,-0.292835248,-0.956065977,-0.013614904,-0.407717494,-0.530248978,-0.020008206,-0.564105102,-0.487522286,-0.021824083,-0.509189637,-0.423530318,-0.028579287,-0.431621602,-0.392423163,-0.036308806,-0.462398016,-0.331680082,-0.02473686,-0.60583458,-0.303050585,-0.008621318,-0.545277124,-0.270612177,-0.010162227,-0.460777715,-0.249412749,-0.025244726,-0.481379624,-0.138599304,-0.024768876,-0.608262126,-0.12883715,-0.018982166,-0.550369837,-0.115993524,-0.012994389,-0.465538207,-0.097648008,-0.020466434,-0.478080518,0.035126626,-0.023538052,-0.568178369,0.048724803,-0.023412114,-0.50191972,0.05471592,-0.006187635,-0.422249797,0.052966453,0.005429545,thumbs_up
0,0,0,-0.058742141,-0.292352975,0.001598736,-0.203685502,-0.570257994,-0.003225163,-0.33378475,-0.769245677,-0.009223475,-0.336247951,-0.941628448,-0.016528167,-0.449278094,-0.528307617,-0.009027764,-0.619652886,-0.417926921,-0.016223074,-0.563851208,-0.336540178,-0.026694434,-0.484911783,-0.317658017,-0.037436602,-0.495242271,-0.333577414,-0.024195937,-0.654920319,-0.20387769,-0.019204358,-0.581790313,-0.15614001,-0.024402733,-0.485907146,-0.161829904,-0.039216367,-0.509217227,-0.133731355,-0.035624,-0.640838697,-0.030375138,-0.042485634,-0.567567707,-0.008567978,-0.037140507,-0.471942841,-0.02219364,-0.042355948,-0.50301988,0.048744168,-0.045909975,-0.584348136,0.127249567,-0.057490647,-0.501967792,0.1501095,-0.042000457,-0.414641451,0.132406974,-0.028802563,thumbs_up
0,0,0,-0.059927853,-0.280823576,-0.007677261,-0.209094126,-0.563763312,-0.015983735,-0.346854031,-0.76043998,-0.025063763,-0.349267197,-0.936333357,-0.03594816,-0.434016017,-0.498874735,-0.005161122,-0.61336783,-0.414726448,-0.026365434,-0.562618199,-0.337224919,-0.048238264,-0.486601324,-0.317765368,-0.063900001,-0.478958167,-0.304114279,-0.016915277,-0.648724703,-0.212587753,-0.023433519,-0.587608619,-0.157767431,-0.032943524,-0.498418779,-0.152140884,-0.046003919,-0.497159293,-0.110187982,-0.028981329,-0.642581501,-0.045178694,-0.044564916,-0.585188479,-0.009477852,-0.039228155,-0.499759942,-0.008399512,-0.039661043,-0.495350188,0.065433794,-0.040799507,-0.598616046,0.119453794,-0.054810934,-0.532576548,0.155316503,-0.038303946,-0.455746489,0.149482478,-0.022311807,thumbs_up
0,0,0,-0.062556485,-0.290829004,0.004880242,-0.203855183,-0.564735725,-0.004099911,-0.342786774,-0.759042521,-0.015216531,-0.355544083,-0.934213777,-0.028862145,-0.417409961,-0.501331669,-0.021382706,-0.598138918,-0.444769874,-0.035514386,-0.540267132,-0.368199934,-0.047784356,-0.457711401,-0.343851257,-0.057149861,-0.467944162,-0.296812498,-0.038619272,-0.628401163,-0.240194509,-0.035689437,-0.564221204,-0.193788683,-0.035520143,-0.473981843,-0.180710261,-0.045173248,-0.488629763,-0.09412072,-0.052120632,-0.621094209,-0.061569376,-0.054928257,-0.556891672,-0.03238223,-0.040525028,-0.469053801,-0.024086505,-0.040442459,-0.490084309,0.090295766,-0.064210982,-0.576417038,0.112626813,-0.071676307,-0.502406186,0.144900561,-0.049597676,-0.42460302,0.148395422,-0.031971738,thumbs_up
0,0,0,-0.058923081,-0.29574858,0.007887413,-0.202882616,-0.574757174,0.000660394,-0.336833585,-0.771495196,-0.010088964,-0.345710877,-0.938035567,-0.023942935,-0.40664402,-0.506705055,-0.027512239,-0.596422548,-0.450297326,-0.046242657,-0.547183521,-0.371901296,-0.057166998,-0.464831519,-0.337740697,-0.064853381,-0.452025839,-0.305698384,-0.048307921,-0.627507336,-0.248797309,-0.049574181,-0.570620159,-0.197154694,-0.047402572,-0.482353749,-0.179912587,-0.05623791,-0.470402443,-0.102509699,-0.065252482,-0.613751371,-0.06006429,-0.072523581,-0.550279439,-0.030074737,-0.056766272,-0.459296739,-0.02680034,-0.056712808,-0.467907541,0.083265351,-0.080715525,-0.554868134,0.132259342,-0.091115331,-0.481941992,0.160230906,-0.071145204,-0.403485033,0.155208022,-0.056877297,thumbs_up
0,0,0,-0.064990368,-0.294527227,0.010431814,-0.209430278,-0.569873864,0.002099129,-0.341231068,-0.769101859,-0.008153788,-0.339889552,-0.940240765,-0.020552273,-0.402652241,-0.502207416,-0.048217879,-0.610420836,-0.442273118,-0.066157925,-0.560149486,-0.365113053,-0.069169272,-0.47722969,-0.335851829,-0.071298936,-0.437382268,-0.29800475,-0.069056316,-0.631445768,-0.239762692,-0.068981319,-0.572412804,-0.197480066,-0.05829216,-0.481104879,-0.19212011,-0.063888099,-0.446827943,-0.095123527,-0.084025547,-0.597875284,-0.047298233,-0.090821781,-0.534819508,-0.026434992,-0.067937656,-0.443469804,-0.032833369,-0.06472959,-0.438089406,0.08868374,-0.096744208,-0.534149882,0.137996435,-0.105023787,-0.461645481,0.159842989,-0.081082868,-0.381922293,0.152225166,-0.065550481,thumbs_up
0,0,0,-0.064631493,-0.292253253,0.012730423,-0.204643183,-0.57104629,0.001510183,-0.333747639,-0.771694281,-0.011524928,-0.329533679,-0.943760014,-0.026918215,-0.392595691,-0.513153078,-0.057082155,-0.594353178,-0.446878333,-0.074726549,-0.542988209,-0.372741747,-0.076157708,-0.4601374,-0.348068755,-0.078077936,-0.42982193,-0.310693964,-0.081355512,-0.622785451,-0.24144542,-0.076964222,-0.563439307,-0.198453998,-0.062187068,-0.475580165,-0.194999675,-0.067589934,-0.444147822,-0.105540535,-0.098643453,-0.598204568,-0.046588512,-0.09865158,-0.532725045,-0.022393604,-0.069822691,-0.444324662,-0.031604778,-0.066153335,-0.44156804,0.083579796,-0.113805016,-0.540121062,0.138417265,-0.116985614,-0.463825139,0.157011888,-0.088623702,-0.385141187,0.144883174,-0.07171343,thumbs_up
0,0,0,-0.063027338,-0.295912227,0.016403052,-0.207293061,-0.571062439,0.010760475,-0.336741114,-0.772746524,0.001208902,-0.338523526,-0.940878036,-0.012261471,-0.412431387,-0.510114526,-0.036675328,-0.597604578,-0.443832255,-0.049045802,-0.544603074,-0.363466412,-0.053024944,-0.460981244,-0.329861794,-0.056242141,-0.458173402,-0.308460954,-0.059019801,-0.617819957,-0.234789027,-0.049388139,-0.557741853,-0.188748753,-0.039744258,-0.468032335,-0.180260415,-0.046873068,-0.47562303,-0.102625699,-0.074836288,-0.602664184,-0.045552932,-0.070390032,-0.537357679,-0.021714409,-0.050241065,-0.446671422,-0.024984923,-0.051077774,-0.474693737,0.087803756,-0.088531084,-0.548143254,0.132401806,-0.089868812,-0.473141579,0.152257954,-0.066259732,-0.395109383,0.141608281,-0.051116615,thumbs_up
0,0,0,-0.077513087,-0.300297755,0.017168136,-0.225577621,-0.564033426,0.011860334,-0.352874474,-0.762619083,0.00357856,-0.353516971,-0.935388404,-0.00861883,-0.430589111,-0.500751966,-0.028194211,-0.605576954,-0.418173094,-0.033188219,-0.546838988,-0.343606867,-0.035598625,-0.462990539,-0.317170035,-0.039515344,-0.469606304,-0.297727658,-0.048718491,-0.628206123,-0.206570089,-0.029348651,-0.570772799,-0.159255566,-0.018190328,-0.484588457,-0.151246562,-0.027720254,-0.481339513,-0.092059913,-0.062600108,-0.613976344,-0.022654008,-0.050842856,-0.555646349,0.003195036,-0.029204795,-0.467219074,0.002584123,-0.031355251,-0.473592123,0.094784398,-0.074512043,-0.561771141,0.142463371,-0.070810662,-0.492614377,0.169532422,-0.042927491,-0.41624967,0.167940579,-0.025846339,thumbs_up
0,0,0,-0.06649616,-0.300998529,0.015795624,-0.21467226,-0.564384721,0.010975129,-0.343236553,-0.765608756,0.002918648,-0.342455575,-0.93949224,-0.008860631,-0.424401074,-0.506762212,-0.018285491,-0.604720244,-0.428002006,-0.023347501,-0.550821967,-0.34962941,-0.029276097,-0.471837619,-0.320803055,-0.03618326,-0.467072879,-0.30553318,-0.037403688,-0.627343419,-0.224005383,-0.016990781,-0.568459846,-0.176876384,-0.009709068,-0.48415229,-0.166094556,-0.021549863,-0.481489152,-0.102301349,-0.050822249,-0.608487034,-0.037727707,-0.038303232,-0.549672091,-0.012267849,-0.022377262,-0.464033428,-0.010613878,-0.028167646,-0.476035719,0.079045157,-0.062239308,-0.558695278,0.132535834,-0.056575465,-0.490298545,0.159497791,-0.032699695,-0.416155716,0.158596988,-0.018937139,thumbs_up
0,0,0,-0.054458159,-0.291012412,-0.001459914,-0.202468176,-0.561470413,-0.010096448,-0.333794928,-0.76257956,-0.018818249,-0.326648695,-0.944715334,-0.028523094,-0.40575317,-0.508980532,-0.020687625,-0.587626116,-0.46570254,-0.034370231,-0.536665054,-0.393877937,-0.045061107,-0.459320418,-0.357681205,-0.054000328,-0.447153263,-0.31320035,-0.032594977,-0.608997372,-0.270879329,-0.019668855,-0.552858679,-0.226769646,-0.015675154,-0.474615234,-0.204796552,-0.028077387,-0.45799602,-0.112005005,-0.042218994,-0.588928286,-0.079598376,-0.041434697,-0.534120858,-0.053500265,-0.023845612,-0.451568139,-0.038223579,-0.024608037,-0.444032929,0.067696003,-0.051162821,-0.539787043,0.109269034,-0.053483479,-0.47472043,0.134522101,-0.028893879,-0.401280322,0.140038879,-0.012930638,thumbs_up
0,0,0,-0.054043518,-0.283745372,-0.004522483,-0.205420617,-0.555218974,-0.017081493,-0.335851152,-0.761126942,-0.029332688,-0.330818366,-0.942622737,-0.044962038,-0.388146667,-0.500762401,-0.027618019,-0.583456221,-0.43540054,-0.053806616,-0.549595763,-0.343634612,-0.076359523,-0.478020751,-0.297724002,-0.091017426,-0.434368336,-0.319652394,-0.038252638,-0.61897624,-0.251191814,-0.036354174,-0.582660997,-0.191366827,-0.039423338,-0.5118794,-0.165674402,-0.054477557,-0.456444617,-0.134153425,-0.047517894,-0.61682185,-0.095063886,-0.053923206,-0.580474669,-0.051334313,-0.043306553,-0.50717911,-0.031079413,-0.0466908,-0.459336107,0.033727498,-0.056146364,-0.575823081,0.078643644,-0.065275292,-0.524106193,0.113663328,-0.047617608,-0.455580496,0.119430217,-0.035265299,thumbs_up
0,0,0,-0.057589173,-0.278920501,-0.009185507,-0.204407836,-0.55814233,-0.021376095,-0.328532323,-0.76868572,-0.033638313,-0.32052054,-0.945937742,-0.049682713,-0.397494708,-0.507073376,-0.016688564,-0.589152412,-0.4298992,-0.045198341,-0.558674259,-0.334653678,-0.074026739,-0.490405213,-0.292090661,-0.093499649,-0.444185853,-0.332788142,-0.02771357,-0.632311423,-0.259260823,-0.030895038,-0.603797522,-0.192110079,-0.041084164,-0.534540168,-0.161295016,-0.059693065,-0.462610667,-0.156566754,-0.039139149,-0.636857248,-0.118252923,-0.054318882,-0.610920617,-0.058833193,-0.049346535,-0.539877171,-0.029193616,-0.053282553,-0.458537969,0.001247529,-0.050331968,-0.600041778,0.046871524,-0.066257441,-0.566349433,0.103677333,-0.050706003,-0.503100984,0.123347866,-0.0378856,thumbs_up
0,0,0,-0.056144046,-0.286652398,-0.006955817,-0.202900179,-0.557919269,-0.013334932,-0.321769743,-0.767712426,-0.019750497,-0.327621661,-0.944346229,-0.029567679,-0.431680017,-0.473636953,-0.004318543,-0.603652415,-0.394154265,-0.016784913,-0.572839086,-0.310672536,-0.038589348,-0.514004429,-0.268746648,-0.056043941,-0.474888558,-0.294228419,-0.012666971,-0.635070911,-0.218751646,-0.00294041,-0.600395303,-0.166228975,-0.01450648,-0.533966037,-0.137708799,-0.036810961,-0.484935109,-0.11752055,-0.020068399,-0.629778878,-0.076900714,-0.021345239,-0.598469707,-0.038574375,-0.020529046,-0.528855448,-0.01345257,-0.031038592,-0.472427594,0.035076445,-0.027584703,-0.588475856,0.077669108,-0.033968765,-0.545119439,0.113289283,-0.018988289,-0.478746855,0.122694465,-0.008828107,thumbs_up
0,0,0,-0.053310493,-0.274863759,-0.022358239,-0.197855322,-0.552645702,-0.040871211,-0.320283101,-0.765427553,-0.056089448,-0.315752949,-0.945998245,-0.073398881,-0.388368629,-0.458915594,-0.038581711,-0.59242125,-0.416620943,-0.067410197,-0.563878057,-0.341095372,-0.091641569,-0.500599959,-0.305577122,-0.107213832,-0.440888868,-0.279869899,-0.041136349,-0.635609712,-0.243219982,-0.048123134,-0.606031361,-0.195666407,-0.057292176,-0.537346743,-0.169670019,-0.074028243,-0.463081775,-0.107667175,-0.044205864,-0.643714336,-0.100247091,-0.059120893,-0.621482394,-0.058109131,-0.057115923,-0.555785653,-0.027023337,-0.062915431,-0.466253904,0.040951225,-0.047549951,-0.609625903,0.068193066,-0.062762589,-0.577083781,0.106719732,-0.052008226,-0.513681225,0.122032514,-0.043219971,thumbs_up
0,0,0,-0.039856067,-0.289819491,-0.011555321,-0.179264245,-0.566078939,-0.023419184,-0.303201932,-0.774451383,-0.033887277,-0.300865791,-0.952488663,-0.047382728,-0.39152291,-0.490716949,-0.019900469,-0.573062393,-0.448231532,-0.036877921,-0.543413985,-0.373358262,-0.05699838,-0.483642399,-0.3333417,-0.071659308,-0.439693407,-0.311506375,-0.024477029,-0.603367994,-0.268039157,-0.016124325,-0.564959258,-0.224767679,-0.02278906,-0.497458683,-0.198402429,-0.04085704,-0.455235421,-0.136372596,-0.027860025,-0.596831213,-0.113620333,-0.025845232,-0.55882363,-0.086237692,-0.022376165,-0.490005338,-0.065649135,-0.031620022,-0.450087507,0.014941476,-0.03133844,-0.559954418,0.047477886,-0.031989467,-0.511711538,0.072930906,-0.016512172,-0.444142453,0.080741349,-0.007065571,thumbs_up
0,0,0,-0.053189901,-0.280950468,-0.005410292,-0.206422263,-0.551521635,-0.018077856,-0.333734042,-0.765945148,-0.032029658,-0.32709296,-0.943650066,-0.050346289,-0.391247052,-0.485258759,-0.017477183,-0.590064267,-0.437183871,-0.043319932,-0.579901601,-0.350128031,-0.069875168,-0.531039747,-0.302063964,-0.08742474,-0.438861615,-0.311460248,-0.027688836,-0.626480265,-0.265503348,-0.027102237,-0.606705321,-0.211649623,-0.035821604,-0.547065007,-0.179257819,-0.054249247,-0.45835488,-0.13859533,-0.037236961,-0.629453163,-0.122885246,-0.043723706,-0.605468378,-0.078540823,-0.040698675,-0.539630155,-0.048042423,-0.04881484,-0.457823821,0.016785924,-0.046177134,-0.587027106,0.052952598,-0.054970305,-0.547404422,0.084295114,-0.042657628,-0.478867225,0.093443831,-0.034419901,thumbs_up
0,0,0,-0.055613355,-0.287803948,-0.002335785,-0.202322661,-0.565054479,-0.014181425,-0.326187415,-0.773632,-0.026220238,-0.326535308,-0.944276606,-0.041429275,-0.393615961,-0.492377619,-0.035674299,-0.588804338,-0.435560318,-0.0589128,-0.55431461,-0.355115802,-0.077596632,-0.488949803,-0.321017952,-0.090790842,-0.442195998,-0.31635714,-0.047649542,-0.625229673,-0.259107799,-0.047401356,-0.579931518,-0.209921421,-0.045947634,-0.500841715,-0.195812847,-0.057929871,-0.46298066,-0.137707617,-0.057051235,-0.629036425,-0.114897631,-0.066532201,-0.579563667,-0.078780681,-0.053421221,-0.495889309,-0.065575503,-0.054603447,-0.465022257,0.025226615,-0.065191728,-0.584926599,0.05465306,-0.07884614,-0.525506027,0.079482255,-0.062604259,-0.446380648,0.077534689,-0.050697549,thumbs_up
0,0,0,-0.057103134,-0.287478269,-0.004908867,-0.193221378,-0.562798151,-0.020876363,-0.312324313,-0.772809487,-0.036011595,-0.312103418,-0.948530315,-0.053681442,-0.395157824,-0.489257578,-0.040020841,-0.599899231,-0.447161561,-0.062124048,-0.569264867,-0.373826146,-0.07868794,-0.50349804,-0.334952146,-0.089643596,-0.438409059,-0.301555634,-0.050772286,-0.628474288,-0.267058117,-0.049733755,-0.58947717,-0.228933588,-0.049981492,-0.514854655,-0.211547074,-0.063836074,-0.454331056,-0.120680735,-0.05829391,-0.620804711,-0.114519385,-0.064289689,-0.579638821,-0.090526259,-0.051337542,-0.503184806,-0.077273694,-0.053571862,-0.453496942,0.038407909,-0.064699775,-0.585852414,0.043837145,-0.072368115,-0.533186715,0.068014602,-0.05067887,-0.459165124,0.07481804,-0.035885215,thumbs_up
0,0,0,-0.059715328,-0.276200675,-0.011385733,-0.20978979,-0.553685246,-0.024847285,-0.333826018,-0.765614697,-0.038032408,-0.327300537,-0.943317095,-0.055020139,-0.39829864,-0.488962702,-0.024362211,-0.596352083,-0.430650625,-0.053395102,-0.572707883,-0.336435628,-0.079635009,-0.511429448,-0.288303387,-0.096925275,-0.446431156,-0.312538924,-0.034163263,-0.635800828,-0.256121148,-0.039326302,-0.609391807,-0.18771573,-0.04880491,-0.542913468,-0.1524974,-0.066254982,-0.468673369,-0.13485433,-0.044381091,-0.6400671,-0.110586041,-0.058382871,-0.619330733,-0.052547295,-0.052988469,-0.554895863,-0.017158614,-0.057059747,-0.470182348,0.023314544,-0.054495318,-0.604515239,0.056717483,-0.068861432,-0.574102754,0.108691081,-0.054436571,-0.516462381,0.128655978,-0.043116216,thumbs_up
0,0,0,-0.057018425,-0.281484088,-0.008775099,-0.207719879,-0.560265375,-0.020703299,-0.334275518,-0.766603524,-0.033523156,-0.330720249,-0.942425204,-0.049586816,-0.409412099,-0.495305705,-0.020658367,-0.596044841,-0.439569337,-0.049126636,-0.5587745,-0.357087522,-0.075349592,-0.486095312,-0.320599772,-0.092871567,-0.455831354,-0.310200794,-0.032863741,-0.63202619,-0.252112738,-0.037811812,-0.594366513,-0.194154912,-0.047794597,-0.516451643,-0.16990762,-0.064996548,-0.47093134,-0.124697753,-0.045063926,-0.630451539,-0.091948325,-0.06088998,-0.595032432,-0.045568985,-0.057842001,-0.514910621,-0.023995403,-0.06252055,-0.463360093,0.041570202,-0.056779382,-0.58802309,0.089722921,-0.073604367,-0.543031738,0.129042349,-0.061233855,-0.469091381,0.137115459,-0.050300066,thumbs_up
0,0,0,-0.062756802,-0.288924321,-0.002923745,-0.207632146,-0.561238752,-0.014798382,-0.331680526,-0.766659855,-0.027176456,-0.334022411,-0.941620593,-0.042186342,-0.42730782,-0.498521462,-0.019391799,-0.60174172,-0.436498006,-0.03790609,-0.553662185,-0.355916486,-0.058286846,-0.478914633,-0.320139593,-0.073436388,-0.474437173,-0.309637039,-0.031462301,-0.634157851,-0.246110428,-0.026652553,-0.58220796,-0.194417027,-0.033011293,-0.500211002,-0.172736035,-0.050336106,-0.490063662,-0.12101825,-0.041166784,-0.635297015,-0.086804909,-0.046387894,-0.587982829,-0.050200632,-0.039060148,-0.505394656,-0.030720128,-0.043735017,-0.484151572,0.045353282,-0.049910532,-0.601507301,0.081986008,-0.058841289,-0.547026431,0.117132174,-0.040590153,-0.472153766,0.125062826,-0.026544182,thumbs_up
0,0,0,-0.066169707,-0.287654402,-0.005762775,-0.211501259,-0.55942148,-0.016574015,-0.336880412,-0.764383371,-0.027913183,-0.335954558,-0.940945084,-0.041915196,-0.426609369,-0.501758166,-0.018556917,-0.608324232,-0.421374349,-0.03838548,-0.572894506,-0.330899551,-0.05699993,-0.504264132,-0.291270543,-0.070946194,-0.467480113,-0.312636527,-0.031206247,-0.639876553,-0.229806289,-0.029912565,-0.600892624,-0.167073666,-0.036825364,-0.524385424,-0.144197644,-0.054258689,-0.47620813,-0.123685723,-0.04246554,-0.632394354,-0.071010185,-0.054156052,-0.596240184,-0.022791224,-0.049729092,-0.517955122,-0.003571433,-0.055331624,-0.462069754,0.044157883,-0.052926507,-0.583987384,0.098612832,-0.066271949,-0.53766878,0.138943762,-0.051287628,-0.465268998,0.14336723,-0.039626895,thumbs_up
0,0,0,-0.060677742,-0.282603344,-0.006818429,-0.209998714,-0.554838208,-0.018427699,-0.337290031,-0.76448882,-0.029153975,-0.334192498,-0.94151275,-0.043233273,-0.415349368,-0.493435757,-0.027790162,-0.613539323,-0.410572419,-0.04892499,-0.582804785,-0.315565999,-0.067017366,-0.514649934,-0.281424897,-0.080449662,-0.457880563,-0.302722577,-0.037879055,-0.648769499,-0.224277131,-0.036558377,-0.615311046,-0.158389941,-0.040346911,-0.541797763,-0.137211648,-0.055917749,-0.471760073,-0.113856101,-0.04616292,-0.642055831,-0.067320733,-0.058153394,-0.609848989,-0.014688113,-0.053234418,-0.533898885,0.005597457,-0.058694602,-0.462794002,0.051926692,-0.053175395,-0.592709327,0.107653546,-0.067382822,-0.550798124,0.154291645,-0.05342531,-0.480554496,0.164647718,-0.04261452,thumbs_up
0,0,0,-0.067526628,-0.243408847,-0.024426839,-0.223574186,-0.534117489,-0.047006635,-0.349444241,-0.753593155,-0.063748388,-0.347651242,-0.933453864,-0.088331742,-0.376855494,-0.486624232,-0.096309531,-0.62788871,-0.379074408,-0.139064378,-0.640950108,-0.270650152,-0.155690751,-0.607628563,-0.217052151,-0.165970527,-0.400291685,-0.315884003,-0.107201372,-0.668234797,-0.215248011,-0.13892267,-0.671542145,-0.105842415,-0.142633544,-0.628512023,-0.04697511,-0.153478707,-0.40526378,-0.136851396,-0.11597589,-0.662720828,-0.075132839,-0.162241295,-0.661522755,0.028086707,-0.154133554,-0.61080699,0.077879969,-0.15116475,-0.393421183,0.030675726,-0.122920962,-0.587605797,0.092887576,-0.171615854,-0.574062647,0.170182126,-0.167187534,-0.526816037,0.196605773,-0.159532287,thumbs_up
0,0,0,-0.066331955,-0.247322036,-0.030277432,-0.225113274,-0.536923674,-0.060145481,-0.353977214,-0.75059514,-0.083874402,-0.343495847,-0.932750158,-0.109488565,-0.337627596,-0.507109976,-0.109451285,-0.623040544,-0.400733514,-0.153273719,-0.576181293,-0.307133578,-0.156688794,-0.491210676,-0.304442282,-0.15772045,-0.351441229,-0.339715083,-0.122012697,-0.652404704,-0.229448453,-0.158949784,-0.591340887,-0.151119806,-0.147759302,-0.505001434,-0.140853033,-0.146235104,-0.357494147,-0.155020801,-0.133563897,-0.636823625,-0.083233334,-0.187389052,-0.581750295,-0.004431468,-0.163743597,-0.497942143,0.008547421,-0.147426091,-0.356199767,0.027394717,-0.143841991,-0.562724735,0.084027586,-0.198541837,-0.50158459,0.131142653,-0.189106478,-0.414333439,0.130926966,-0.175505916,thumbs_up
0,0,0,-0.083588278,-0.240246027,-0.040278013,-0.222678495,-0.512176683,-0.079746775,-0.337853453,-0.727198094,-0.108839666,-0.352943746,-0.924460825,-0.144232089,-0.295550673,-0.532250178,-0.138225982,-0.604262261,-0.432350096,-0.178001653,-0.633615827,-0.320542057,-0.173266393,-0.597204458,-0.274069034,-0.168268363,-0.283603146,-0.388621668,-0.140947057,-0.605538543,-0.29066081,-0.175414,-0.634927187,-0.167811263,-0.168622714,-0.618002578,-0.114277039,-0.173920478,-0.282524087,-0.214183545,-0.140733936,-0.564316194,-0.13654459,-0.186902256,-0.610816428,-0.022281704,-0.186100504,-0.607149566,0.022173886,-0.192436347,-0.282510028,-0.036688361,-0.138548841,-0.473723673,0.04370571,-0.188076213,-0.502494136,0.119700775,-0.19905222,-0.500863514,0.151279355,-0.20607015,thumbs_up
0,0,0,-0.119745844,-0.221114,-0.108356358,-0.197742068,-0.500120788,-0.180848814,-0.240628047,-0.724538389,-0.235775441,-0.228599191,-0.930189342,-0.287211069,-0.049139904,-0.449956157,-0.221499821,-0.41667528,-0.323862349,-0.290027727,-0.508672089,-0.169508919,-0.313486862,-0.485625145,-0.114204214,-0.334991079,-0.000744137,-0.254646102,-0.221749808,-0.440441913,-0.16661373,-0.289872337,-0.485698699,-0.054995453,-0.299183923,-0.440344363,-0.010620538,-0.32227194,0.008098657,-0.065786723,-0.223339576,-0.404575389,-0.010727917,-0.304498962,-0.446241789,0.075948339,-0.279100828,-0.402024763,0.103368753,-0.267506361,-0.006771038,0.121264391,-0.232149041,-0.317255291,0.139013333,-0.312012196,-0.376736279,0.174734069,-0.301383708,-0.374251651,0.188325952,-0.290302328,thumbs_up
0,0,0,-0.076836856,-0.227931612,-0.045792729,-0.166452592,-0.519193026,-0.088633471,-0.214701124,-0.768658588,-0.12887655,-0.195693673,-0.964065021,-0.179673651,-0.12451812,-0.484595864,-0.135130147,-0.199455342,-0.643576157,-0.217343796,-0.264014401,-0.743982934,-0.267170776,-0.306949668,-0.820159052,-0.304538692,-0.131046553,-0.3448216,-0.158750626,-0.32775648,-0.413691949,-0.244782679,-0.443532031,-0.39207751,-0.278835773,-0.509547772,-0.378994489,-0.30559459,-0.151152213,-0.184398857,-0.18362279,-0.353918867,-0.245295824,-0.272621554,-0.452006401,-0.216337488,-0.275971885,-0.498032887,-0.215273921,-0.275698637,-0.177532122,-0.031403674,-0.208895655,-0.355997209,-0.05125717,-0.288531537,-0.426671523,-0.0372831,-0.294440004,-0.451464136,-0.042277342,-0.291598546,thumbs_up
0,0,0,-0.011412686,-0.21374239,-0.035837023,-0.104840284,-0.506268288,-0.07139779,-0.179361281,-0.750186731,-0.102981281,-0.153864164,-0.944143068,-0.143789087,-0.121225667,-0.50826405,-0.120626324,-0.208044446,-0.734543026,-0.183550997,-0.232574991,-0.855368675,-0.212295622,-0.225053701,-0.946605328,-0.230844506,-0.19394324,-0.378265323,-0.13702227,-0.415025041,-0.5127304,-0.196293666,-0.504092731,-0.475244208,-0.209697671,-0.533264355,-0.453372751,-0.218444352,-0.261716648,-0.215895594,-0.152782033,-0.467640286,-0.315933376,-0.2175873,-0.52298568,-0.266798888,-0.208533716,-0.525592888,-0.247252239,-0.19745533,-0.311480967,-0.05210138,-0.167424977,-0.46861343,-0.108621721,-0.222033033,-0.500465313,-0.071209576,-0.212971142,-0.495472301,-0.05077223,-0.197747077,thumbs_up
0,0,0,-0.019729474,-0.269619212,-0.034645033,-0.136466338,-0.579458862,-0.076991451,-0.219784529,-0.800006875,-0.111926176,-0.190209724,-0.968835322,-0.158676968,-0.272139695,-0.491221466,-0.13922463,-0.556641543,-0.493241532,-0.1922331,-0.683341392,-0.479018196,-0.222908255,-0.762701181,-0.495597993,-0.245391689,-0.313344799,-0.301863761,-0.151770937,-0.583269621,-0.33143507,-0.188703312,-0.679063794,-0.333576121,-0.20101166,-0.720961049,-0.331581398,-0.221281793,-0.335430816,-0.122871726,-0.159532319,-0.562615364,-0.171690628,-0.199896949,-0.606050804,-0.168884951,-0.194850728,-0.600845137,-0.171100621,-0.196536498,-0.348122102,0.027743469,-0.166314126,-0.525618072,-0.012039766,-0.197741655,-0.524545129,-0.000484226,-0.180714706,-0.491505441,0.005249241,-0.168702887,thumbs_up
0,0,0,-0.045355695,-0.27703785,-0.029081699,-0.160366482,-0.585926791,-0.058275795,-0.247274877,-0.806589364,-0.081769722,-0.215221597,-0.97088533,-0.105172911,-0.235320879,-0.523956663,-0.101290338,-0.525847113,-0.510155637,-0.150142005,-0.478950969,-0.415710942,-0.165030817,-0.386649539,-0.392481198,-0.172452475,-0.272970366,-0.338913744,-0.11274871,-0.558326653,-0.323780891,-0.148075477,-0.493858181,-0.259271019,-0.140476758,-0.401079253,-0.241597783,-0.1430888,-0.303933201,-0.152324259,-0.12339311,-0.547142614,-0.149326426,-0.165170386,-0.491514429,-0.09371603,-0.1370593,-0.403802692,-0.08178926,-0.120836893,-0.324091406,0.017833412,-0.134050153,-0.516146914,0.020249674,-0.168052606,-0.467077006,0.064082416,-0.144648806,-0.387909147,0.08838011,-0.12426746,thumbs_up
0,0,0,-0.048595197,-0.278336618,-0.023758728,-0.154336775,-0.574715957,-0.062478761,-0.236714392,-0.785471745,-0.095107699,-0.215586652,-0.967129,-0.134847665,-0.272349064,-0.483044536,-0.125943151,-0.552594237,-0.467927793,-0.172655811,-0.585510562,-0.416891417,-0.190007637,-0.570179529,-0.403060416,-0.199005697,-0.301638158,-0.298123478,-0.140219789,-0.586426588,-0.304762951,-0.167950542,-0.636052039,-0.270162745,-0.170161058,-0.629372566,-0.242992029,-0.18401674,-0.319286725,-0.114309721,-0.150439676,-0.559579299,-0.123147859,-0.180797947,-0.609358754,-0.108864834,-0.172633733,-0.598710954,-0.105417639,-0.175711013,-0.319393586,0.044653188,-0.15860968,-0.512972945,0.033778551,-0.179987743,-0.548928569,0.044182045,-0.164719501,-0.549990973,0.050019891,-0.156516238,thumbs_up
0,0,0,-0.056984136,-0.292649926,-0.018098591,-0.165510546,-0.590345813,-0.048314653,-0.248375873,-0.798016371,-0.073867809,-0.240907988,-0.965157773,-0.102146043,-0.298055919,-0.512223707,-0.120500956,-0.568693655,-0.469751161,-0.164599538,-0.531951296,-0.401546162,-0.173368607,-0.463726557,-0.396796209,-0.177738452,-0.320215716,-0.31473566,-0.139600494,-0.594040612,-0.289465336,-0.177057102,-0.529445913,-0.240943979,-0.168305172,-0.437954655,-0.2271882,-0.16883258,-0.333744042,-0.121444236,-0.154156552,-0.565986221,-0.110922136,-0.1964786,-0.504831262,-0.086612552,-0.168194582,-0.41896179,-0.082517414,-0.150313106,-0.343331355,0.053921474,-0.166852938,-0.52925188,0.047460358,-0.19939918,-0.482505527,0.065334534,-0.173301078,-0.414822673,0.07621789,-0.150922643,thumbs_up
0,0,0,-0.056905442,-0.288638744,-0.013130931,-0.174224652,-0.583225987,-0.048579625,-0.249055271,-0.802126998,-0.08007745,-0.226352684,-0.967346786,-0.114037972,-0.297084293,-0.470889343,-0.13868383,-0.563329466,-0.437505197,-0.183934019,-0.51429945,-0.383781268,-0.195414252,-0.440523206,-0.381023772,-0.201216382,-0.323722452,-0.262590479,-0.159307504,-0.583518661,-0.257551302,-0.19330896,-0.514259282,-0.235519801,-0.181069563,-0.417307764,-0.225648251,-0.181742478,-0.339801368,-0.06718203,-0.173157643,-0.538109827,-0.0793375,-0.202648446,-0.468818486,-0.07747707,-0.167081605,-0.382577425,-0.074282112,-0.149360545,-0.35246152,0.100823987,-0.185490622,-0.501066834,0.060694842,-0.203268671,-0.435189709,0.058672687,-0.169273937,-0.361986818,0.068160552,-0.145577044,thumbs_up
0,0,0,-0.064606855,-0.291975733,-0.012369892,-0.184356604,-0.584316989,-0.044821376,-0.268637325,-0.795877068,-0.074510571,-0.252073838,-0.961899079,-0.105872291,-0.32380456,-0.473512781,-0.123047467,-0.558307167,-0.42046385,-0.172825368,-0.490775002,-0.375059584,-0.189246066,-0.4073101,-0.377738274,-0.197335396,-0.343513118,-0.265327747,-0.14560028,-0.581042942,-0.236313439,-0.182076124,-0.504203246,-0.221366832,-0.172855199,-0.406879039,-0.220316563,-0.174833703,-0.349232454,-0.070251491,-0.163092265,-0.537720959,-0.059625142,-0.197167916,-0.46279082,-0.060487823,-0.163921688,-0.374970546,-0.064383106,-0.146259391,-0.34966834,0.103132405,-0.179331023,-0.494496407,0.082861152,-0.199904029,-0.42304371,0.079034133,-0.166838709,-0.345188401,0.08103759,-0.142349306,thumbs_up
0,0,0,-0.070035497,-0.285990772,-0.0069279,-0.207818188,-0.572029406,-0.035547963,-0.302837866,-0.784162912,-0.063574777,-0.286786124,-0.953179242,-0.095932535,-0.345266443,-0.471773401,-0.111806004,-0.577890792,-0.393679811,-0.159168075,-0.518074309,-0.33144284,-0.177058533,-0.437957982,-0.332453346,-0.18688036,-0.371240725,-0.267098135,-0.136991236,-0.59830774,-0.217267507,-0.166022168,-0.532466406,-0.177624911,-0.157049669,-0.441483875,-0.16945039,-0.160726126,-0.37810879,-0.066160015,-0.157242834,-0.558363118,-0.035759762,-0.184535659,-0.488471245,-0.018307189,-0.150757862,-0.401929652,-0.020275238,-0.134993471,-0.375448766,0.115459808,-0.176123703,-0.524614616,0.116598297,-0.191547724,-0.460265785,0.124792623,-0.156078801,-0.385767706,0.127491807,-0.13096901,thumbs_up
0,0,0,-0.074117227,-0.284984738,-0.007935437,-0.210906617,-0.572558457,-0.038542377,-0.305018958,-0.782362071,-0.068564125,-0.291751913,-0.95115554,-0.100915612,-0.369309252,-0.472326299,-0.107111114,-0.596603581,-0.379841454,-0.156576923,-0.520939169,-0.324649076,-0.176899302,-0.432912483,-0.331203262,-0.187968433,-0.392006396,-0.263479373,-0.132803691,-0.604014368,-0.204121612,-0.165120519,-0.526442944,-0.172981477,-0.158971953,-0.434271252,-0.173400262,-0.163841069,-0.395201605,-0.061736674,-0.153910001,-0.563374386,-0.025268294,-0.184354907,-0.491412295,-0.012179401,-0.150733297,-0.406353894,-0.017892868,-0.134049551,-0.391539588,0.122302846,-0.173974956,-0.528648874,0.116025853,-0.19272214,-0.455860074,0.124760572,-0.156709507,-0.378546364,0.127052881,-0.129689318,thumbs_up
0,0,0,-0.058459408,-0.286940466,-0.008612948,-0.192295087,-0.578935103,-0.037674181,-0.284501388,-0.788757079,-0.066896432,-0.263108252,-0.95964528,-0.099272277,-0.340364819,-0.475640682,-0.094730779,-0.565755306,-0.408348937,-0.149549805,-0.493195584,-0.354872014,-0.180011794,-0.406867801,-0.359898393,-0.197131472,-0.373345081,-0.272811992,-0.119478888,-0.587778909,-0.23231319,-0.153419103,-0.510869226,-0.198953987,-0.153578604,-0.42056072,-0.190733148,-0.161104221,-0.38579861,-0.072548694,-0.141312349,-0.560980709,-0.044598928,-0.171299357,-0.492898253,-0.02912791,-0.141659482,-0.410177032,-0.02897851,-0.125890188,-0.391360756,0.110194626,-0.162451654,-0.547004613,0.104618878,-0.174322617,-0.497070507,0.114814713,-0.138165715,-0.434819846,0.123019671,-0.111988112,thumbs_up
0,0,0,-0.057156336,-0.294322967,-0.007387261,-0.183912988,-0.582314196,-0.033994464,-0.274311089,-0.793255211,-0.060189372,-0.261376484,-0.961101438,-0.089254465,-0.352867815,-0.483016206,-0.091808345,-0.548264213,-0.424780735,-0.136358806,-0.469986833,-0.370189363,-0.158517055,-0.383034512,-0.367201839,-0.17146772,-0.383042516,-0.277217019,-0.115000638,-0.58541377,-0.239736412,-0.143884039,-0.505088328,-0.212432368,-0.141102651,-0.411882606,-0.20064121,-0.147370635,-0.389794972,-0.078733937,-0.134508301,-0.56133155,-0.054338941,-0.161130182,-0.486097506,-0.046965748,-0.132197343,-0.399101272,-0.043375195,-0.117697449,-0.386076432,0.099649297,-0.152775544,-0.542740481,0.093360765,-0.163304672,-0.486121304,0.099686411,-0.127382714,-0.41821746,0.105693474,-0.101600976,thumbs_up
0,0,0,-0.054259318,-0.292267535,-0.008427508,-0.185131039,-0.583569361,-0.035027907,-0.268769572,-0.796472878,-0.062156056,-0.253117044,-0.963094392,-0.091547549,-0.351031197,-0.506088578,-0.083336154,-0.557502463,-0.449984984,-0.135019292,-0.482306685,-0.391227516,-0.165123994,-0.39851328,-0.393369696,-0.182684794,-0.382548738,-0.305548193,-0.107683869,-0.571658247,-0.262415652,-0.140852277,-0.490697816,-0.230995233,-0.141488153,-0.400887835,-0.227813283,-0.148398121,-0.393437839,-0.108389232,-0.129721964,-0.550770795,-0.084698059,-0.161574189,-0.478715461,-0.067874635,-0.133680473,-0.395250865,-0.06595671,-0.118152513,-0.398499582,0.072338507,-0.151238322,-0.530464144,0.066216893,-0.170102571,-0.458667136,0.079226079,-0.136591313,-0.381544828,0.082133529,-0.109455906,thumbs_up
0,0,0,-0.044420171,-0.284569889,-0.01324463,-0.162166622,-0.5801009,-0.04206447,-0.245936406,-0.799053611,-0.069423081,-0.226880582,-0.968981886,-0.097976046,-0.330128634,-0.510816599,-0.103075768,-0.555927882,-0.47368499,-0.154188666,-0.492194777,-0.408173186,-0.174470507,-0.412997306,-0.401906812,-0.18651723,-0.357543679,-0.312162708,-0.126660914,-0.564901327,-0.276246222,-0.163623646,-0.484841156,-0.243911881,-0.159390091,-0.393703067,-0.242966785,-0.16433947,-0.364740736,-0.110042243,-0.146871722,-0.532141346,-0.086821119,-0.184341715,-0.459317118,-0.068347771,-0.151120301,-0.375621707,-0.068973484,-0.13282211,-0.366331599,0.076169181,-0.166278031,-0.501467006,0.079630181,-0.191049246,-0.430187889,0.089308334,-0.158278965,-0.354108445,0.087607543,-0.132484151,thumbs_up
0,0,0,-0.056136294,-0.289394268,-0.011937242,-0.183743582,-0.567946547,-0.042484914,-0.278708251,-0.782829848,-0.071015774,-0.259119358,-0.96035254,-0.102859887,-0.340212359,-0.475971965,-0.106831033,-0.537068543,-0.433753521,-0.148410211,-0.475226553,-0.368246779,-0.162016443,-0.398068596,-0.356394028,-0.170870136,-0.377179161,-0.278948076,-0.127989086,-0.570409981,-0.252599357,-0.153509552,-0.501723421,-0.210366777,-0.144189145,-0.413478435,-0.200561352,-0.14675537,-0.392608077,-0.08086292,-0.144310704,-0.546758482,-0.059711703,-0.168854975,-0.48062854,-0.039328336,-0.136065708,-0.397593613,-0.041999274,-0.121277654,-0.398019807,0.102688939,-0.159871918,-0.523034521,0.121380291,-0.175941017,-0.456740991,0.132339894,-0.143095225,-0.383534819,0.12820709,-0.119373005,thumbs_up
0,0,0,-0.072286969,-0.290392575,-0.003775799,-0.205092388,-0.578376124,-0.022717266,-0.301319215,-0.79013454,-0.042288721,-0.285838735,-0.955997918,-0.066062082,-0.351194716,-0.500757804,-0.075416922,-0.581625052,-0.446016914,-0.118675351,-0.530243979,-0.355060681,-0.141009247,-0.449404589,-0.332230249,-0.155819103,-0.378032175,-0.312714065,-0.099316331,-0.609387693,-0.253972483,-0.121579857,-0.550984564,-0.188425717,-0.117255039,-0.462723022,-0.171722061,-0.125136836,-0.387338949,-0.119209288,-0.120289394,-0.581543044,-0.065628638,-0.146451963,-0.530186015,-0.018930819,-0.117824457,-0.445942603,-0.010015764,-0.106235671,-0.386247232,0.059014308,-0.140519803,-0.537224485,0.106281143,-0.158808758,-0.489337071,0.140029702,-0.129170035,-0.420197474,0.142737608,-0.108172153,thumbs_up
0,0,0,-0.084061444,-0.286843338,-0.010949301,-0.222126122,-0.564081266,-0.038385079,-0.324123787,-0.768504068,-0.065488543,-0.31767929,-0.943213015,-0.097103437,-0.390435494,-0.469193907,-0.090356372,-0.619871658,-0.347215428,-0.140841652,-0.566376158,-0.274735756,-0.165614578,-0.485822023,-0.271276835,-0.180012228,-0.400615307,-0.267623954,-0.113849201,-0.62999119,-0.165119711,-0.146126342,-0.563257448,-0.118884778,-0.144563487,-0.472689935,-0.121261223,-0.152959777,-0.394232791,-0.069968258,-0.134464835,-0.584640798,0.007990668,-0.171367899,-0.521312322,0.033695529,-0.145902242,-0.43524774,0.025153293,-0.133837253,-0.383091607,0.113712436,-0.154195708,-0.534079326,0.157754689,-0.182086962,-0.467103508,0.169922348,-0.153995224,-0.386628411,0.157785679,-0.131891287,thumbs_up
0,0,0,-0.10373665,-0.272096092,-0.0094164,-0.257857102,-0.554846428,-0.03574141,-0.358652725,-0.759072506,-0.061983215,-0.354501704,-0.930378309,-0.093406341,-0.40957674,-0.465399069,-0.102196456,-0.661811193,-0.32121872,-0.15115488,-0.609744904,-0.242720525,-0.169989196,-0.527538134,-0.244444535,-0.181320394,-0.407988306,-0.280677931,-0.128340474,-0.681365759,-0.13476898,-0.163388173,-0.608273952,-0.084246969,-0.157836013,-0.514433721,-0.09392949,-0.163247702,-0.390290626,-0.082909973,-0.150875946,-0.640714949,0.031735735,-0.190201694,-0.564889362,0.05899123,-0.16079738,-0.472827223,0.04557792,-0.146028068,-0.368415728,0.110994861,-0.172162827,-0.565982617,0.180767134,-0.206204041,-0.494198435,0.187358941,-0.179671295,-0.407096255,0.168265997,-0.158101562,thumbs_up
0,0,0,-0.105272547,-0.269876542,-0.016008987,-0.248259574,-0.555558353,-0.050760331,-0.342021803,-0.755752653,-0.080991633,-0.346878691,-0.930254087,-0.119593093,-0.374817317,-0.489115688,-0.147444034,-0.677520982,-0.367830029,-0.194449795,-0.67491989,-0.280469525,-0.199494061,-0.620302565,-0.263525392,-0.200638367,-0.370051836,-0.301174112,-0.169954939,-0.701755857,-0.167450633,-0.204060514,-0.699523035,-0.094471852,-0.193567346,-0.646608563,-0.07789739,-0.19843704,-0.355011328,-0.094468071,-0.186715963,-0.66478766,0.001326437,-0.228308586,-0.671294121,0.054925113,-0.208246786,-0.621497511,0.066210252,-0.200931767,-0.332892906,0.100917635,-0.20044923,-0.578347293,0.156884762,-0.242127231,-0.595243523,0.18589196,-0.229533139,-0.574158577,0.192809609,-0.218529554,thumbs_up
0,0,0,-0.081299823,-0.273983202,-0.075951051,-0.19763971,-0.554389541,-0.126963191,-0.276914741,-0.768632399,-0.159869884,-0.258065877,-0.947234668,-0.190127554,-0.153634171,-0.496291985,-0.181119142,-0.464709742,-0.361780829,-0.239223456,-0.45843756,-0.299649596,-0.247857928,-0.385298411,-0.331617262,-0.250242471,-0.122821291,-0.291840803,-0.175243001,-0.444833242,-0.179106753,-0.221914322,-0.420869552,-0.147808509,-0.212445654,-0.360744471,-0.163577956,-0.217759579,-0.117352757,-0.105657754,-0.169065542,-0.405958943,-0.010324181,-0.223548855,-0.364639211,0.022856182,-0.199879974,-0.289807578,0.017194661,-0.1889591,-0.123447363,0.059206741,-0.1662122,-0.345510922,0.124214336,-0.214587872,-0.308953641,0.154257249,-0.202069593,-0.233121844,0.164642306,-0.191169529,thumbs_up
0,0,0,-0.062649474,-0.195149933,-0.132213643,-0.089453503,-0.427886555,-0.262963912,-0.088398911,-0.664490014,-0.372215984,-0.05694037,-0.879556963,-0.472374155,0.20302945,-0.425647569,-0.324155757,-0.039642665,-0.378296603,-0.474533919,-0.081513735,-0.303276481,-0.556066188,-0.017415258,-0.270261712,-0.607703253,0.319817023,-0.198772936,-0.315376757,0.015365179,-0.150458092,-0.43028941,-0.016650025,-0.095136088,-0.448109778,0.052057878,-0.087146044,-0.468445888,0.375611801,0.034319395,-0.308303382,0.091558272,0.08673871,-0.409953873,0.043048927,0.13797134,-0.384242195,0.094252678,0.144392705,-0.36609311,0.394271569,0.252228917,-0.314506287,0.153594405,0.299534054,-0.40091564,0.090247749,0.336788757,-0.401806901,0.11760251,0.350171049,-0.392105706,thumbs_up
0,0,0,0.055240977,-0.288237406,-0.056725249,0.193901467,-0.512118153,-0.079128912,0.313327156,-0.706474195,-0.108075559,0.374720242,-0.91675629,-0.138356947,0.336465954,-0.374370069,0.127578106,0.483337045,-0.365643275,0.160607616,0.569915563,-0.298744716,0.15694368,0.617649542,-0.240192549,0.15135341,0.327113684,-0.226245234,0.149689256,0.478393222,-0.199942316,0.208663474,0.563030437,-0.13244967,0.197368913,0.626158698,-0.070844759,0.174764139,0.293820192,-0.124551574,0.154736986,0.441444064,-0.080287711,0.197387471,0.521940926,-0.017729123,0.184933191,0.577683215,0.037889466,0.163400186,0.256704899,-0.049294067,0.152692183,0.372121027,-0.017402898,0.183497865,0.454429562,0.027866494,0.189637854,0.513446651,0.07112041,0.186645027,thumbs_up
0,0,0,0.012361407,-0.257990531,-0.084738004,0.146525054,-0.53353907,-0.138572459,0.263951439,-0.751997444,-0.189644668,0.337939716,-0.91129367,-0.235245818,0.366236078,-0.347968352,-0.05385646,0.518475413,-0.406938609,-0.131850795,0.487670541,-0.42481715,-0.184888387,0.413839466,-0.422423854,-0.212199576,0.403996737,-0.185963454,-0.045891826,0.531512285,-0.260167608,-0.132617097,0.393376905,-0.27108861,-0.165327714,0.277393211,-0.236329813,-0.166674789,0.415835453,-0.028649299,-0.051098908,0.525199023,-0.103801333,-0.126250049,0.39080281,-0.12621765,-0.124152508,0.2891823,-0.101845924,-0.104972007,0.405198689,0.125178106,-0.064065336,0.476923721,0.043357441,-0.122306632,0.376353119,0.005573232,-0.118971367,0.292566437,0.024696638,-0.10112509,thumbs_up
0,0,0,0.003652736,-0.2586462,-0.089108117,0.136167056,-0.541343266,-0.134141471,0.253646993,-0.755374182,-0.173906248,0.326881484,-0.922585913,-0.204899311,0.394196634,-0.378817587,-0.035882075,0.45778462,-0.453902711,-0.125091327,0.391727206,-0.466070166,-0.190147841,0.330839814,-0.444152214,-0.226636646,0.446202367,-0.214146408,-0.03066831,0.449860988,-0.302332704,-0.119027237,0.304438407,-0.300766974,-0.1475876,0.22069147,-0.252587554,-0.148604166,0.447794627,-0.050931761,-0.043285574,0.430744725,-0.131529084,-0.129962547,0.280751539,-0.140007494,-0.112586485,0.195583112,-0.103822133,-0.081799658,0.416919138,0.10805844,-0.065607655,0.378271863,0.020127668,-0.128074268,0.260958667,-0.004414413,-0.115002978,0.197956698,0.025918658,-0.08955596,thumbs_up
0,0,0,0.001168104,-0.258532426,-0.104306477,0.128913009,-0.538074217,-0.152088018,0.236755539,-0.749281043,-0.189975446,0.298192967,-0.930255166,-0.213790273,0.441661014,-0.406505658,-0.058308274,0.392908562,-0.479410333,-0.155316348,0.308155751,-0.47232207,-0.214734353,0.288273804,-0.451436572,-0.247317428,0.494837843,-0.22912745,-0.049962182,0.357810821,-0.301734982,-0.139641966,0.205661119,-0.276490712,-0.159203976,0.188343809,-0.230162357,-0.155734498,0.476239964,-0.04729269,-0.061133263,0.324396649,-0.106467505,-0.154154237,0.192765119,-0.098402468,-0.136561863,0.18744158,-0.068018128,-0.105441454,0.424741782,0.126339,-0.083780056,0.303086684,0.073703941,-0.136562457,0.204553179,0.056319125,-0.119395489,0.196686641,0.069552306,-0.092089038,thumbs_up
0,0,0,-0.006688266,-0.281996075,-0.110795633,0.112892637,-0.555673285,-0.165564659,0.223834501,-0.747909588,-0.207323376,0.278736018,-0.932461674,-0.229829195,0.436884942,-0.471224254,-0.084147901,0.301997531,-0.568247102,-0.194155916,0.175645933,-0.459936158,-0.261049599,0.187117362,-0.386992488,-0.303142215,0.501125091,-0.292871011,-0.078431051,0.316163984,-0.396989964,-0.182777789,0.16475419,-0.301231597,-0.197038621,0.180717409,-0.233780206,-0.19230497,0.488942434,-0.103987962,-0.092917324,0.316893475,-0.198979466,-0.197523971,0.182400856,-0.144704024,-0.164209177,0.201137156,-0.094826899,-0.124720857,0.443074113,0.079010338,-0.120997567,0.296038968,0.006427803,-0.189560942,0.198253838,-0.007713482,-0.175788774,0.207340939,-0.002585124,-0.151485323,thumbs_up
0,0,0,-0.001874827,-0.301292356,-0.093790786,0.139297403,-0.596841146,-0.125780594,0.26208172,-0.78677686,-0.150713534,0.310371582,-0.936926133,-0.160744833,0.467315962,-0.443040909,-0.062876866,0.383668208,-0.550797377,-0.154585107,0.235305547,-0.466994149,-0.196535679,0.216337302,-0.400540919,-0.219778141,0.523366109,-0.251752494,-0.06377069,0.391311478,-0.354118123,-0.164175434,0.209471012,-0.284657771,-0.174517649,0.203923104,-0.226568656,-0.163582738,0.511848409,-0.05186671,-0.082760154,0.362733472,-0.125790361,-0.193266717,0.202818058,-0.094731025,-0.167831635,0.211032779,-0.058844926,-0.128398698,0.471591882,0.132120727,-0.110478888,0.347132361,0.079493118,-0.180308329,0.230899979,0.059754746,-0.165107921,0.230449209,0.06590877,-0.138606964,thumbs_up
0,0,0,-0.011091988,-0.297164995,-0.071777027,0.117101023,-0.582801795,-0.094786759,0.235137236,-0.779895364,-0.120282423,0.278284643,-0.951645849,-0.130107015,0.410111379,-0.432862609,0.0092302,0.398167135,-0.533097778,-0.072060527,0.262755009,-0.481058156,-0.118754304,0.215640409,-0.423294065,-0.142157175,0.466342056,-0.268584652,0.004858026,0.396965552,-0.366937745,-0.076279405,0.225630938,-0.322488541,-0.091582634,0.198709297,-0.263102964,-0.083344053,0.462416286,-0.09106101,-0.019283175,0.407037554,-0.189211726,-0.111835197,0.241067668,-0.178275286,-0.088898946,0.20628031,-0.137559223,-0.049233859,0.428555037,0.085472906,-0.051539754,0.396020925,0.027273052,-0.108146514,0.301106935,-0.012279882,-0.0909151,0.275347315,-0.009738135,-0.060547135,thumbs_up
0,0,0,-0.001796949,-0.275703855,-0.092810731,0.119092436,-0.562413017,-0.138065814,0.226277806,-0.779758054,-0.177533252,0.284156778,-0.93727767,-0.201904668,0.424357451,-0.426600606,-0.036577808,0.401030659,-0.519789443,-0.122924049,0.261719049,-0.451103291,-0.170682876,0.228703041,-0.387819759,-0.196417467,0.479730508,-0.260901673,-0.03170993,0.417289923,-0.360172071,-0.119840327,0.241735476,-0.309775927,-0.130387722,0.21413915,-0.253482594,-0.117889856,0.480520021,-0.097278099,-0.046029587,0.395847153,-0.18561955,-0.136735924,0.225746158,-0.167035657,-0.108042587,0.201967561,-0.125955575,-0.067549449,0.450017777,0.066979801,-0.071314356,0.368307038,-0.024557,-0.115407373,0.237298807,-0.050672042,-0.089206764,0.213366654,-0.031252697,-0.056934578,thumbs_up
0,0,0,-0.006488435,-0.273122376,-0.106694259,0.108440635,-0.562582209,-0.158000411,0.21970655,-0.783426063,-0.198661951,0.280988755,-0.933764248,-0.22165209,0.393061124,-0.456798395,-0.063121603,0.389710574,-0.522987634,-0.153903882,0.247834085,-0.439001907,-0.197675299,0.204336367,-0.379467684,-0.21864908,0.450992037,-0.292400239,-0.04906154,0.411373982,-0.365646084,-0.140787358,0.229302058,-0.303511338,-0.149239606,0.194739113,-0.259438771,-0.135835232,0.460903424,-0.130267002,-0.053665748,0.394632751,-0.188681291,-0.15227766,0.218216272,-0.16370722,-0.120810539,0.180736051,-0.137456978,-0.076517276,0.442271284,0.030415235,-0.069243601,0.385781072,-0.03578858,-0.121512069,0.249831523,-0.062200035,-0.093598848,0.211786273,-0.063497591,-0.058830262,thumbs_up
0,0,0,0.006971023,-0.284870652,-0.102976806,0.128184929,-0.561287102,-0.155020968,0.235167478,-0.773339634,-0.197755772,0.286781398,-0.931851738,-0.222280831,0.416890466,-0.461773521,-0.068965824,0.413389489,-0.514706992,-0.163974324,0.261049078,-0.429282139,-0.209594744,0.212611793,-0.38159781,-0.234317916,0.47028667,-0.277033063,-0.064283386,0.450743536,-0.340751988,-0.166518276,0.256491941,-0.284363914,-0.182104989,0.223174216,-0.254454055,-0.17275559,0.470966603,-0.086989528,-0.077025145,0.4258945,-0.122173857,-0.183082284,0.23808915,-0.112971665,-0.151049912,0.206271278,-0.111681222,-0.107132809,0.436634491,0.097036649,-0.100195883,0.377703341,0.069817368,-0.156955675,0.248101058,0.034929684,-0.128819263,0.229884354,0.018643268,-0.095210759,thumbs_up
0,0,0,0.00373811,-0.281661972,-0.106122594,0.120923012,-0.557076526,-0.161500004,0.231467824,-0.769108188,-0.20678983,0.289328862,-0.928175943,-0.234047492,0.405105258,-0.455497049,-0.078722773,0.410565498,-0.530379634,-0.17382399,0.261782993,-0.446321592,-0.217975624,0.209653106,-0.39711823,-0.241960403,0.459092707,-0.270177557,-0.072730122,0.449277524,-0.362315301,-0.174435409,0.256153141,-0.304281853,-0.188756198,0.21978338,-0.269024363,-0.179404856,0.457348785,-0.079786047,-0.08362803,0.420149913,-0.141801998,-0.188521371,0.233030436,-0.130832337,-0.155256268,0.198836036,-0.126469503,-0.111940168,0.419304928,0.104613678,-0.105112677,0.359533247,0.060673647,-0.164909615,0.233925703,0.017761195,-0.138662225,0.214843674,-0.006929627,-0.106537414,thumbs_up
0,0,0,0.016772719,-0.278040487,-0.099255914,0.142741465,-0.555597221,-0.151530399,0.249683736,-0.766965097,-0.196103624,0.306784337,-0.924973861,-0.224291612,0.444249304,-0.449753099,-0.065956649,0.430568066,-0.531101415,-0.164213656,0.281214809,-0.44525792,-0.216628564,0.228687973,-0.392535384,-0.246285379,0.501481551,-0.256217276,-0.063218559,0.459019273,-0.358803328,-0.167878722,0.266849528,-0.300433877,-0.189700128,0.226011841,-0.258088714,-0.185345594,0.501571609,-0.058668785,-0.077689314,0.425574506,-0.137699195,-0.182076589,0.242738144,-0.129361521,-0.156608663,0.211582793,-0.121376051,-0.118752166,0.466046893,0.131670823,-0.102971943,0.380183608,0.0691605,-0.158392767,0.253660218,0.025695629,-0.134688415,0.2366048,0.00517253,-0.105185175,thumbs_up
0,0,0,0.012770846,-0.282007426,-0.099694605,0.137193948,-0.556771655,-0.149431963,0.248799485,-0.769701557,-0.191517965,0.303195722,-0.928105674,-0.216083809,0.431729417,-0.464566792,-0.054988037,0.41518061,-0.552889177,-0.150331277,0.270433759,-0.456913767,-0.202664198,0.225166222,-0.398251856,-0.23315657,0.491951841,-0.277549469,-0.051547323,0.445172846,-0.388465856,-0.154603837,0.256142073,-0.316521593,-0.176550196,0.223501512,-0.267965454,-0.171894943,0.492246537,-0.082244791,-0.065771461,0.417048632,-0.166687535,-0.170097517,0.235511595,-0.145036376,-0.142236047,0.209311643,-0.128137686,-0.101728097,0.455955045,0.105609029,-0.091093972,0.371862183,0.044314352,-0.147181054,0.250061917,0.013523143,-0.122435361,0.237528567,0.00414871,-0.091303576,thumbs_up
0,0,0,0.01850165,-0.293205348,-0.099398627,0.148083471,-0.56562898,-0.149752149,0.261306299,-0.771631044,-0.191965339,0.314871318,-0.924310715,-0.215651929,0.449170582,-0.459011011,-0.052535981,0.407778152,-0.569488659,-0.147687004,0.263101907,-0.465917412,-0.202294127,0.234509726,-0.398805531,-0.23673271,0.505294081,-0.277653378,-0.052464888,0.436351177,-0.412513489,-0.155040893,0.253563907,-0.32667845,-0.175132704,0.237693763,-0.264535609,-0.170757101,0.499124294,-0.087258929,-0.070763077,0.416177217,-0.199430144,-0.174711532,0.237388483,-0.159506084,-0.140980093,0.226229894,-0.119809652,-0.098447456,0.457077481,0.097902691,-0.101089123,0.370376129,0.010099455,-0.15940248,0.244989729,-0.005924684,-0.132610369,0.238583203,0.00798455,-0.100747985,thumbs_up
0,0,0,0.023359547,-0.300724294,-0.0810617,0.170063289,-0.575626753,-0.118594469,0.283745948,-0.773566491,-0.153903571,0.3368767,-0.925776834,-0.171613936,0.463500425,-0.458848863,-0.027033191,0.431030153,-0.578282149,-0.130942793,0.277558755,-0.469717032,-0.189756403,0.247042115,-0.397636067,-0.224580531,0.517898957,-0.274467408,-0.038467293,0.463641005,-0.42156542,-0.149064881,0.276428523,-0.326655685,-0.167587384,0.263825552,-0.260829599,-0.15842039,0.513306697,-0.076558789,-0.070142324,0.439416945,-0.206007809,-0.182506746,0.254577373,-0.156910975,-0.145342201,0.247532441,-0.11202094,-0.097045018,0.475305479,0.11939743,-0.112457305,0.388988955,0.019444612,-0.174742547,0.261730203,0.00640209,-0.147123565,0.259483191,0.024295865,-0.113098952,thumbs_up
0,0,0,0.018263164,-0.333880857,-0.044569069,0.172499498,-0.617596934,-0.057697236,0.293017392,-0.789589002,-0.075520389,0.347546093,-0.934200324,-0.080507565,0.489575511,-0.473933868,-0.003061468,0.437620538,-0.651044407,-0.092816721,0.287557252,-0.552060212,-0.136389055,0.261667379,-0.46770928,-0.159516316,0.537884939,-0.298722223,-0.03179625,0.442943321,-0.499437999,-0.125424081,0.253851874,-0.401526987,-0.131738739,0.248557037,-0.307124417,-0.116040519,0.530249167,-0.095986905,-0.077562011,0.423896521,-0.287401669,-0.18378673,0.232863095,-0.222552642,-0.142768821,0.235685108,-0.140356988,-0.092050077,0.493463518,0.112177771,-0.12941546,0.388386167,-0.041394715,-0.19886058,0.251782513,-0.046997326,-0.171400599,0.248276198,0.004839023,-0.134441444,thumbs_up
0,0,0,0.03481364,-0.329423087,-0.056627812,0.182304153,-0.600758915,-0.087242726,0.283180018,-0.781627287,-0.122988372,0.333362962,-0.932218479,-0.140846875,0.498633929,-0.450353851,-0.005074405,0.434190034,-0.644640061,-0.107893388,0.272478176,-0.524689165,-0.163845279,0.261184439,-0.428337042,-0.196901707,0.553124457,-0.282094248,-0.030999192,0.440774627,-0.498121388,-0.142083375,0.258628844,-0.384695024,-0.154942322,0.272142334,-0.285065524,-0.143062456,0.542593849,-0.095501805,-0.076483762,0.419183122,-0.293923158,-0.187762136,0.241259719,-0.218639699,-0.143533663,0.260270144,-0.127763284,-0.091498732,0.499722261,0.089424144,-0.131401988,0.386085784,-0.072471763,-0.191900071,0.261362684,-0.070054664,-0.160864248,0.268604551,-0.008493019,-0.124047013,thumbs_up
0,0,0,0.030808843,-0.335532427,-0.06144796,0.17000728,-0.614968555,-0.094329122,0.267675064,-0.797139371,-0.130246217,0.317887062,-0.936600755,-0.147400277,0.476995993,-0.476933671,-0.016521179,0.415442343,-0.670198125,-0.116071025,0.259252847,-0.536840565,-0.167430434,0.247029142,-0.432615961,-0.19680777,0.533152265,-0.306499538,-0.038730403,0.426793835,-0.524230788,-0.146652158,0.250211425,-0.400696928,-0.155287434,0.263456954,-0.293644683,-0.141053078,0.5283455,-0.117554533,-0.080077276,0.423527836,-0.316097107,-0.189826802,0.243336485,-0.235435706,-0.143290215,0.253102025,-0.138951157,-0.089497616,0.491677716,0.074246262,-0.13101786,0.399410101,-0.085305091,-0.193029317,0.266293505,-0.092141306,-0.161673676,0.256935139,-0.039404758,-0.123757826,thumbs_up
0,0,0,0.028288418,-0.344743028,-0.073284467,0.157915588,-0.626860129,-0.111880436,0.250777791,-0.811985631,-0.148909101,0.29942854,-0.939654614,-0.165504546,0.453422973,-0.527165694,-0.035426031,0.396340716,-0.705683965,-0.139128483,0.25030125,-0.574075631,-0.190929894,0.243848539,-0.471719149,-0.221000904,0.515757697,-0.356226049,-0.051714502,0.409593002,-0.55943805,-0.165557287,0.236937074,-0.426657611,-0.177955149,0.252167581,-0.323185136,-0.166153274,0.518144416,-0.169301112,-0.087258657,0.401761593,-0.351697336,-0.1998958,0.223455222,-0.260925724,-0.157565848,0.233618409,-0.167750514,-0.107834395,0.484953072,0.015882583,-0.134010812,0.372358617,-0.146175935,-0.200678571,0.247741578,-0.127321931,-0.177506725,0.254609768,-0.06298589,-0.146231166,thumbs_up
0,0,0,0.027825489,-0.341737694,-0.079425403,0.149626477,-0.62044101,-0.123803515,0.237433532,-0.806489275,-0.164515681,0.282646289,-0.941343018,-0.184348576,0.435982788,-0.531493644,-0.048934413,0.37382983,-0.698686916,-0.146265537,0.235370763,-0.563817469,-0.194567272,0.231604607,-0.465319236,-0.223603405,0.499268907,-0.360726689,-0.060776919,0.384580648,-0.551464316,-0.166107605,0.22101635,-0.419428004,-0.176488676,0.237630727,-0.321948747,-0.166503924,0.498902186,-0.177425746,-0.090594893,0.380800329,-0.345902308,-0.19492052,0.211149523,-0.260482724,-0.152878804,0.219649303,-0.173901281,-0.106268211,0.462947844,0.001886607,-0.132047114,0.350022004,-0.139249298,-0.191625548,0.231175628,-0.129575553,-0.167596771,0.236145849,-0.07726451,-0.138077944,thumbs_up
0,0,0,0.022715715,-0.335075649,-0.084117653,0.143729562,-0.614986287,-0.13037562,0.231063013,-0.801777727,-0.171352207,0.272669191,-0.942848171,-0.191543306,0.439636783,-0.51477197,-0.060541045,0.360987832,-0.683143479,-0.157391288,0.224544919,-0.549627305,-0.20288313,0.226759242,-0.449239117,-0.229646798,0.500354511,-0.341213213,-0.070573448,0.372047318,-0.533681263,-0.173832747,0.210231866,-0.404494692,-0.180602303,0.229727458,-0.306700186,-0.168609491,0.497510749,-0.156227603,-0.098280542,0.366446917,-0.327755135,-0.203402869,0.201361083,-0.243100428,-0.160492964,0.213126684,-0.156950816,-0.112906323,0.459858258,0.025473197,-0.137837989,0.342315035,-0.114654681,-0.198248386,0.224036281,-0.10559026,-0.173522524,0.22779352,-0.056688253,-0.1429309,thumbs_up
0,0,0,0.024722349,-0.334229786,-0.083874893,0.146834504,-0.614942311,-0.128993867,0.234759331,-0.800499562,-0.168832989,0.278363401,-0.94214632,-0.186746161,0.441274829,-0.518748404,-0.054412149,0.370207465,-0.673906062,-0.154161336,0.231746854,-0.546937189,-0.204186132,0.233409872,-0.451839513,-0.235092624,0.504890259,-0.346775033,-0.064950392,0.379521387,-0.529819454,-0.171310696,0.213456665,-0.403136153,-0.180696092,0.234133371,-0.306401778,-0.169657061,0.500485322,-0.162377029,-0.094039826,0.359524577,-0.316015821,-0.198608487,0.198185208,-0.232972316,-0.155574982,0.218734582,-0.150824404,-0.108157045,0.460997049,0.017112546,-0.135545297,0.329907005,-0.105251772,-0.193473438,0.218421208,-0.096341442,-0.169263444,0.23288423,-0.052484652,-0.140009092,thumbs_up
0,0,0,0.023207032,-0.340952553,-0.073124927,0.150943953,-0.616605529,-0.113294094,0.241077403,-0.797003819,-0.152115058,0.284119111,-0.943704661,-0.169404376,0.468295444,-0.483447554,-0.039125355,0.375214763,-0.656312196,-0.139114044,0.230594359,-0.527346932,-0.188998766,0.240247144,-0.440277498,-0.221625981,0.526562651,-0.32094392,-0.058288816,0.37908287,-0.510452623,-0.171122158,0.213200752,-0.387534816,-0.182840179,0.247812627,-0.296033618,-0.173238219,0.513273163,-0.136261702,-0.09598048,0.361378572,-0.296391483,-0.203987999,0.202062696,-0.217512183,-0.158471408,0.240705118,-0.139577302,-0.110431585,0.467548386,0.044413925,-0.145339132,0.323978912,-0.068583389,-0.20791344,0.219139071,-0.059787029,-0.184419581,0.252423278,-0.010870578,-0.155660646,thumbs_up
0,0,0,0.012437385,-0.35255843,-0.072249618,0.130632101,-0.621018843,-0.116895116,0.219309553,-0.800831393,-0.158593161,0.259756337,-0.948833353,-0.179560337,0.433604136,-0.496087763,-0.055948154,0.342004501,-0.667535156,-0.148841382,0.20835685,-0.537917244,-0.191940799,0.218328652,-0.455923248,-0.221501566,0.491951981,-0.334912843,-0.074486868,0.343194375,-0.525845437,-0.179268574,0.191235565,-0.400698393,-0.189083444,0.228695891,-0.311837813,-0.182345591,0.47743146,-0.151129867,-0.10886694,0.325400527,-0.31120562,-0.206422102,0.180036226,-0.23496907,-0.161772962,0.223352103,-0.161591917,-0.119341304,0.430143398,0.025100927,-0.154238699,0.290313634,-0.088974786,-0.208846436,0.193160292,-0.084610501,-0.185380672,0.228066629,-0.039965962,-0.160441864,thumbs_up
0,0,0,-0.002710093,-0.332507107,-0.081894385,0.11427461,-0.606286305,-0.125116856,0.211972958,-0.790238559,-0.16191347,0.253997452,-0.950327102,-0.179899118,0.432237544,-0.50357483,-0.06835949,0.309440367,-0.653191838,-0.165329124,0.182232168,-0.513727322,-0.218636836,0.19981357,-0.433801583,-0.254598645,0.488558127,-0.335943301,-0.080587118,0.306946582,-0.494655401,-0.179287068,0.167287841,-0.367388633,-0.191145392,0.208585548,-0.282822945,-0.18792107,0.470731155,-0.141069659,-0.108850551,0.297525634,-0.275307346,-0.203933621,0.165855663,-0.203886344,-0.165085132,0.211138358,-0.138473504,-0.126804983,0.421620203,0.049397625,-0.148591603,0.264243535,-0.035606119,-0.206705643,0.171851938,-0.036015052,-0.188645744,0.205319802,-0.001242343,-0.166154796,thumbs_up
0,0,0,-0.00627881,-0.304446333,-0.095861362,0.105173901,-0.586210758,-0.143354282,0.198344353,-0.781161256,-0.180405237,0.229647082,-0.952118052,-0.201825252,0.424901609,-0.492377903,-0.104698571,0.259472187,-0.59719036,-0.196972698,0.14223174,-0.476750618,-0.239350132,0.158695552,-0.409681315,-0.264275923,0.470254291,-0.2985807,-0.108866395,0.261636591,-0.397325403,-0.194940308,0.133853181,-0.302501463,-0.199303803,0.169555925,-0.244951321,-0.193587206,0.446877079,-0.083700641,-0.12757189,0.244267336,-0.164739937,-0.224983183,0.127313001,-0.118208117,-0.196813031,0.169670984,-0.077043523,-0.163948756,0.398948832,0.116593348,-0.155890825,0.23350099,0.060859913,-0.217170754,0.144589467,0.046826089,-0.201664027,0.172803195,0.062134224,-0.179469574,thumbs_up
0,0,0,-0.042638321,-0.289284181,-0.130826372,0.032103927,-0.579261644,-0.202951136,0.09494838,-0.780661546,-0.252774037,0.147191417,-0.947767611,-0.282968623,0.342123527,-0.498053578,-0.179596349,0.126994972,-0.546909841,-0.286333366,0.036373345,-0.441623984,-0.335947779,0.0863766,-0.383719247,-0.370584491,0.393799704,-0.279772172,-0.169865278,0.126262755,-0.341317798,-0.271716783,0.03079135,-0.280571729,-0.287754645,0.086585111,-0.248151723,-0.297625774,0.37429037,-0.060285439,-0.173563117,0.108976073,-0.109979603,-0.280362166,0.015755952,-0.081373422,-0.257312613,0.074941887,-0.061504741,-0.236458485,0.326732866,0.135763737,-0.190536897,0.096332086,0.10068813,-0.270309707,0.02668477,0.104390053,-0.27265177,0.082236463,0.112402325,-0.268020396,thumbs_up
0,0,0,-0.047251948,-0.343316722,-0.045597427,-0.009003776,-0.65040724,-0.084169609,0.023924469,-0.840546021,-0.11887591,0.059390535,-0.986833175,-0.150442844,0.232471948,-0.587014024,-0.132582393,0.008961154,-0.638025694,-0.208735674,-0.061770447,-0.550589514,-0.239693154,-0.021361272,-0.536119094,-0.2579402,0.249421776,-0.36748567,-0.158908814,-0.019613247,-0.429364171,-0.232969924,-0.05593379,-0.37765715,-0.23402491,0.011225867,-0.359343539,-0.235060446,0.223413867,-0.161617187,-0.187342521,-0.030242574,-0.221127586,-0.260767625,-0.058089294,-0.182463569,-0.226517577,0.009199727,-0.178197237,-0.198397235,0.171481753,0.020331663,-0.21986134,0.010008309,-0.017797608,-0.273198747,-0.028814921,-0.025843283,-0.25094857,0.009647175,-0.036869433,-0.226521492,thumbs_up
0,0,0,-0.070291393,-0.299782279,-0.054777634,-0.101127793,-0.613435087,-0.109392757,-0.099742122,-0.811075167,-0.155875124,-0.06490149,-0.976864828,-0.203771695,0.088621668,-0.574043831,-0.207293705,-0.177135508,-0.619275258,-0.296655094,-0.202325456,-0.515578607,-0.322104958,-0.143085661,-0.481914339,-0.333918151,0.113341355,-0.36447226,-0.230052634,-0.169619954,-0.427320624,-0.313027245,-0.190105287,-0.360439333,-0.302913684,-0.124070335,-0.338031955,-0.298078399,0.090465659,-0.151389453,-0.252750696,-0.164142864,-0.186800897,-0.330951126,-0.189386423,-0.145924584,-0.292007676,-0.12994747,-0.141185359,-0.263592816,0.044030167,0.041849652,-0.278404405,-0.127467029,0.014822493,-0.344785575,-0.150086801,0.000461538,-0.330898594,-0.106492931,-0.018628452,-0.314122706,thumbs_up
0,0,0,-0.034754164,-0.282959653,-0.11441379,-0.031459829,-0.555805192,-0.187033423,-0.021230599,-0.764928438,-0.244796818,0.026726596,-0.957076571,-0.28860029,0.188655411,-0.493216533,-0.181527257,-0.112330216,-0.529704036,-0.293857106,-0.198593371,-0.456519351,-0.339024372,-0.130546124,-0.440124266,-0.364089417,0.209624716,-0.261283839,-0.184718741,-0.145574999,-0.306048106,-0.286049943,-0.215077432,-0.245282828,-0.289553817,-0.119925095,-0.245841879,-0.2899222,0.183665761,-0.031595638,-0.200758594,-0.145306861,-0.07949279,-0.307000401,-0.214455022,-0.055436438,-0.272387349,-0.146267681,-0.054758719,-0.239310316,0.133188999,0.157938222,-0.228399674,-0.12326283,0.137962955,-0.301749173,-0.174609754,0.120985237,-0.290318428,-0.124420496,0.113491695,-0.272629584,thumbs_up
0,0,0,-0.051156301,-0.29903946,-0.09043318,-0.060737741,-0.581220388,-0.159400372,-0.059374011,-0.793811789,-0.211374479,0.007525565,-0.966829839,-0.255310453,0.128189011,-0.526960995,-0.195184992,-0.188113433,-0.5531788,-0.260155232,-0.249276993,-0.501312975,-0.268269668,-0.187004087,-0.502370969,-0.27273141,0.1475799,-0.309489584,-0.19914403,-0.230623095,-0.349323374,-0.255734729,-0.245807721,-0.315603176,-0.244667315,-0.179398112,-0.314967392,-0.24844439,0.129171983,-0.105495131,-0.205769205,-0.231629429,-0.158406034,-0.264301621,-0.248279396,-0.123127477,-0.224630243,-0.191088774,-0.112905647,-0.204550603,0.086469378,0.073768417,-0.220770051,-0.182705874,0.012256529,-0.272978815,-0.224168202,-0.000677853,-0.256085359,-0.202685208,-0.003967976,-0.241465628,thumbs_up
0,0,0,-0.029657864,-0.268658635,-0.110817128,-0.033578303,-0.552957024,-0.186062334,-0.027618221,-0.771677341,-0.240360486,0.031377402,-0.959021559,-0.28159032,0.104511112,-0.507039546,-0.217045114,-0.223176178,-0.517365118,-0.297806942,-0.25546461,-0.447202817,-0.317906849,-0.170549521,-0.433673738,-0.329356766,0.134766025,-0.297737725,-0.212075148,-0.255333009,-0.314386836,-0.283665816,-0.251618289,-0.268105902,-0.284749244,-0.169882716,-0.260040497,-0.296319622,0.128664408,-0.087280575,-0.212202505,-0.232722875,-0.118523434,-0.288930233,-0.243943588,-0.084431074,-0.264933926,-0.188265447,-0.074845388,-0.25218365,0.104146835,0.107396443,-0.222236762,-0.154224806,0.071096237,-0.289709686,-0.207160838,0.052097601,-0.288314906,-0.208254609,0.037903912,-0.283569443,thumbs_up
0,0,0,-0.028444858,-0.246735872,-0.118565876,-0.036063016,-0.545537406,-0.192802555,-0.030804998,-0.769736076,-0.245263245,0.023221431,-0.959063413,-0.282237729,0.068180595,-0.530435875,-0.217588031,-0.271535972,-0.522338858,-0.30666163,-0.29335232,-0.455304274,-0.335654336,-0.202496449,-0.441187457,-0.35330263,0.113490557,-0.314914048,-0.208327345,-0.310869773,-0.30747978,-0.288955667,-0.291341673,-0.241303254,-0.294329674,-0.198157833,-0.225272064,-0.305567336,0.126273264,-0.088754319,-0.204704236,-0.274064521,-0.10240679,-0.29169411,-0.265982501,-0.031190001,-0.26466926,-0.194820792,-0.005896287,-0.244711382,0.120047271,0.124508238,-0.212510928,-0.17843087,0.100758214,-0.290416096,-0.222810279,0.104959093,-0.288819286,-0.211755104,0.102350089,-0.278796236,thumbs_up
0,0,0,-0.055373175,-0.266398143,-0.049836227,-0.162088724,-0.56971043,-0.093578374,-0.234905205,-0.805729125,-0.12233453,-0.180519575,-0.97170852,-0.152299822,-0.198019239,-0.548545429,-0.185550241,-0.528864157,-0.520964082,-0.237664581,-0.559786667,-0.420005879,-0.225871422,-0.511047483,-0.381977671,-0.213676739,-0.200425321,-0.361655549,-0.18768373,-0.551111532,-0.335420763,-0.240172894,-0.580064491,-0.253341358,-0.217049973,-0.544430641,-0.217247549,-0.207126449,-0.217525611,-0.15851523,-0.18690737,-0.510073573,-0.14809311,-0.24434361,-0.558408846,-0.094920312,-0.218584735,-0.539315818,-0.078841429,-0.203212542,-0.226135648,0.030489584,-0.185153554,-0.457488899,0.033413104,-0.233707809,-0.518871763,0.049459031,-0.229103093,-0.533210942,0.049168169,-0.223089345,thumbs_up
0,0,0,-0.041212848,-0.266588263,-0.030881258,-0.169025354,-0.576920471,-0.069460697,-0.249998205,-0.799449011,-0.09821499,-0.21799722,-0.965819556,-0.140249052,-0.278685853,-0.520719097,-0.169628299,-0.562697632,-0.478095811,-0.223635703,-0.693964277,-0.429235923,-0.243395669,-0.783574348,-0.417951246,-0.256724167,-0.290304955,-0.344460925,-0.181870109,-0.58578374,-0.318941968,-0.222405671,-0.750827539,-0.286832851,-0.22993382,-0.865446627,-0.247924028,-0.243958384,-0.299199529,-0.155884468,-0.186412383,-0.553203536,-0.145039233,-0.227411097,-0.685741522,-0.127642786,-0.217719335,-0.764020081,-0.123928518,-0.214419556,-0.30217905,0.01548493,-0.188849394,-0.492059201,0.025847491,-0.222745622,-0.584400542,0.042251226,-0.209066414,-0.648224832,0.04875531,-0.196242231,thumbs_up
0,0,0,-0.037813351,-0.286211781,-0.014156014,-0.173509558,-0.563818551,-0.031438558,-0.276833186,-0.796275715,-0.043707044,-0.242113956,-0.968587088,-0.056744024,-0.362165706,-0.456901865,-0.044444575,-0.573685856,-0.563656636,-0.060062188,-0.649778146,-0.619466383,-0.07361523,-0.689377826,-0.653028201,-0.083506839,-0.431339892,-0.280509178,-0.04442043,-0.626861008,-0.398175292,-0.044115998,-0.684193571,-0.452049852,-0.047944993,-0.701191693,-0.477105186,-0.058560185,-0.475714433,-0.125640339,-0.041784019,-0.652270104,-0.244919626,-0.033922129,-0.698522653,-0.299625978,-0.022712002,-0.708845051,-0.323353413,-0.023268781,-0.498005297,-0.001037497,-0.039981252,-0.641689507,-0.100231803,-0.02934277,-0.685387483,-0.137345666,-0.010910836,-0.706830187,-0.162093724,0.000626982,thumbs_up
0,0,0,0.002077136,-0.263073274,-0.05518156,-0.1253891,-0.524366389,-0.074128713,-0.230835356,-0.732737047,-0.08121867,-0.20664708,-0.907190631,-0.084827887,-0.299026045,-0.416633062,-0.052906698,-0.462579523,-0.586970023,-0.076321502,-0.550027448,-0.704339626,-0.091922403,-0.607384143,-0.787873744,-0.10168317,-0.373613341,-0.291907016,-0.030645518,-0.528904094,-0.459324543,-0.043626976,-0.613429439,-0.581431279,-0.054953181,-0.671269382,-0.679726174,-0.063072343,-0.416922041,-0.189644708,-0.011217439,-0.561270836,-0.345978561,-0.017906131,-0.631399427,-0.454824713,-0.013009559,-0.677115022,-0.5504266,-0.009075433,-0.432253388,-0.11264324,0.003094816,-0.560502129,-0.241864103,0.004115535,-0.622903974,-0.328301871,0.018187503,-0.663179053,-0.4032446,0.030660503,thumbs_up
0,0,0,-0.017983452,-0.279508616,-0.032586331,-0.158055208,-0.545277895,-0.050087973,-0.239852314,-0.765464482,-0.065997365,-0.243389398,-0.966140607,-0.085638354,-0.408758508,-0.490374606,-0.005903874,-0.559625245,-0.454101678,-0.028468038,-0.610074677,-0.406882568,-0.061846249,-0.631592987,-0.380623056,-0.08713104,-0.451715806,-0.305552957,-0.009148612,-0.604808954,-0.275977271,-0.013053109,-0.653344382,-0.239657254,-0.034012802,-0.666690596,-0.215777394,-0.055710249,-0.461725252,-0.112368685,-0.018127584,-0.605198644,-0.10058477,-0.029805898,-0.664589241,-0.082289287,-0.035000743,-0.688791269,-0.079065897,-0.042856034,-0.442773743,0.068159294,-0.030203569,-0.572788239,0.086767881,-0.045915568,-0.630265032,0.105055748,-0.040034341,-0.664138116,0.103092602,-0.032412054,thumbs_up
0,0,0,0.022825578,-0.292885782,-0.011331891,-0.074969088,-0.601421113,-0.011350746,-0.164036089,-0.82927318,-0.009370703,-0.117887709,-0.99300317,-0.006869705,-0.344687569,-0.552478214,0.042819431,-0.475769647,-0.559607417,0.066541967,-0.426930251,-0.493325286,0.065138849,-0.371100374,-0.447056805,0.058544711,-0.418399245,-0.38557739,0.049206839,-0.516994288,-0.387559903,0.096685895,-0.454063344,-0.343322066,0.091045572,-0.384208919,-0.30172779,0.071208367,-0.454667265,-0.21447921,0.056456879,-0.516884196,-0.239891672,0.095523956,-0.455992194,-0.218298497,0.094514718,-0.381495367,-0.186605272,0.077726452,-0.452109304,-0.06336162,0.062622934,-0.493677671,-0.083620464,0.094479396,-0.433229861,-0.062819683,0.115371771,-0.366530886,-0.041155437,0.124903064,thumbs_up
0,0,0,0.014501008,-0.322954848,-0.00589276,-0.096185595,-0.623619186,0.003253284,-0.190054408,-0.836923842,0.014158722,-0.151438598,-0.988132183,0.025712638,-0.350859886,-0.542491988,0.023792464,-0.459869105,-0.573304513,0.032879409,-0.406834966,-0.512204047,0.019316843,-0.356210685,-0.462363631,0.004931676,-0.418632516,-0.361821314,0.025459321,-0.502519585,-0.368861724,0.054941797,-0.468349338,-0.338828102,0.037895556,-0.436491797,-0.311969477,0.008234568,-0.44108799,-0.192042759,0.028673027,-0.512902969,-0.200737693,0.044265797,-0.496678443,-0.188432688,0.032031515,-0.477565628,-0.167020201,0.009795535,-0.437832421,-0.040028027,0.032728927,-0.519209291,-0.048407052,0.040390439,-0.525948442,-0.022921146,0.051208436,-0.532498961,0.002551056,0.055254698,thumbs_up
0,0,0,0.028087991,-0.302156811,-0.063715101,-0.0707495,-0.595990731,-0.083724386,-0.171536178,-0.802240512,-0.096043591,-0.167720717,-0.980157161,-0.105648954,-0.424908169,-0.511965442,0.010786234,-0.505147327,-0.521669726,-0.007519099,-0.493609034,-0.467583454,-0.050658063,-0.497366273,-0.428527986,-0.083944362,-0.511818781,-0.332236963,0.024965695,-0.602592638,-0.381070974,0.031484409,-0.64774503,-0.370245687,-0.003751918,-0.684549946,-0.343942196,-0.038514441,-0.54665802,-0.161113296,0.030695012,-0.643477007,-0.229464846,0.023677249,-0.688627576,-0.241654301,0.006905715,-0.715551963,-0.244357151,-0.008910753,-0.54437983,-0.005913562,0.030366754,-0.627544154,-0.071411986,0.024223025,-0.656115003,-0.084862613,0.036155454,-0.673737665,-0.092208714,0.047575041,thumbs_up
0,0,0,0.030394188,-0.286277426,-0.071958545,-0.071897996,-0.58682936,-0.089635568,-0.163466297,-0.800304993,-0.097812966,-0.152425077,-0.98280208,-0.104243309,-0.421210575,-0.535525604,0.017125126,-0.539218324,-0.570712922,0.009485845,-0.59096891,-0.562480714,-0.0269673,-0.644269819,-0.553961533,-0.059563986,-0.505598199,-0.357071039,0.032669376,-0.625094812,-0.423355073,0.039216658,-0.719363866,-0.450977826,-0.000502031,-0.806519981,-0.457673341,-0.038934303,-0.542768287,-0.189193149,0.038854618,-0.665635784,-0.258873111,0.02984211,-0.747118669,-0.297371658,0.009776104,-0.810057912,-0.32427572,-0.008041724,-0.544871896,-0.036735608,0.037303049,-0.656792917,-0.104913533,0.02537946,-0.723053709,-0.134582593,0.030379773,-0.776730242,-0.160263328,0.036199577,thumbs_up
0,0,0,0.013211198,-0.286284691,-0.070359377,-0.113303267,-0.587052298,-0.091402004,-0.220839584,-0.792023632,-0.104023541,-0.189950444,-0.974989828,-0.115384849,-0.429581785,-0.502200175,0.027652344,-0.575665791,-0.558436939,0.026723149,-0.668560178,-0.595528252,-0.001332458,-0.741979753,-0.619510719,-0.029099302,-0.495504047,-0.330940269,0.04497788,-0.624506394,-0.407924364,0.049558367,-0.723738615,-0.461981453,0.016276604,-0.804599949,-0.493043408,-0.012902033,-0.525156934,-0.179138733,0.052984621,-0.64586834,-0.269552415,0.049634152,-0.720979634,-0.325673763,0.038416421,-0.776920057,-0.369568132,0.029796889,-0.522722627,-0.047187281,0.052066815,-0.629136975,-0.146795017,0.048376878,-0.69567563,-0.196395695,0.055278135,-0.750586501,-0.242304281,0.063384196,thumbs_up
0,0,0,0.003405272,-0.293351468,-0.049124577,-0.119283593,-0.591992741,-0.072027482,-0.226366436,-0.803893802,-0.088995265,-0.19347489,-0.975627747,-0.103527607,-0.477424231,-0.547353536,-0.027710467,-0.490966258,-0.480670542,-0.067174384,-0.404998929,-0.380391339,-0.112586603,-0.351589688,-0.327412126,-0.146237941,-0.549044514,-0.341670948,-0.026974809,-0.546768299,-0.290285334,-0.042245196,-0.459040873,-0.2280428,-0.06924988,-0.395098219,-0.193185019,-0.096338732,-0.559981174,-0.133115365,-0.030697211,-0.555247911,-0.100381983,-0.066630604,-0.469105427,-0.071053549,-0.080738747,-0.396425876,-0.054718995,-0.090726943,-0.533966868,0.051230197,-0.037590755,-0.522563726,0.079176686,-0.072088436,-0.440499755,0.100230629,-0.068952691,-0.374421367,0.106691369,-0.059343647,thumbs_up
0,0,0,-0.030018273,-0.301806645,0.01024775,-0.168665762,-0.594121139,0.017857738,-0.269918171,-0.802473067,0.022227184,-0.246754164,-0.968764348,0.024658067,-0.487351356,-0.565289665,0.023422591,-0.614836659,-0.502800027,0.037701534,-0.553389788,-0.438704996,0.030905663,-0.484814009,-0.416753904,0.019120431,-0.537091415,-0.365805222,0.013273551,-0.62037833,-0.300333188,0.048497684,-0.535877953,-0.260762518,0.047699234,-0.45271798,-0.247198199,0.030000584,-0.530376264,-0.155104357,0.007377988,-0.601820919,-0.121397654,0.013854447,-0.52001113,-0.113921114,0.012446957,-0.426985282,-0.103562587,0.002050346,-0.497941291,0.035393151,0.004007514,-0.549187505,0.046483881,-0.000367152,-0.468624785,0.049198347,0.014354069,-0.388362615,0.049844084,0.026290414,thumbs_up
0,0,0,-0.051978056,-0.304163748,0.023675774,-0.189998091,-0.585835453,0.015913761,-0.285781183,-0.798664258,0.001035633,-0.246077278,-0.968999812,-0.022030392,-0.447166209,-0.559732308,-0.020762108,-0.576088123,-0.438105124,-0.031299896,-0.501250429,-0.349747893,-0.051729633,-0.409226585,-0.32231265,-0.069136541,-0.508024455,-0.358063514,-0.047523611,-0.589473172,-0.240272162,-0.030787265,-0.499979912,-0.182492318,-0.032213167,-0.398559231,-0.175503601,-0.046743602,-0.525385107,-0.140611384,-0.066078576,-0.579191333,-0.065638415,-0.059708493,-0.492520545,-0.037355149,-0.051989171,-0.392407971,-0.040644973,-0.058095988,-0.519024294,0.063767604,-0.082121161,-0.535413234,0.107484909,-0.083682098,-0.442140938,0.125889246,-0.063207306,-0.357978408,0.1156539,-0.046840587,thumbs_up
0,0,0,-0.063573208,-0.312172989,0.035398871,-0.205765637,-0.581635072,0.0337512,-0.296039145,-0.803627116,0.022872224,-0.25667486,-0.966481754,0.005570911,-0.449455205,-0.525731163,-0.020098461,-0.580093729,-0.467031762,-0.021418065,-0.502820749,-0.390459307,-0.031154972,-0.41383139,-0.357837278,-0.041379702,-0.502928076,-0.31976921,-0.049394582,-0.59242953,-0.25335143,-0.02198804,-0.508540566,-0.208918571,-0.010215245,-0.415448779,-0.198039573,-0.019115544,-0.515228214,-0.1054975,-0.069474596,-0.576645173,-0.064219733,-0.046729663,-0.499597499,-0.046844077,-0.028580682,-0.407376463,-0.04310354,-0.03335304,-0.506237147,0.087857841,-0.08681169,-0.532891334,0.111878335,-0.070376165,-0.449980178,0.127443049,-0.041264104,-0.37231989,0.125830851,-0.024011493,thumbs_up
0,0,0,-0.084844925,-0.313325369,0.039902573,-0.230750025,-0.571625748,0.036618668,-0.327871639,-0.785830769,0.02031367,-0.296727871,-0.954957463,-0.002968893,-0.481376136,-0.517629678,-0.007617406,-0.628355334,-0.446356567,-0.016418554,-0.551235483,-0.368272533,-0.033151149,-0.459980241,-0.342197516,-0.046516911,-0.525607373,-0.321919981,-0.042070997,-0.633084066,-0.237639478,-0.020423576,-0.549905105,-0.191675498,-0.013070803,-0.454899387,-0.18812346,-0.023951359,-0.533151742,-0.112730722,-0.068112233,-0.608180888,-0.051131527,-0.049563328,-0.52643849,-0.02945015,-0.030056074,-0.430608481,-0.032944345,-0.03320082,-0.526154414,0.08437747,-0.091638643,-0.56554032,0.123895034,-0.078435884,-0.477410686,0.135350106,-0.047658131,-0.395434455,0.125683226,-0.02803981,thumbs_up
0,0,0,-0.078512598,-0.306877163,0.031650362,-0.226799803,-0.566084251,0.021173069,-0.323699125,-0.784221694,-0.00047719,-0.279771947,-0.959625586,-0.029092838,-0.473506215,-0.489106161,-0.018319251,-0.620711915,-0.408402667,-0.031030232,-0.53928694,-0.338643545,-0.050811332,-0.443210108,-0.321982526,-0.066373714,-0.514415991,-0.28395896,-0.049701116,-0.617524466,-0.18552183,-0.029901647,-0.530636194,-0.154134971,-0.023114547,-0.434030797,-0.164325316,-0.034828888,-0.519833551,-0.071387329,-0.073542512,-0.58887621,-0.011034558,-0.057954668,-0.508782146,0.00341413,-0.042524087,-0.415208274,-0.009869177,-0.047794549,-0.511263742,0.122025628,-0.09509866,-0.545389418,0.154864768,-0.082133196,-0.456902833,0.162365761,-0.053382361,-0.37530014,0.146401705,-0.035545951,thumbs_up
0,0,0,-0.065263775,-0.313955277,0.024263711,-0.203904407,-0.568325874,0.014462728,-0.309634656,-0.787554012,-0.003949603,-0.272418319,-0.961739424,-0.029078163,-0.463017793,-0.514201257,-0.023820804,-0.596240283,-0.408349701,-0.033908738,-0.519855112,-0.327246045,-0.051682937,-0.433287796,-0.296495324,-0.066622202,-0.510281735,-0.306026492,-0.050770986,-0.609637186,-0.211141085,-0.028235976,-0.524892505,-0.166570071,-0.02161834,-0.434208713,-0.165346209,-0.036356031,-0.515037611,-0.091759166,-0.069886586,-0.580915114,-0.02784394,-0.05641267,-0.501224077,-0.010355081,-0.041413443,-0.412391897,-0.016401909,-0.048117059,-0.503825467,0.101246038,-0.087255625,-0.531752748,0.137362768,-0.075593351,-0.447038699,0.152410088,-0.046619117,-0.372506075,0.14307307,-0.030296197,thumbs_up
0,0,0,-0.067180974,-0.30968333,0.021180807,-0.211499882,-0.57571478,0.014116949,-0.315764856,-0.791574454,-0.001924582,-0.277765245,-0.960344616,-0.024180304,-0.479063923,-0.547241589,-0.023323617,-0.619124694,-0.453210351,-0.039540782,-0.538214547,-0.364054585,-0.060349296,-0.44426909,-0.324564312,-0.076104115,-0.535490994,-0.350747979,-0.050884622,-0.628072077,-0.229135811,-0.03571756,-0.533245962,-0.17454117,-0.031992587,-0.432190108,-0.16890257,-0.044684866,-0.547928546,-0.133089404,-0.071797834,-0.610004326,-0.039351457,-0.065611404,-0.518749533,-0.017587237,-0.050511155,-0.420055174,-0.024495817,-0.053938078,-0.540437725,0.075081192,-0.091420025,-0.567276813,0.142904702,-0.089992872,-0.47298325,0.157772159,-0.063680636,-0.391536565,0.142964784,-0.045166056,thumbs_up
0,0,0,-0.067095675,-0.310411631,0.020681771,-0.213097747,-0.578790371,0.017664449,-0.310702528,-0.796280069,0.003932306,-0.276061121,-0.960976355,-0.017739855,-0.490385091,-0.55442765,-0.009381894,-0.675865846,-0.5612876,-0.018847831,-0.697220765,-0.493215881,-0.03734345,-0.684797602,-0.462982473,-0.056879345,-0.550972013,-0.36017158,-0.035284778,-0.656113374,-0.278015048,-0.024434623,-0.585066052,-0.218196477,-0.023986908,-0.496661267,-0.207575006,-0.038817506,-0.556099091,-0.141351882,-0.055208933,-0.630433413,-0.073515992,-0.056041923,-0.550414183,-0.048945719,-0.042339735,-0.45003976,-0.04251091,-0.04527624,-0.541927822,0.064758527,-0.074093193,-0.573526716,0.118201529,-0.080568336,-0.489246173,0.131138587,-0.060353653,-0.401384868,0.117550314,-0.045472463,thumbs_up
0,0,0,-0.035240332,-0.324295357,0.011414906,-0.17321529,-0.597624626,0.003360665,-0.269102317,-0.807015774,-0.008801808,-0.233137149,-0.972100436,-0.025842066,-0.472915512,-0.557892727,-0.040028165,-0.552028871,-0.47469737,-0.050580242,-0.46350913,-0.387800351,-0.067747194,-0.378878282,-0.348881048,-0.085349704,-0.531789025,-0.342204496,-0.059918198,-0.551031145,-0.246309261,-0.044453661,-0.445502687,-0.188553435,-0.045169462,-0.352981666,-0.169978922,-0.064472994,-0.533476883,-0.119322363,-0.072190188,-0.541337358,-0.050470094,-0.073291056,-0.444626824,-0.032152255,-0.068825567,-0.350539875,-0.026295773,-0.078829451,-0.512262068,0.08163063,-0.082129261,-0.50401248,0.116870428,-0.092200541,-0.410695915,0.123062066,-0.07710145,-0.329439883,0.110184132,-0.065929944,thumbs_up
0,0,0,-0.047570274,-0.318375245,-0.004651336,-0.191399726,-0.594490012,-0.020824646,-0.286709618,-0.796656128,-0.040656486,-0.248347116,-0.966386787,-0.066485243,-0.495568686,-0.54530159,-0.041591237,-0.58339378,-0.400481881,-0.063131093,-0.497418235,-0.298417112,-0.091718631,-0.412242286,-0.264726407,-0.11635635,-0.551904582,-0.33402714,-0.060745305,-0.594247303,-0.185378896,-0.055961595,-0.487185851,-0.123464122,-0.066047682,-0.386981507,-0.118012783,-0.089132665,-0.555733083,-0.111718981,-0.074776949,-0.588484414,0.004570031,-0.084446726,-0.486344385,0.028681817,-0.08267795,-0.385274763,0.023519148,-0.091771451,-0.537902628,0.096263301,-0.088729558,-0.552993712,0.172165131,-0.100157445,-0.458884028,0.183406496,-0.081491618,-0.374631557,0.165381122,-0.066581343,thumbs_up
0,0,0,-0.061995018,-0.323165606,0.016366587,-0.206834791,-0.587627664,0.01048515,-0.309304074,-0.796888998,-0.002374358,-0.264913968,-0.964044068,-0.020967242,-0.529528728,-0.535349822,-0.023304087,-0.638485206,-0.423837491,-0.028248736,-0.548024484,-0.33441893,-0.042609336,-0.455746571,-0.306501816,-0.059137631,-0.582953023,-0.321728767,-0.047081997,-0.635683294,-0.178723071,-0.029644886,-0.527816937,-0.126413187,-0.030120246,-0.423361497,-0.129790541,-0.045850931,-0.581158393,-0.095472496,-0.063424623,-0.613967695,0.014099044,-0.058424649,-0.5162607,0.029914378,-0.053664219,-0.414275335,0.0184288,-0.063096832,-0.557365634,0.114756119,-0.078094857,-0.559467362,0.186948943,-0.083588723,-0.461428252,0.193081358,-0.068357494,-0.373714493,0.167302546,-0.055500148,thumbs_up
0,0,0,-0.059695462,-0.318543885,0.007405344,-0.209739513,-0.584938864,-0.002589069,-0.311177939,-0.794737558,-0.01790676,-0.265648487,-0.963281029,-0.038994111,-0.533052685,-0.530881659,-0.033781767,-0.641468859,-0.40816738,-0.045827011,-0.547977597,-0.317509292,-0.065663544,-0.455039809,-0.290847871,-0.084740169,-0.582730544,-0.318763741,-0.054350178,-0.635678432,-0.171583117,-0.041927572,-0.526089925,-0.117643368,-0.043129317,-0.42116266,-0.119337947,-0.058766208,-0.580439761,-0.094608109,-0.068570686,-0.615287789,0.014760612,-0.068248173,-0.517572244,0.033533841,-0.062224402,-0.414353325,0.024988591,-0.069580454,-0.558032841,0.115075638,-0.08193398,-0.567022893,0.188469516,-0.09043636,-0.468923784,0.197177183,-0.073994284,-0.380847018,0.175272294,-0.059573337,thumbs_up
0,0,0,-0.058896456,-0.322186225,-0.001363279,-0.204238594,-0.586686698,-0.022359714,-0.306825533,-0.790646314,-0.046802853,-0.265044265,-0.96116516,-0.076896509,-0.536106257,-0.518153994,-0.066235674,-0.634763068,-0.387254699,-0.092837093,-0.535710387,-0.302949172,-0.118972162,-0.443548552,-0.276238516,-0.140929564,-0.584646463,-0.295607086,-0.087590833,-0.62575669,-0.160375102,-0.086013882,-0.513423372,-0.108377285,-0.087051409,-0.410628729,-0.104491529,-0.102461401,-0.58042718,-0.066752871,-0.102398676,-0.599113501,0.03186519,-0.110402265,-0.499282459,0.047234706,-0.100808212,-0.398121435,0.040406308,-0.105493661,-0.556096976,0.145611792,-0.117086094,-0.549527807,0.208152959,-0.133729343,-0.450197892,0.214170471,-0.117474732,-0.365374051,0.195186064,-0.102484264,thumbs_up
0,0,0,-0.070416008,-0.332228199,0.013257893,-0.215197646,-0.584939535,-0.00104461,-0.31136786,-0.793534288,-0.021261322,-0.26466038,-0.963232537,-0.046238118,-0.538634425,-0.528896811,-0.043096762,-0.648082684,-0.400667028,-0.052929595,-0.550026069,-0.313161327,-0.068732607,-0.458511642,-0.285497537,-0.084863924,-0.588007566,-0.312163757,-0.064887466,-0.632019067,-0.173520547,-0.04594479,-0.521264396,-0.123083495,-0.040832878,-0.421951386,-0.122244645,-0.055211587,-0.584667449,-0.086512169,-0.078531325,-0.599171989,0.014405932,-0.068446846,-0.502642393,0.024568888,-0.059645171,-0.404031197,0.015767583,-0.06895391,-0.561930385,0.119707074,-0.0911523,-0.548059924,0.18264333,-0.090647303,-0.453379068,0.183238948,-0.072785198,-0.371483842,0.161860611,-0.059912828,thumbs_up
0,0,0,-0.067511109,-0.329573275,0.019427604,-0.214495105,-0.585672985,0.011731444,-0.312625292,-0.794489487,-0.002367412,-0.268597825,-0.96301125,-0.021553214,-0.541942481,-0.528588438,-0.026418241,-0.646246728,-0.417364446,-0.026976228,-0.554469426,-0.329123989,-0.039354986,-0.467904946,-0.302687419,-0.054797878,-0.591946537,-0.310664193,-0.047973278,-0.637881075,-0.179567839,-0.01986231,-0.530806323,-0.129210394,-0.013999984,-0.434427535,-0.130779443,-0.029573075,-0.587825317,-0.083447457,-0.060907054,-0.614913542,0.010335563,-0.045706307,-0.518470293,0.020740626,-0.037464924,-0.419353036,0.013174935,-0.048185749,-0.564267804,0.12298213,-0.071775413,-0.563352878,0.177566702,-0.068117951,-0.46742528,0.177506083,-0.049049598,-0.381831271,0.156594455,-0.035995111,thumbs_up
0,0,0,-0.055294586,-0.332181807,0.021236734,-0.202922562,-0.588354629,0.01348899,-0.311265164,-0.795175104,0.000282005,-0.274038393,-0.961544688,-0.018296757,-0.525252923,-0.532168306,-0.044181516,-0.602312768,-0.425770505,-0.047540124,-0.50505607,-0.330998886,-0.059461361,-0.417580775,-0.293559144,-0.074961126,-0.579199318,-0.309816278,-0.067362554,-0.600514589,-0.189971312,-0.036473588,-0.493664703,-0.133983185,-0.028961405,-0.400974064,-0.125886727,-0.04701456,-0.577967204,-0.082261301,-0.080355938,-0.581336986,0.013616802,-0.065348225,-0.479976046,0.019950529,-0.058318457,-0.38108072,0.011843558,-0.072527186,-0.555593363,0.126311249,-0.090717381,-0.534069455,0.191984096,-0.089622183,-0.436360033,0.19036273,-0.072497603,-0.353747734,0.168977096,-0.062767818,thumbs_up
0,0,0,-0.070902957,-0.331783327,0.016249759,-0.217453275,-0.586049173,0.001688994,-0.309167464,-0.793348192,-0.018816691,-0.266550689,-0.962774769,-0.04489404,-0.538387341,-0.520405174,-0.052582747,-0.62210249,-0.396041993,-0.065347816,-0.521161026,-0.309999613,-0.083544243,-0.430090209,-0.280325476,-0.102011384,-0.583161955,-0.300130914,-0.076983125,-0.607300576,-0.163567657,-0.058294264,-0.494308299,-0.115883074,-0.053512762,-0.396352499,-0.117135585,-0.070920718,-0.574987782,-0.07418194,-0.092263369,-0.579084312,0.03177687,-0.086178002,-0.477281179,0.036857648,-0.077808177,-0.376763798,0.020794151,-0.088316926,-0.547728124,0.12998162,-0.105865716,-0.529674621,0.202023688,-0.111344637,-0.430413188,0.196381435,-0.094945952,-0.345303458,0.165591718,-0.083828587,thumbs_up
0,0,0,-0.07083217,-0.323904373,0.014614824,-0.218672348,-0.581431342,0.002722642,-0.316700582,-0.789882909,-0.014803441,-0.272652711,-0.9613484,-0.038337352,-0.531120682,-0.518722357,-0.032990886,-0.61181178,-0.387653035,-0.043098305,-0.509138332,-0.301452129,-0.064203844,-0.414241441,-0.271409996,-0.083903876,-0.579131332,-0.302606262,-0.054502896,-0.606873177,-0.161196638,-0.033288769,-0.49651172,-0.109462527,-0.033630418,-0.397374234,-0.10611181,-0.053067626,-0.57718225,-0.077384741,-0.068255473,-0.590961608,0.023627464,-0.059028334,-0.492739493,0.031122182,-0.053809804,-0.391114947,0.019986237,-0.06540675,-0.554744816,0.129116495,-0.080553333,-0.548933053,0.197198807,-0.08081594,-0.450993887,0.194928,-0.062525546,-0.365441357,0.17062587,-0.04990108,thumbs_up
0,0,0,-0.069866321,-0.318910708,0.005219072,-0.217604528,-0.581553843,-0.012697877,-0.317619501,-0.79008691,-0.035104904,-0.273883059,-0.959730556,-0.062492633,-0.541561308,-0.511685386,-0.053273013,-0.624940983,-0.404266685,-0.073493014,-0.523299423,-0.323304836,-0.095667193,-0.427541698,-0.290446125,-0.115082508,-0.58471435,-0.2955951,-0.074565295,-0.608060801,-0.159991231,-0.065428218,-0.495433025,-0.114846413,-0.066644346,-0.3950438,-0.113126366,-0.084686672,-0.574718663,-0.073756621,-0.088902565,-0.582988479,0.030055192,-0.092006304,-0.481245534,0.030769236,-0.087411799,-0.377905018,0.014050541,-0.097138996,-0.544796631,0.128557714,-0.102335175,-0.531979298,0.203395326,-0.11580608,-0.43147535,0.196401278,-0.102719499,-0.343065455,0.165563119,-0.091371763,thumbs_up
0,0,0,-0.075405475,-0.31739559,0.008880046,-0.220340102,-0.578519199,-0.006592544,-0.317094248,-0.785995106,-0.02962863,-0.282644749,-0.957386131,-0.059361119,-0.53051901,-0.51570924,-0.040383904,-0.626976562,-0.379103223,-0.063837337,-0.537653285,-0.295466442,-0.092953448,-0.44782531,-0.269687212,-0.116371134,-0.574579261,-0.3032553,-0.066100598,-0.60132067,-0.154053289,-0.062589006,-0.498392619,-0.107845201,-0.070381042,-0.397964414,-0.112000179,-0.091066237,-0.568062774,-0.080525228,-0.085568362,-0.574952079,0.027023551,-0.092529962,-0.480086076,0.037012553,-0.08768474,-0.37898658,0.020708744,-0.095172289,-0.543427587,0.12851732,-0.10481069,-0.529541286,0.203598287,-0.1180845,-0.432456689,0.201627464,-0.10231607,-0.347538483,0.172688712,-0.088182767,thumbs_up
0,0,0,-0.08535811,-0.316801137,-0.000319254,-0.232193472,-0.573112757,-0.023188962,-0.315401529,-0.781195231,-0.052153766,-0.280559657,-0.955837503,-0.087526829,-0.530375463,-0.501306877,-0.06309376,-0.649791238,-0.344520447,-0.089629678,-0.567072064,-0.259586173,-0.11544746,-0.483278447,-0.239422886,-0.136492351,-0.571895535,-0.288176121,-0.086655384,-0.621275069,-0.113360711,-0.088905224,-0.516957315,-0.070973267,-0.093149781,-0.415057364,-0.08671158,-0.110055894,-0.56589596,-0.064560995,-0.103713465,-0.589579134,0.060118006,-0.11184825,-0.494132333,0.06842035,-0.102831241,-0.39491443,0.043964659,-0.10796329,-0.545402386,0.146862728,-0.121553561,-0.536927695,0.229662558,-0.137661828,-0.438539346,0.228646562,-0.12155663,-0.354513046,0.19601477,-0.106656526,thumbs_up
0,0,0,-0.086890114,-0.309018683,0.006781446,-0.236318226,-0.570368442,-0.010078501,-0.319870227,-0.784969798,-0.036918425,-0.279072346,-0.957592932,-0.071654742,-0.538337911,-0.510481529,-0.029713756,-0.685636878,-0.374789124,-0.057361017,-0.617598638,-0.280605081,-0.093069311,-0.546046224,-0.257492003,-0.121029511,-0.579448139,-0.313856479,-0.056223886,-0.643998469,-0.146990837,-0.060251548,-0.538425375,-0.10164145,-0.072173725,-0.435823737,-0.113768787,-0.092106003,-0.572014493,-0.099245112,-0.078098928,-0.606733757,0.022960161,-0.087920975,-0.508832221,0.038183139,-0.082841709,-0.407461564,0.018454119,-0.088158536,-0.551419641,0.105117943,-0.100562538,-0.553798973,0.192196906,-0.115678749,-0.454403275,0.197698623,-0.100209449,-0.367377387,0.168768258,-0.084659637,thumbs_up
0,0,0,-0.071557418,-0.302618068,0.009582876,-0.223668736,-0.571461315,-0.002734325,-0.321728721,-0.788124551,-0.025239353,-0.281857778,-0.957910396,-0.054441399,-0.51963694,-0.550452515,-0.031422516,-0.688680668,-0.506637511,-0.060130079,-0.672510409,-0.420232212,-0.089155576,-0.63960794,-0.384389383,-0.112211549,-0.566093931,-0.363079169,-0.056293081,-0.633886373,-0.226476261,-0.05987189,-0.529226455,-0.169811183,-0.061122238,-0.430423002,-0.173305184,-0.075923447,-0.558695227,-0.147997328,-0.077273976,-0.593034633,-0.037816988,-0.089500435,-0.491538384,-0.022235335,-0.0761295,-0.389148634,-0.033823671,-0.077428568,-0.537581327,0.057461823,-0.098692263,-0.542315511,0.138141668,-0.110712813,-0.444556367,0.140163124,-0.093160312,-0.357064126,0.113331643,-0.079338142,thumbs_up
0,0,0,-0.040442503,-0.339280277,0.012277951,-0.192752798,-0.593159242,0.007126367,-0.293093999,-0.799518538,-0.003048555,-0.256115035,-0.966538465,-0.014439009,-0.498493416,-0.529172292,-0.025183861,-0.566544446,-0.50965086,-0.031112626,-0.471806233,-0.43838667,-0.046198245,-0.392303846,-0.390271205,-0.061720018,-0.54717943,-0.323041039,-0.040766123,-0.549836531,-0.285841245,-0.018322085,-0.444343301,-0.253639027,-0.017790151,-0.357919151,-0.234649863,-0.037602875,-0.536282614,-0.113284769,-0.049742005,-0.523362553,-0.0895119,-0.042927572,-0.428975168,-0.095915568,-0.041013231,-0.34009165,-0.090596937,-0.054467118,-0.502953439,0.067967824,-0.056945385,-0.474826848,0.073818723,-0.057893835,-0.386862968,0.060584914,-0.045188517,-0.311370435,0.04606498,-0.038256887,thumbs_up
0,0,0,-0.066557136,-0.325926436,0.002983302,-0.21289716,-0.569521771,-0.017737775,-0.307486548,-0.781050327,-0.043397557,-0.264335882,-0.961903262,-0.069775757,-0.533859257,-0.503256042,-0.043525563,-0.633910928,-0.463616834,-0.057278292,-0.538274975,-0.395039171,-0.074678612,-0.452284469,-0.364466026,-0.092192645,-0.578122665,-0.288863335,-0.061972841,-0.606059495,-0.223360514,-0.050432591,-0.495361179,-0.196822622,-0.048321963,-0.4039927,-0.194562189,-0.063517351,-0.56457161,-0.069067497,-0.074513818,-0.5693305,-0.023438518,-0.072715629,-0.473422395,-0.029299104,-0.065140306,-0.380038334,-0.03350568,-0.072710584,-0.527908097,0.121660042,-0.086473204,-0.511492265,0.141977557,-0.090208543,-0.420237177,0.126205438,-0.074083458,-0.339935341,0.103132119,-0.061795814,thumbs_up
0,0,0,-0.059789216,-0.327140934,0.015960393,-0.208040579,-0.588419684,0.007933491,-0.306632847,-0.798261861,-0.006115759,-0.268139027,-0.963068235,-0.024516065,-0.509065647,-0.530500536,-0.026070708,-0.582373453,-0.41957345,-0.034047165,-0.484385483,-0.330828489,-0.05323731,-0.395687743,-0.293017455,-0.071611319,-0.557426556,-0.317573888,-0.048042058,-0.569562855,-0.209344127,-0.027564041,-0.462288356,-0.161792351,-0.030540889,-0.369606335,-0.151982949,-0.052057391,-0.554340809,-0.098216417,-0.062347878,-0.550524099,-0.02254968,-0.057258569,-0.450934676,-0.018124971,-0.056184509,-0.35329381,-0.023484651,-0.069396101,-0.529926932,0.099352522,-0.074767163,-0.510206921,0.140325557,-0.077705001,-0.414150023,0.136901417,-0.062041306,-0.331573045,0.116543416,-0.051472719,thumbs_up
0,0,0,-0.06669273,-0.311194912,0.021951674,-0.211210719,-0.575807002,0.008792744,-0.303759018,-0.794389111,-0.010524723,-0.251215276,-0.967189687,-0.037881306,-0.508385685,-0.524793974,-0.042294956,-0.597967408,-0.377229682,-0.044312331,-0.506314345,-0.287587569,-0.057042105,-0.41350321,-0.255371005,-0.071595912,-0.556995215,-0.311603084,-0.067993813,-0.589898914,-0.156465926,-0.036260816,-0.484016767,-0.102972615,-0.031674547,-0.386161226,-0.103690329,-0.050197095,-0.557786868,-0.085781874,-0.083054502,-0.568236378,0.029604396,-0.06075623,-0.472395568,0.045120026,-0.053244351,-0.374592621,0.030361321,-0.067624518,-0.542426378,0.123905025,-0.096241894,-0.534248246,0.194053635,-0.084396736,-0.437794342,0.199371918,-0.061680736,-0.355856848,0.176450305,-0.049102528,thumbs_up
0,0,0,-0.064228134,-0.320814064,0.010270832,-0.204400174,-0.582366216,-0.006822077,-0.301958445,-0.788703183,-0.03012887,-0.267762341,-0.961646581,-0.059491019,-0.5021438,-0.521737229,-0.040272628,-0.571748292,-0.37460049,-0.058977589,-0.473420107,-0.291550719,-0.086389055,-0.382970129,-0.262268214,-0.109160362,-0.547634796,-0.311304409,-0.064655991,-0.560337088,-0.172003838,-0.053636556,-0.453515476,-0.124903853,-0.059765906,-0.356936022,-0.11945018,-0.081850306,-0.545929496,-0.092789333,-0.08194119,-0.543741826,0.002518225,-0.081807749,-0.449226707,0.012329114,-0.079899031,-0.351512576,0.001537369,-0.091630305,-0.525954832,0.106644684,-0.098365154,-0.50653215,0.169203149,-0.103869143,-0.412087647,0.168479902,-0.087998431,-0.331596942,0.143796301,-0.076578343,thumbs_up
0,0,0,-0.059367473,-0.319531891,0.016863592,-0.204902564,-0.589216105,0.002525499,-0.29553462,-0.804211143,-0.017673416,-0.239104036,-0.969943071,-0.045163023,-0.494559893,-0.536443156,-0.052603665,-0.582560719,-0.399068102,-0.066139868,-0.492045623,-0.305433635,-0.084668249,-0.400216162,-0.268299462,-0.102303601,-0.547713311,-0.31986207,-0.079045322,-0.581906947,-0.176650931,-0.05745895,-0.478199493,-0.121034985,-0.053294706,-0.381805249,-0.116760764,-0.07110004,-0.550863958,-0.092930203,-0.09622574,-0.560688872,0.019462311,-0.083838074,-0.463409265,0.035877494,-0.075696985,-0.367169776,0.022658993,-0.088015473,-0.535482881,0.117553247,-0.111999032,-0.520771483,0.190074239,-0.108785293,-0.42608197,0.194739974,-0.088914227,-0.347673285,0.169480349,-0.077476736,thumbs_up
0,0,0,-0.076982471,-0.32438486,0.013118878,-0.217217352,-0.585143361,-0.007278453,-0.302685515,-0.795433609,-0.033887656,-0.253902114,-0.96482597,-0.068151043,-0.516255108,-0.523028923,-0.059283144,-0.615879755,-0.358731161,-0.078278056,-0.52307986,-0.273790885,-0.1001726,-0.426844221,-0.244266357,-0.118755694,-0.559580483,-0.310605945,-0.085836503,-0.6030105,-0.146579301,-0.074619757,-0.498510375,-0.097980039,-0.07336816,-0.396065841,-0.102394588,-0.090630484,-0.556819699,-0.086766496,-0.103543707,-0.575685116,0.030820811,-0.100184318,-0.482357607,0.045123924,-0.091240756,-0.381874646,0.027282612,-0.099975701,-0.539292961,0.121100635,-0.120563799,-0.532868189,0.199192722,-0.124665141,-0.436338406,0.201947357,-0.105837551,-0.352939567,0.17269135,-0.092735039,thumbs_up
0,0,0,-0.070829439,-0.310807665,0.016301934,-0.211648875,-0.573945712,0.00400552,-0.297341565,-0.7992122,-0.018152128,-0.247483486,-0.967757544,-0.046874944,-0.48599911,-0.541740804,-0.026555315,-0.649296258,-0.503850895,-0.042979263,-0.598467287,-0.41019451,-0.065456336,-0.528915665,-0.368813335,-0.08540715,-0.539707757,-0.345649681,-0.053280979,-0.650149733,-0.264041365,-0.041716243,-0.569647354,-0.210039212,-0.041753825,-0.473465082,-0.20176325,-0.057621122,-0.545360612,-0.135055498,-0.073894018,-0.623788113,-0.072614987,-0.071949282,-0.539108215,-0.046352914,-0.058900398,-0.437995044,-0.041681733,-0.063016205,-0.530289059,0.063475554,-0.093454166,-0.571491816,0.112685071,-0.097700338,-0.482972784,0.126377104,-0.074975985,-0.393976967,0.11285856,-0.0582917,thumbs_up
0,0,0,-0.045950696,-0.326821578,-0.005264392,-0.178075054,-0.596633493,-0.024941373,-0.26107317,-0.810508723,-0.044318155,-0.21561012,-0.974342469,-0.064568016,-0.472069278,-0.500729655,-0.056362782,-0.541728653,-0.49133416,-0.065046836,-0.454350971,-0.435569128,-0.077577712,-0.375690111,-0.392098936,-0.090641422,-0.517882854,-0.283029644,-0.06643978,-0.534035213,-0.279933096,-0.047847739,-0.440122176,-0.261853416,-0.046585478,-0.353643401,-0.239517764,-0.066008663,-0.510393313,-0.073216647,-0.069700882,-0.522451388,-0.084405513,-0.067234883,-0.436539388,-0.092688107,-0.062977094,-0.345504493,-0.083996866,-0.074332782,-0.48197898,0.102766032,-0.071635767,-0.487904468,0.080019772,-0.07859412,-0.406395131,0.071366168,-0.062473072,-0.325954623,0.067125355,-0.052239924,thumbs_up
0,0,0,-0.035625964,-0.305189265,-0.001833855,-0.175402655,-0.592798839,-0.010165608,-0.27844937,-0.792722534,-0.020224922,-0.250358636,-0.967514095,-0.035171436,-0.451404588,-0.534259977,-0.017652054,-0.517678336,-0.437485224,-0.029260246,-0.432779237,-0.363719416,-0.052488678,-0.344779645,-0.333910426,-0.073533846,-0.519313845,-0.334598293,-0.033653179,-0.54530799,-0.245638966,-0.026676954,-0.445896119,-0.201370523,-0.040766271,-0.347875018,-0.186755818,-0.063724691,-0.536186423,-0.122685652,-0.045579289,-0.56728231,-0.069139243,-0.056234046,-0.472793237,-0.053864331,-0.05938367,-0.371348603,-0.052410558,-0.06917984,-0.522667403,0.071652006,-0.056251919,-0.547008208,0.100559612,-0.071967614,-0.457794343,0.107771741,-0.058359251,-0.374922917,0.094603982,-0.045913416,thumbs_up
0,0,0,-0.063330656,-0.323313157,0.003011725,-0.203908334,-0.579776124,-0.01288789,-0.289919118,-0.787719455,-0.034017607,-0.262106294,-0.963373779,-0.056667906,-0.507464023,-0.460751655,-0.025301915,-0.553702548,-0.440237291,-0.043763328,-0.456229106,-0.390359462,-0.072722837,-0.38037992,-0.355882686,-0.097219095,-0.552583138,-0.253168479,-0.045166872,-0.571212944,-0.25453296,-0.037420009,-0.480170709,-0.238972173,-0.045620162,-0.400935323,-0.217956025,-0.067804288,-0.54719664,-0.048604391,-0.061241929,-0.568170629,-0.069983897,-0.066364517,-0.485071809,-0.072387339,-0.060665863,-0.398775002,-0.056599527,-0.066891704,-0.51856344,0.128523851,-0.076571921,-0.539128943,0.093710496,-0.085355126,-0.458611301,0.079062701,-0.065477205,-0.380348282,0.077704158,-0.050258051,thumbs_up
0,0,0,-0.064038953,-0.32171356,-0.00030602,-0.213157799,-0.578538124,-0.01575067,-0.307732158,-0.781593195,-0.036896968,-0.279626139,-0.958176538,-0.060884677,-0.527933168,-0.487914199,-0.035110321,-0.586930291,-0.415907125,-0.06082152,-0.487587346,-0.350031145,-0.093269151,-0.404577093,-0.314854623,-0.11959045,-0.576253416,-0.273867432,-0.055893929,-0.587830773,-0.198984081,-0.056742829,-0.483214511,-0.173702498,-0.067995472,-0.390163544,-0.166788248,-0.091084774,-0.568014335,-0.05804407,-0.072992696,-0.575384125,-0.009712918,-0.090200337,-0.478277306,-0.014256139,-0.091370226,-0.37927827,-0.020452294,-0.100424832,-0.534660158,0.130276538,-0.089532446,-0.525771179,0.152029663,-0.112725978,-0.432513123,0.13701498,-0.10296837,-0.347617293,0.11332395,-0.092635389,thumbs_up
0,0,0,-0.069974719,-0.330671093,0.026720251,-0.217943983,-0.585300526,0.027290535,-0.315450511,-0.785912656,0.020733863,-0.287497754,-0.957735331,0.009384964,-0.519944634,-0.520396777,-0.000326645,-0.611442934,-0.413272164,0.008310479,-0.522253032,-0.333553627,-0.002696998,-0.433959175,-0.308398821,-0.018708363,-0.570694944,-0.308435597,-0.023628321,-0.620133906,-0.195924572,0.008890479,-0.519610075,-0.151781638,0.011160895,-0.421849545,-0.150829036,-0.007886121,-0.568286429,-0.086153292,-0.038642602,-0.610205515,-0.012145042,-0.025414426,-0.518567311,-0.001508033,-0.019541462,-0.41778317,-0.004712793,-0.030994848,-0.539586471,0.110515658,-0.050537319,-0.558288736,0.156299776,-0.050416913,-0.466086795,0.155581521,-0.031486468,-0.380478123,0.134173464,-0.018866173,thumbs_up
0,0,0,-0.076688,-0.327205733,0.02690556,-0.223678795,-0.587016352,0.025410093,-0.316388275,-0.797846895,0.017800179,-0.280636942,-0.959795404,0.005974005,-0.535349002,-0.531501362,-0.016549057,-0.64914032,-0.44215192,-0.00843298,-0.560488169,-0.357677813,-0.013937091,-0.473650733,-0.330390641,-0.02572163,-0.580331111,-0.316248185,-0.038825203,-0.64757157,-0.20276501,-0.004670584,-0.54629068,-0.150515382,0.002790682,-0.45161602,-0.147893309,-0.013457871,-0.573427937,-0.09294191,-0.051600859,-0.623307057,-0.012752546,-0.03210781,-0.530214442,-0.004144722,-0.023560279,-0.432141991,-0.008468627,-0.035432227,-0.545288543,0.108275855,-0.060988288,-0.564372669,0.153820661,-0.053193068,-0.473672066,0.153793316,-0.032436535,-0.389761789,0.13619388,-0.01994674,thumbs_up
0,0,0,-0.08035794,-0.31684863,0.021458505,-0.222367793,-0.582865886,0.010158694,-0.330190972,-0.78327316,-0.006916946,-0.303430268,-0.95236015,-0.03066296,-0.511084787,-0.5027394,-0.039328193,-0.616356472,-0.367974105,-0.044387611,-0.522849346,-0.295963023,-0.057313894,-0.427544471,-0.279458463,-0.070813124,-0.562737863,-0.286679024,-0.065457471,-0.60671387,-0.172805863,-0.041970481,-0.509115255,-0.13100982,-0.040243805,-0.410217889,-0.125799969,-0.057251535,-0.56261257,-0.066274076,-0.081212198,-0.583617807,0.008784745,-0.067885918,-0.494074765,0.018294375,-0.058264741,-0.394286875,0.007589787,-0.06767055,-0.538301871,0.134375721,-0.094660676,-0.539760183,0.17673552,-0.093745524,-0.446987924,0.178101717,-0.071948436,-0.363126888,0.15972697,-0.056397054,thumbs_up
0,0,0,-0.055034385,-0.304711469,-0.001438646,-0.201947557,-0.587672656,-0.012203661,-0.311576189,-0.785180444,-0.025351124,-0.285574208,-0.957455153,-0.041557211,-0.501974748,-0.496150216,-0.032294664,-0.609507307,-0.3934413,-0.05212457,-0.519536695,-0.329964515,-0.074541365,-0.426647209,-0.309928277,-0.092862505,-0.548970805,-0.284609213,-0.051487364,-0.624174387,-0.202595792,-0.050271636,-0.53163819,-0.169017436,-0.057657672,-0.431881589,-0.160249966,-0.073844339,-0.542763091,-0.071465658,-0.066708615,-0.592195467,-0.016132172,-0.081107179,-0.507227364,-0.007406945,-0.079943943,-0.409716242,-0.014073726,-0.085557458,-0.509037233,0.117006087,-0.080833621,-0.533788911,0.155837954,-0.100683462,-0.446466926,0.157240375,-0.0884038,-0.362255001,0.137917871,-0.075682989,thumbs_up
0,0,0,-0.076996946,-0.322119786,0.001759811,-0.219019109,-0.587119535,-0.015494113,-0.328510023,-0.778518066,-0.035294184,-0.313664973,-0.947726816,-0.05855054,-0.507025562,-0.486646381,-0.048463354,-0.61338657,-0.359336832,-0.062620241,-0.527491746,-0.296227669,-0.077708595,-0.441022019,-0.28940404,-0.091814942,-0.553109482,-0.272058468,-0.068125923,-0.620923652,-0.167615933,-0.059909014,-0.530854597,-0.139674183,-0.059838978,-0.435980162,-0.146313586,-0.073956527,-0.55263718,-0.058500371,-0.081002829,-0.594826033,0.009767434,-0.081830717,-0.510467836,0.015511033,-0.0731007,-0.415197669,-1.85E-05,-0.078478266,-0.530143128,0.129874904,-0.093434469,-0.542998351,0.16869281,-0.101378056,-0.455052917,0.164150644,-0.084649667,-0.371682337,0.139735592,-0.07088714,thumbs_up
0,0,0,-0.071483835,-0.320403861,0.011214301,-0.21961974,-0.58731919,0.001873799,-0.334444662,-0.781007007,-0.011897453,-0.31630594,-0.948241778,-0.028072817,-0.509109278,-0.502842663,-0.016419443,-0.602222094,-0.441766805,-0.021991468,-0.5133554,-0.376223407,-0.04024205,-0.428218203,-0.347266038,-0.058262626,-0.550581487,-0.290049546,-0.036065876,-0.610252656,-0.231480061,-0.016726863,-0.517707534,-0.205551383,-0.020001015,-0.422977577,-0.19179053,-0.038703586,-0.542133994,-0.078492251,-0.049466067,-0.591342214,-0.048189291,-0.044365649,-0.506321193,-0.048237913,-0.03919438,-0.408604763,-0.043761833,-0.047367328,-0.510665726,0.106196035,-0.060971423,-0.543686628,0.11146863,-0.064275691,-0.46038076,0.106566793,-0.045781167,-0.376500337,0.096858313,-0.031663515,thumbs_up
0,0,0,-0.080036478,-0.309836439,0.018199932,-0.240793534,-0.575170947,0.016659798,-0.369494529,-0.767793569,0.010604357,-0.350059686,-0.936727317,-0.00038824,-0.549847045,-0.48678078,-0.030779141,-0.676992226,-0.356656768,-0.025339256,-0.585585174,-0.279719685,-0.027923508,-0.494747013,-0.265700418,-0.034556835,-0.585057445,-0.272624943,-0.050686174,-0.649047546,-0.137269705,-0.02103345,-0.548690221,-0.110716355,-0.012383575,-0.450727469,-0.128185337,-0.023968745,-0.567020301,-0.057745272,-0.060777403,-0.606623328,0.036793241,-0.04600275,-0.515011584,0.034462421,-0.037008323,-0.416534442,0.007338217,-0.045789369,-0.534507645,0.138120409,-0.068601584,-0.548592755,0.191447136,-0.068080627,-0.455781825,0.18931936,-0.049095016,-0.372045123,0.16373991,-0.035012638,thumbs_up
0,0,0,-0.079935208,-0.326503855,0.017321804,-0.216379157,-0.585817745,0.015064122,-0.352660608,-0.762785157,0.008492348,-0.426263942,-0.904598013,-0.001218939,-0.505410763,-0.505713135,-0.022203234,-0.628004902,-0.4215605,-0.016560147,-0.53824362,-0.345368664,-0.017686392,-0.449794713,-0.319750941,-0.022555453,-0.549709531,-0.290597838,-0.042965292,-0.642008611,-0.197285642,-0.016273856,-0.554244895,-0.159268754,-0.009097416,-0.454507833,-0.156016328,-0.020977564,-0.543359471,-0.07180476,-0.055733856,-0.61335792,0.001218858,-0.041785663,-0.528434529,0.010934587,-0.028557347,-0.427929793,0.001564691,-0.034661569,-0.515401924,0.125787754,-0.066174939,-0.556335978,0.173508535,-0.06401687,-0.471227435,0.178957026,-0.040193744,-0.386305338,0.159967199,-0.02330291,thumbs_up
0,0,0,-0.08410131,-0.31071473,0.022635896,-0.214980028,-0.572045567,0.014707536,-0.328329627,-0.775064075,0.002523655,-0.343328646,-0.939125567,-0.012984999,-0.497719355,-0.517157586,-0.043399693,-0.634302458,-0.424678286,-0.041895834,-0.550678255,-0.343315645,-0.039354589,-0.464690225,-0.316553352,-0.041157091,-0.538846401,-0.300505009,-0.067922782,-0.64177127,-0.188086359,-0.045609086,-0.550724162,-0.14771575,-0.031217465,-0.451804412,-0.148387432,-0.038209131,-0.533377489,-0.078422988,-0.082213519,-0.6098235,0.01311541,-0.066694278,-0.526077189,0.022589875,-0.046131249,-0.428704274,0.010220296,-0.048787957,-0.510142866,0.121767836,-0.093821088,-0.550799211,0.185306696,-0.086819151,-0.46573644,0.191992418,-0.05916042,-0.383308177,0.172968468,-0.041008901,thumbs_up
0,0,0,-0.08460847,-0.350145117,0.010854696,-0.216375641,-0.652711489,-0.002713424,-0.372883158,-0.843969957,-0.015497356,-0.512656253,-0.857955481,-0.033105274,-0.543234436,-0.560575006,-0.069110099,-0.689333704,-0.451996933,-0.061830874,-0.601891483,-0.369246003,-0.054163969,-0.515824799,-0.351255999,-0.05319412,-0.584071879,-0.333742257,-0.087535341,-0.66673459,-0.208726748,-0.053222146,-0.570174375,-0.168594592,-0.034790328,-0.467009937,-0.174435101,-0.044347707,-0.573232237,-0.094272007,-0.094342642,-0.623256229,-0.000736497,-0.071361027,-0.534581718,0.005439599,-0.055783217,-0.431559505,-0.012561489,-0.066388658,-0.55287897,0.122200958,-0.099004514,-0.572395809,0.174383107,-0.090005339,-0.479655224,0.179491738,-0.066243051,-0.392491251,0.157029703,-0.053091555,thumbs_up
0,0,0,-0.072591693,-0.309655874,0.0166114,-0.208894624,-0.574579465,0.003990703,-0.327995182,-0.772926799,-0.012893589,-0.332133398,-0.942627574,-0.03377369,-0.502036081,-0.512893644,-0.052416781,-0.62136355,-0.403408612,-0.056998349,-0.534943168,-0.32684788,-0.058547337,-0.447865488,-0.303702317,-0.062716925,-0.549751332,-0.29376992,-0.075428669,-0.609640374,-0.171029379,-0.052876,-0.511356945,-0.137611934,-0.04109707,-0.411640818,-0.142173878,-0.050305076,-0.546018689,-0.069806456,-0.088623697,-0.569079507,0.02715531,-0.075183518,-0.4772267,0.030356298,-0.062067931,-0.378358501,0.014206243,-0.069636609,-0.526164136,0.132502441,-0.099932261,-0.518730386,0.197850984,-0.099193421,-0.42520616,0.196851626,-0.080887581,-0.343924358,0.173205252,-0.068274293,thumbs_up
0,0,0,-0.076416353,-0.359252869,0.00907749,-0.20047181,-0.660550826,-0.003595774,-0.351851456,-0.851962816,-0.014742273,-0.488725151,-0.871935395,-0.029603941,-0.53349786,-0.562353416,-0.065744078,-0.666230211,-0.486614925,-0.051768253,-0.579745857,-0.405804282,-0.039454331,-0.494927187,-0.379227584,-0.03642452,-0.586336492,-0.334390254,-0.08135242,-0.656600878,-0.227568354,-0.041348699,-0.562166826,-0.186830109,-0.02147394,-0.460673565,-0.180439349,-0.030687983,-0.582285172,-0.095047092,-0.085220906,-0.626346505,-0.01551607,-0.055041164,-0.538979741,-0.008557998,-0.038094434,-0.435854676,-0.016180581,-0.049526305,-0.562688942,0.117654883,-0.087278352,-0.580416243,0.167369432,-0.074354602,-0.489406819,0.176166558,-0.049656133,-0.401871291,0.163347786,-0.03647077,thumbs_up
0,0,0,-0.060885706,-0.345320222,0.011836646,-0.176380794,-0.622721979,0.001991495,-0.30249672,-0.813968291,-0.008294967,-0.400852543,-0.915886704,-0.021651413,-0.496743987,-0.554447606,-0.062538329,-0.62495137,-0.461658341,-0.052510468,-0.539675368,-0.378772935,-0.042000045,-0.451467427,-0.347035413,-0.039376452,-0.555257303,-0.327577648,-0.081130111,-0.627510717,-0.226896439,-0.044707638,-0.536257829,-0.185961315,-0.027561845,-0.435150405,-0.175876326,-0.038081336,-0.556693018,-0.092382777,-0.088338599,-0.596090441,-0.010963108,-0.063548473,-0.506657941,-0.00120834,-0.048271415,-0.404156345,-0.00625911,-0.059583153,-0.537261866,0.113667882,-0.093594011,-0.546360031,0.174105789,-0.085855667,-0.457247623,0.179952321,-0.063173258,-0.372631666,0.162467542,-0.050900127,thumbs_up
0,0,0,-0.052642697,-0.318903855,0.010004103,-0.1769088,-0.585633791,-0.001479274,-0.298349692,-0.782137863,-0.015709184,-0.294215543,-0.955156864,-0.033355356,-0.479526559,-0.535239432,-0.047203153,-0.574972722,-0.441869628,-0.047454309,-0.485915441,-0.363511415,-0.048615243,-0.399251669,-0.333000394,-0.05472143,-0.535321794,-0.313114965,-0.066613759,-0.583057542,-0.217988351,-0.041246518,-0.489094326,-0.176923926,-0.032584015,-0.392350292,-0.167152022,-0.046099309,-0.535500845,-0.091230667,-0.077047818,-0.557812464,-0.021553206,-0.066089028,-0.470657102,-0.013333361,-0.055520682,-0.373254358,-0.015136901,-0.064728211,-0.515045153,0.105187138,-0.085616195,-0.517101866,0.154688089,-0.08807482,-0.427916292,0.158734434,-0.070111532,-0.345761249,0.143561624,-0.05807234,thumbs_up
0,0,0,-0.080678253,-0.386524208,0.020495335,-0.208519476,-0.709809067,0.009304956,-0.377240008,-0.914419324,-6.54E-06,-0.524415387,-0.851360817,-0.013162889,-0.569969847,-0.603454278,-0.068337001,-0.702439574,-0.513971798,-0.062079188,-0.600850996,-0.435706471,-0.061039339,-0.50172533,-0.404807466,-0.064811157,-0.631325482,-0.366293228,-0.08805403,-0.710279881,-0.278315419,-0.047456506,-0.613553544,-0.235897501,-0.030413302,-0.507935079,-0.223770813,-0.043706655,-0.637728747,-0.115655604,-0.093456702,-0.68992976,-0.055732041,-0.059095043,-0.605414639,-0.047206424,-0.03774582,-0.497172976,-0.050591224,-0.048062475,-0.622206076,0.108597027,-0.096395042,-0.651180152,0.13649436,-0.075857787,-0.560438666,0.146269183,-0.043348526,-0.464456607,0.138302492,-0.025950996,thumbs_up
0,0,0,-0.05345343,-0.322961267,0.011975841,-0.164151976,-0.591306462,0.005087771,-0.28044585,-0.789291929,-0.004209338,-0.319356412,-0.94751236,-0.015225329,-0.476374393,-0.528345128,-0.030090973,-0.562310883,-0.457675954,-0.022267771,-0.474722727,-0.375329497,-0.018639608,-0.391004529,-0.337006262,-0.021237622,-0.538251421,-0.311499184,-0.048806617,-0.583521181,-0.23348484,-0.015927324,-0.49272429,-0.185238126,-0.007130085,-0.397026615,-0.16873341,-0.020073261,-0.54179746,-0.090306302,-0.059047375,-0.566615905,-0.026794189,-0.040334347,-0.479377193,-0.012737182,-0.029172419,-0.382484833,-0.012180396,-0.039243767,-0.521759229,0.1077775,-0.067585085,-0.522360358,0.161377762,-0.065139593,-0.43374997,0.167918232,-0.046090241,-0.352833749,0.150695715,-0.033596636,thumbs_up
0,0,0,-0.04838197,-0.354868579,0.001682664,-0.150475213,-0.635256093,-0.011793116,-0.278263404,-0.826266513,-0.025702457,-0.381356348,-0.923459884,-0.042298681,-0.492641799,-0.577493735,-0.050972873,-0.602446068,-0.498637767,-0.043231481,-0.516577081,-0.413198376,-0.039705996,-0.432435529,-0.379017589,-0.042690795,-0.555656884,-0.352285409,-0.065438944,-0.618614159,-0.253758576,-0.034104506,-0.527764213,-0.20673634,-0.025673603,-0.426855165,-0.189247528,-0.040669796,-0.560669942,-0.117688595,-0.070920215,-0.602205641,-0.044439198,-0.053312909,-0.513632627,-0.034708193,-0.045649138,-0.409216361,-0.032621351,-0.059153034,-0.544383168,0.09032524,-0.075192994,-0.555077232,0.143888233,-0.073636767,-0.464693688,0.147276274,-0.056892229,-0.374961171,0.132642566,-0.046854978,thumbs_up
0,0,0,-0.064083759,-0.36735348,0.008431955,-0.175382655,-0.685025811,-0.008895464,-0.327425735,-0.894988114,-0.022143938,-0.469944847,-0.881849442,-0.038644574,-0.511746836,-0.590153756,-0.085431639,-0.640353339,-0.553029011,-0.076019316,-0.549685028,-0.484673203,-0.068673664,-0.462172746,-0.454998494,-0.069570754,-0.574484317,-0.361283875,-0.099514739,-0.645864409,-0.3182356,-0.056005591,-0.556074497,-0.285735078,-0.034534564,-0.457280167,-0.26628323,-0.04597098,-0.582943445,-0.124240149,-0.100502843,-0.630795383,-0.09757651,-0.064613688,-0.550082104,-0.094327325,-0.043391101,-0.448307701,-0.089546901,-0.055268153,-0.571067953,0.086230924,-0.099575944,-0.595718602,0.092634625,-0.082241408,-0.509690161,0.095959806,-0.054687693,-0.420055496,0.090887229,-0.041992456,thumbs_up
0,0,0,-0.052342988,-0.321671317,0.00972736,-0.162491923,-0.592951174,-0.009937137,-0.262690919,-0.794093898,-0.033216119,-0.257354345,-0.964471788,-0.059690119,-0.45516424,-0.54526374,-0.071765223,-0.570675583,-0.452407876,-0.086581815,-0.488262263,-0.373112495,-0.092436461,-0.401848331,-0.341927052,-0.099471428,-0.518052189,-0.323898543,-0.096464702,-0.580470155,-0.224199948,-0.089696605,-0.489514153,-0.183435954,-0.082877613,-0.389468903,-0.175331337,-0.094040891,-0.52835719,-0.10027616,-0.111741096,-0.550999828,-0.024608566,-0.112851781,-0.463720038,-0.013661737,-0.100360704,-0.365861934,-0.016663656,-0.105745452,-0.516503201,0.099454142,-0.125569328,-0.499980757,0.154682569,-0.135872594,-0.407951833,0.159508042,-0.120948924,-0.326438764,0.14237578,-0.109469533,thumbs_up
0,0,0,-0.057305334,-0.369563886,-0.005519157,-0.159884255,-0.670277533,-0.029941915,-0.295022579,-0.882578148,-0.050713117,-0.434389392,-0.897658289,-0.074266092,-0.496723053,-0.574260092,-0.081835662,-0.643569181,-0.541309956,-0.082016544,-0.557957309,-0.461674393,-0.081730658,-0.46719898,-0.431298281,-0.085390084,-0.563410628,-0.343203353,-0.092434418,-0.65310099,-0.287053305,-0.061598365,-0.565039457,-0.245232178,-0.047779989,-0.460261027,-0.228946607,-0.060926106,-0.571360003,-0.100220991,-0.092966726,-0.632092593,-0.060342321,-0.070160043,-0.550973059,-0.050284206,-0.05549649,-0.444629575,-0.04894851,-0.067788242,-0.556562614,0.109630957,-0.092613559,-0.585967398,0.13712595,-0.084305801,-0.50094922,0.14709386,-0.061335871,-0.408680589,0.137813099,-0.0494889,thumbs_up
0,0,0,-0.058557009,-0.369828927,-0.012572322,-0.167595566,-0.683648897,-0.039665923,-0.312665725,-0.88757357,-0.06201478,-0.4572643,-0.885035377,-0.087302583,-0.485250345,-0.564171863,-0.099439816,-0.63637528,-0.511387239,-0.116420549,-0.550967135,-0.4335579,-0.124445627,-0.456503783,-0.400781438,-0.131300718,-0.546036506,-0.337127485,-0.110971286,-0.650414965,-0.274906397,-0.097889296,-0.56706231,-0.227011895,-0.088567385,-0.464549469,-0.212937568,-0.101905284,-0.554181252,-0.103591904,-0.113700196,-0.629014607,-0.059321329,-0.107436656,-0.550866882,-0.042931551,-0.091463084,-0.446836843,-0.046860973,-0.099366801,-0.541824436,0.101658387,-0.11611834,-0.579513546,0.139628663,-0.117829253,-0.494356758,0.153552175,-0.094381478,-0.404076215,0.139294938,-0.080875992,thumbs_up
0,0,0,-0.050281334,-0.318558131,0.001688262,-0.158540257,-0.586133423,-0.023473628,-0.255603496,-0.793511768,-0.049936937,-0.229941158,-0.970053534,-0.078250911,-0.434990051,-0.517846064,-0.062252451,-0.57585254,-0.468686902,-0.069408516,-0.498907788,-0.391824765,-0.070777578,-0.411598159,-0.35782209,-0.075289738,-0.494079489,-0.301295254,-0.079640224,-0.604400196,-0.255891957,-0.064083599,-0.525538917,-0.214140708,-0.052846506,-0.428840097,-0.196257386,-0.061005876,-0.506547706,-0.086730594,-0.089129232,-0.585886254,-0.057011671,-0.080137656,-0.507800032,-0.04038836,-0.062982806,-0.408995965,-0.036139918,-0.066955127,-0.49328754,0.101677567,-0.097334613,-0.533563871,0.127413281,-0.096450334,-0.449243086,0.138010574,-0.073642375,-0.363737134,0.124878597,-0.05883967,thumbs_up
0,0,0,-0.046003839,-0.316672056,0.005162037,-0.148451338,-0.591026587,-0.017249018,-0.246913408,-0.798810182,-0.042035884,-0.222914758,-0.972385952,-0.069098264,-0.427380693,-0.526853103,-0.053707602,-0.570385859,-0.470352855,-0.059890402,-0.494486527,-0.389931556,-0.061576011,-0.405870109,-0.35763279,-0.065686837,-0.49194856,-0.314735183,-0.072504909,-0.601055522,-0.256902379,-0.055289579,-0.523206245,-0.209583654,-0.045376834,-0.4261717,-0.194365639,-0.053275234,-0.508760132,-0.102195362,-0.083302373,-0.584330085,-0.05983868,-0.07147161,-0.506505252,-0.038558147,-0.056858345,-0.407842916,-0.037312264,-0.062309423,-0.500698154,0.088117456,-0.092733019,-0.53250936,0.125183313,-0.089523805,-0.448116421,0.140681163,-0.068009617,-0.363384254,0.128412987,-0.053564981,thumbs_up
0,0,0,-0.039767193,-0.343227939,0.006998337,-0.13587854,-0.618922796,0.000377752,-0.250303602,-0.820632563,-0.004686802,-0.327967623,-0.944642214,-0.009398181,-0.458544623,-0.562917047,-0.045890576,-0.602689658,-0.564348027,-0.027433701,-0.532852054,-0.492579079,-0.012126389,-0.455012782,-0.451559054,-0.005915544,-0.529352025,-0.347884859,-0.053397387,-0.621620497,-0.344766639,-0.012682039,-0.545472907,-0.310617533,0.004573364,-0.452110507,-0.279446044,-0.002868381,-0.539707413,-0.129143941,-0.05070669,-0.601989791,-0.120735331,-0.018602542,-0.525280953,-0.118803546,-0.003903974,-0.424709166,-0.102183497,-0.013823842,-0.525999025,0.066958196,-0.046174543,-0.556756264,0.076625686,-0.032172578,-0.47916456,0.073634588,-0.010547451,-0.391474737,0.069182652,0.002181711,thumbs_up
0,0,0,-0.048240851,-0.389623208,-0.000480067,-0.149879787,-0.710523389,-0.021715023,-0.301870438,-0.918431942,-0.038535235,-0.451281448,-0.8905013,-0.057900687,-0.496759625,-0.606405751,-0.077104835,-0.620990509,-0.559584141,-0.076162465,-0.522504859,-0.472523474,-0.081935048,-0.428480381,-0.432462531,-0.09146935,-0.574728713,-0.366741894,-0.088868101,-0.644916908,-0.317368096,-0.054488899,-0.557344335,-0.274308589,-0.047152312,-0.453104039,-0.252243402,-0.067226881,-0.596157561,-0.120386211,-0.089169837,-0.63685877,-0.086907549,-0.060183237,-0.560588966,-0.076200655,-0.046410495,-0.454535231,-0.065601257,-0.061020731,-0.59352178,0.093541871,-0.088563342,-0.608602394,0.113607514,-0.072623456,-0.525547986,0.127108907,-0.046745867,-0.433669305,0.125061147,-0.033849797,thumbs_up
0,0,0,-0.039229784,-0.334259652,0.010466155,-0.135843831,-0.60686793,-0.00014505,-0.231688952,-0.809990445,-0.012599454,-0.251011701,-0.96763411,-0.026026054,-0.436779086,-0.565602032,-0.046858541,-0.541754278,-0.509103625,-0.041822124,-0.460960459,-0.430755023,-0.039536763,-0.378667703,-0.38828465,-0.043237152,-0.503466706,-0.348085876,-0.064306052,-0.573770885,-0.294826311,-0.035879376,-0.490368415,-0.25473043,-0.025431863,-0.395682166,-0.230804542,-0.038124168,-0.516619879,-0.129098372,-0.072398767,-0.55588403,-0.09354834,-0.055099394,-0.471456545,-0.084509174,-0.042320414,-0.373825404,-0.071268741,-0.051693106,-0.506503588,0.065732758,-0.078787323,-0.507644026,0.088674776,-0.077236367,-0.419359436,0.092135669,-0.059059625,-0.336903545,0.083995672,-0.047893699,thumbs_up
0,0,0,-0.034151111,-0.320390493,0.003169559,-0.136590647,-0.597453754,-0.015598433,-0.228536131,-0.809394957,-0.037105498,-0.201638988,-0.977570486,-0.060808411,-0.431193097,-0.536327759,-0.043385511,-0.552796394,-0.492156326,-0.049155058,-0.472580709,-0.419620438,-0.057048392,-0.385475722,-0.380650026,-0.066318257,-0.498695348,-0.327709413,-0.060005732,-0.584499339,-0.288047442,-0.039588105,-0.503681736,-0.245010688,-0.033764038,-0.408792627,-0.220058909,-0.046115033,-0.516429364,-0.117996297,-0.06958745,-0.570342038,-0.09479852,-0.056542342,-0.492108367,-0.080451514,-0.045184463,-0.395137949,-0.068248815,-0.052948556,-0.508047972,0.070522433,-0.078381246,-0.527554375,0.089100975,-0.074812309,-0.443669696,0.096616231,-0.054575192,-0.36049505,0.090932659,-0.041337667,thumbs_up
0,0,0,-0.038031254,-0.321439203,0.007521065,-0.134240178,-0.596378686,-0.016114946,-0.217543504,-0.813859071,-0.043090972,-0.178859625,-0.981219799,-0.072228398,-0.411449012,-0.537218369,-0.045250283,-0.534993562,-0.497011502,-0.049554708,-0.455698163,-0.42059018,-0.055101304,-0.370073849,-0.380340566,-0.06225126,-0.478105451,-0.328396455,-0.063468257,-0.574692855,-0.291210953,-0.041433613,-0.495221434,-0.249378646,-0.032278063,-0.401212088,-0.225308766,-0.042112439,-0.500928077,-0.119990351,-0.07381282,-0.561709594,-0.099567023,-0.054074799,-0.488994381,-0.085719287,-0.041601755,-0.396735741,-0.072342356,-0.050030351,-0.500670772,0.061668249,-0.083125947,-0.522364729,0.072932686,-0.068153936,-0.444938209,0.084161325,-0.044673915,-0.366536225,0.083143408,-0.031440776,thumbs_up
